The system is: Linux - 6.1.0-50-amd64 - x86_64
Compiling the C compiler identification source file "CMakeCCompilerId.c" succeeded.
Compiler: /usr/bin/cc 
Build flags: 
Id flags:  

The output was:
0


Compilation of the C compiler identification source "CMakeCCompilerId.c" produced "a.out"

The C compiler identification is GNU, found in "/home/vitaliy/scand/build/CMakeFiles/3.25.1/CompilerIdC/a.out"

Compiling the CXX compiler identification source file "CMakeCXXCompilerId.cpp" succeeded.
Compiler: /usr/bin/c++ 
Build flags: 
Id flags:  

The output was:
0


Compilation of the CXX compiler identification source "CMakeCXXCompilerId.cpp" produced "a.out"

The CXX compiler identification is GNU, found in "/home/vitaliy/scand/build/CMakeFiles/3.25.1/CompilerIdCXX/a.out"

Detecting C compiler ABI info compiled with the following output:
Change Dir: /home/vitaliy/scand/build/CMakeFiles/CMakeScratch/TryCompile-k91wEF

Run Build Command(s):/usr/bin/gmake -f Makefile cmTC_0eeaa/fast && /usr/bin/gmake  -f CMakeFiles/cmTC_0eeaa.dir/build.make CMakeFiles/cmTC_0eeaa.dir/build
gmake[1]: Entering directory '/home/vitaliy/scand/build/CMakeFiles/CMakeScratch/TryCompile-k91wEF'
Building C object CMakeFiles/cmTC_0eeaa.dir/CMakeCCompilerABI.c.o
/usr/bin/cc   -v -o CMakeFiles/cmTC_0eeaa.dir/CMakeCCompilerABI.c.o -c /usr/share/cmake-3.25/Modules/CMakeCCompilerABI.c
Using built-in specs.
COLLECT_GCC=/usr/bin/cc
OFFLOAD_TARGET_NAMES=nvptx-none:amdgcn-amdhsa
OFFLOAD_TARGET_DEFAULT=1
Target: x86_64-linux-gnu
Configured with: ../src/configure -v --with-pkgversion='Debian 12.2.0-14+deb12u1' --with-bugurl=file:///usr/share/doc/gcc-12/README.Bugs --enable-languages=c,ada,c++,go,d,fortran,objc,obj-c++,m2 --prefix=/usr --with-gcc-major-version-only --program-suffix=-12 --program-prefix=x86_64-linux-gnu- --enable-shared --enable-linker-build-id --libexecdir=/usr/lib --without-included-gettext --enable-threads=posix --libdir=/usr/lib --enable-nls --enable-clocale=gnu --enable-libstdcxx-debug --enable-libstdcxx-time=yes --with-default-libstdcxx-abi=new --enable-gnu-unique-object --disable-vtable-verify --enable-plugin --enable-default-pie --with-system-zlib --enable-libphobos-checking=release --with-target-system-zlib=auto --enable-objc-gc=auto --enable-multiarch --disable-werror --enable-cet --with-arch-32=i686 --with-abi=m64 --with-multilib-list=m32,m64,mx32 --enable-multilib --with-tune=generic --enable-offload-targets=nvptx-none=/build/reproducible-path/gcc-12-12.2.0/debian/tmp-nvptx/usr,amdgcn-amdhsa=/build/reproducible-path/gcc-12-12.2.0/debian/tmp-gcn/usr --enable-offload-defaulted --without-cuda-driver --enable-checking=release --build=x86_64-linux-gnu --host=x86_64-linux-gnu --target=x86_64-linux-gnu
Thread model: posix
Supported LTO compression algorithms: zlib zstd
gcc version 12.2.0 (Debian 12.2.0-14+deb12u1) 
COLLECT_GCC_OPTIONS='-v' '-o' 'CMakeFiles/cmTC_0eeaa.dir/CMakeCCompilerABI.c.o' '-c' '-mtune=generic' '-march=x86-64' '-dumpdir' 'CMakeFiles/cmTC_0eeaa.dir/'
 /usr/lib/gcc/x86_64-linux-gnu/12/cc1 -quiet -v -imultiarch x86_64-linux-gnu /usr/share/cmake-3.25/Modules/CMakeCCompilerABI.c -quiet -dumpdir CMakeFiles/cmTC_0eeaa.dir/ -dumpbase CMakeCCompilerABI.c.c -dumpbase-ext .c -mtune=generic -march=x86-64 -version -fasynchronous-unwind-tables -o /tmp/ccQEhxPc.s
GNU C17 (Debian 12.2.0-14+deb12u1) version 12.2.0 (x86_64-linux-gnu)
	compiled by GNU C version 12.2.0, GMP version 6.2.1, MPFR version 4.2.0, MPC version 1.3.1, isl version isl-0.25-GMP

GGC heuristics: --param ggc-min-expand=100 --param ggc-min-heapsize=131072
ignoring nonexistent directory "/usr/local/include/x86_64-linux-gnu"
ignoring nonexistent directory "/usr/lib/gcc/x86_64-linux-gnu/12/include-fixed"
ignoring nonexistent directory "/usr/lib/gcc/x86_64-linux-gnu/12/../../../../x86_64-linux-gnu/include"
#include "..." search starts here:
#include <...> search starts here:
 /usr/lib/gcc/x86_64-linux-gnu/12/include
 /usr/local/include
 /usr/include/x86_64-linux-gnu
 /usr/include
End of search list.
GNU C17 (Debian 12.2.0-14+deb12u1) version 12.2.0 (x86_64-linux-gnu)
	compiled by GNU C version 12.2.0, GMP version 6.2.1, MPFR version 4.2.0, MPC version 1.3.1, isl version isl-0.25-GMP

GGC heuristics: --param ggc-min-expand=100 --param ggc-min-heapsize=131072
Compiler executable checksum: df5cb71f7b1353aac39c2b59ae45fa4a
COLLECT_GCC_OPTIONS='-v' '-o' 'CMakeFiles/cmTC_0eeaa.dir/CMakeCCompilerABI.c.o' '-c' '-mtune=generic' '-march=x86-64' '-dumpdir' 'CMakeFiles/cmTC_0eeaa.dir/'
 as -v --64 -o CMakeFiles/cmTC_0eeaa.dir/CMakeCCompilerABI.c.o /tmp/ccQEhxPc.s
GNU assembler version 2.40 (x86_64-linux-gnu) using BFD version (GNU Binutils for Debian) 2.40
COMPILER_PATH=/usr/lib/gcc/x86_64-linux-gnu/12/:/usr/lib/gcc/x86_64-linux-gnu/12/:/usr/lib/gcc/x86_64-linux-gnu/:/usr/lib/gcc/x86_64-linux-gnu/12/:/usr/lib/gcc/x86_64-linux-gnu/
LIBRARY_PATH=/usr/lib/gcc/x86_64-linux-gnu/12/:/usr/lib/gcc/x86_64-linux-gnu/12/../../../x86_64-linux-gnu/:/usr/lib/gcc/x86_64-linux-gnu/12/../../../../lib/:/lib/x86_64-linux-gnu/:/lib/../lib/:/usr/lib/x86_64-linux-gnu/:/usr/lib/../lib/:/usr/lib/gcc/x86_64-linux-gnu/12/../../../:/lib/:/usr/lib/
COLLECT_GCC_OPTIONS='-v' '-o' 'CMakeFiles/cmTC_0eeaa.dir/CMakeCCompilerABI.c.o' '-c' '-mtune=generic' '-march=x86-64' '-dumpdir' 'CMakeFiles/cmTC_0eeaa.dir/CMakeCCompilerABI.c.'
Linking C executable cmTC_0eeaa
/usr/bin/cmake -E cmake_link_script CMakeFiles/cmTC_0eeaa.dir/link.txt --verbose=1
/usr/bin/cc  -v CMakeFiles/cmTC_0eeaa.dir/CMakeCCompilerABI.c.o -o cmTC_0eeaa 
Using built-in specs.
COLLECT_GCC=/usr/bin/cc
COLLECT_LTO_WRAPPER=/usr/lib/gcc/x86_64-linux-gnu/12/lto-wrapper
OFFLOAD_TARGET_NAMES=nvptx-none:amdgcn-amdhsa
OFFLOAD_TARGET_DEFAULT=1
Target: x86_64-linux-gnu
Configured with: ../src/configure -v --with-pkgversion='Debian 12.2.0-14+deb12u1' --with-bugurl=file:///usr/share/doc/gcc-12/README.Bugs --enable-languages=c,ada,c++,go,d,fortran,objc,obj-c++,m2 --prefix=/usr --with-gcc-major-version-only --program-suffix=-12 --program-prefix=x86_64-linux-gnu- --enable-shared --enable-linker-build-id --libexecdir=/usr/lib --without-included-gettext --enable-threads=posix --libdir=/usr/lib --enable-nls --enable-clocale=gnu --enable-libstdcxx-debug --enable-libstdcxx-time=yes --with-default-libstdcxx-abi=new --enable-gnu-unique-object --disable-vtable-verify --enable-plugin --enable-default-pie --with-system-zlib --enable-libphobos-checking=release --with-target-system-zlib=auto --enable-objc-gc=auto --enable-multiarch --disable-werror --enable-cet --with-arch-32=i686 --with-abi=m64 --with-multilib-list=m32,m64,mx32 --enable-multilib --with-tune=generic --enable-offload-targets=nvptx-none=/build/reproducible-path/gcc-12-12.2.0/debian/tmp-nvptx/usr,amdgcn-amdhsa=/build/reproducible-path/gcc-12-12.2.0/debian/tmp-gcn/usr --enable-offload-defaulted --without-cuda-driver --enable-checking=release --build=x86_64-linux-gnu --host=x86_64-linux-gnu --target=x86_64-linux-gnu
Thread model: posix
Supported LTO compression algorithms: zlib zstd
gcc version 12.2.0 (Debian 12.2.0-14+deb12u1) 
COMPILER_PATH=/usr/lib/gcc/x86_64-linux-gnu/12/:/usr/lib/gcc/x86_64-linux-gnu/12/:/usr/lib/gcc/x86_64-linux-gnu/:/usr/lib/gcc/x86_64-linux-gnu/12/:/usr/lib/gcc/x86_64-linux-gnu/
LIBRARY_PATH=/usr/lib/gcc/x86_64-linux-gnu/12/:/usr/lib/gcc/x86_64-linux-gnu/12/../../../x86_64-linux-gnu/:/usr/lib/gcc/x86_64-linux-gnu/12/../../../../lib/:/lib/x86_64-linux-gnu/:/lib/../lib/:/usr/lib/x86_64-linux-gnu/:/usr/lib/../lib/:/usr/lib/gcc/x86_64-linux-gnu/12/../../../:/lib/:/usr/lib/
COLLECT_GCC_OPTIONS='-v' '-o' 'cmTC_0eeaa' '-mtune=generic' '-march=x86-64' '-dumpdir' 'cmTC_0eeaa.'
 /usr/lib/gcc/x86_64-linux-gnu/12/collect2 -plugin /usr/lib/gcc/x86_64-linux-gnu/12/liblto_plugin.so -plugin-opt=/usr/lib/gcc/x86_64-linux-gnu/12/lto-wrapper -plugin-opt=-fresolution=/tmp/ccjLDgtl.res -plugin-opt=-pass-through=-lgcc -plugin-opt=-pass-through=-lgcc_s -plugin-opt=-pass-through=-lc -plugin-opt=-pass-through=-lgcc -plugin-opt=-pass-through=-lgcc_s --build-id --eh-frame-hdr -m elf_x86_64 --hash-style=gnu --as-needed -dynamic-linker /lib64/ld-linux-x86-64.so.2 -pie -o cmTC_0eeaa /usr/lib/gcc/x86_64-linux-gnu/12/../../../x86_64-linux-gnu/Scrt1.o /usr/lib/gcc/x86_64-linux-gnu/12/../../../x86_64-linux-gnu/crti.o /usr/lib/gcc/x86_64-linux-gnu/12/crtbeginS.o -L/usr/lib/gcc/x86_64-linux-gnu/12 -L/usr/lib/gcc/x86_64-linux-gnu/12/../../../x86_64-linux-gnu -L/usr/lib/gcc/x86_64-linux-gnu/12/../../../../lib -L/lib/x86_64-linux-gnu -L/lib/../lib -L/usr/lib/x86_64-linux-gnu -L/usr/lib/../lib -L/usr/lib/gcc/x86_64-linux-gnu/12/../../.. CMakeFiles/cmTC_0eeaa.dir/CMakeCCompilerABI.c.o -lgcc --push-state --as-needed -lgcc_s --pop-state -lc -lgcc --push-state --as-needed -lgcc_s --pop-state /usr/lib/gcc/x86_64-linux-gnu/12/crtendS.o /usr/lib/gcc/x86_64-linux-gnu/12/../../../x86_64-linux-gnu/crtn.o
COLLECT_GCC_OPTIONS='-v' '-o' 'cmTC_0eeaa' '-mtune=generic' '-march=x86-64' '-dumpdir' 'cmTC_0eeaa.'
gmake[1]: Leaving directory '/home/vitaliy/scand/build/CMakeFiles/CMakeScratch/TryCompile-k91wEF'



Parsed C implicit include dir info from above output: rv=done
  found start of include info
  found start of implicit include info
    add: [/usr/lib/gcc/x86_64-linux-gnu/12/include]
    add: [/usr/local/include]
    add: [/usr/include/x86_64-linux-gnu]
    add: [/usr/include]
  end of search list found
  collapse include dir [/usr/lib/gcc/x86_64-linux-gnu/12/include] ==> [/usr/lib/gcc/x86_64-linux-gnu/12/include]
  collapse include dir [/usr/local/include] ==> [/usr/local/include]
  collapse include dir [/usr/include/x86_64-linux-gnu] ==> [/usr/include/x86_64-linux-gnu]
  collapse include dir [/usr/include] ==> [/usr/include]
  implicit include dirs: [/usr/lib/gcc/x86_64-linux-gnu/12/include;/usr/local/include;/usr/include/x86_64-linux-gnu;/usr/include]


Parsed C implicit link information from above output:
  link line regex: [^( *|.*[/\])(ld|CMAKE_LINK_STARTFILE-NOTFOUND|([^/\]+-)?ld|collect2)[^/\]*( |$)]
  ignore line: [Change Dir: /home/vitaliy/scand/build/CMakeFiles/CMakeScratch/TryCompile-k91wEF]
  ignore line: []
  ignore line: [Run Build Command(s):/usr/bin/gmake -f Makefile cmTC_0eeaa/fast && /usr/bin/gmake  -f CMakeFiles/cmTC_0eeaa.dir/build.make CMakeFiles/cmTC_0eeaa.dir/build]
  ignore line: [gmake[1]: Entering directory '/home/vitaliy/scand/build/CMakeFiles/CMakeScratch/TryCompile-k91wEF']
  ignore line: [Building C object CMakeFiles/cmTC_0eeaa.dir/CMakeCCompilerABI.c.o]
  ignore line: [/usr/bin/cc   -v -o CMakeFiles/cmTC_0eeaa.dir/CMakeCCompilerABI.c.o -c /usr/share/cmake-3.25/Modules/CMakeCCompilerABI.c]
  ignore line: [Using built-in specs.]
  ignore line: [COLLECT_GCC=/usr/bin/cc]
  ignore line: [OFFLOAD_TARGET_NAMES=nvptx-none:amdgcn-amdhsa]
  ignore line: [OFFLOAD_TARGET_DEFAULT=1]
  ignore line: [Target: x86_64-linux-gnu]
  ignore line: [Configured with: ../src/configure -v --with-pkgversion='Debian 12.2.0-14+deb12u1' --with-bugurl=file:///usr/share/doc/gcc-12/README.Bugs --enable-languages=c ada c++ go d fortran objc obj-c++ m2 --prefix=/usr --with-gcc-major-version-only --program-suffix=-12 --program-prefix=x86_64-linux-gnu- --enable-shared --enable-linker-build-id --libexecdir=/usr/lib --without-included-gettext --enable-threads=posix --libdir=/usr/lib --enable-nls --enable-clocale=gnu --enable-libstdcxx-debug --enable-libstdcxx-time=yes --with-default-libstdcxx-abi=new --enable-gnu-unique-object --disable-vtable-verify --enable-plugin --enable-default-pie --with-system-zlib --enable-libphobos-checking=release --with-target-system-zlib=auto --enable-objc-gc=auto --enable-multiarch --disable-werror --enable-cet --with-arch-32=i686 --with-abi=m64 --with-multilib-list=m32 m64 mx32 --enable-multilib --with-tune=generic --enable-offload-targets=nvptx-none=/build/reproducible-path/gcc-12-12.2.0/debian/tmp-nvptx/usr amdgcn-amdhsa=/build/reproducible-path/gcc-12-12.2.0/debian/tmp-gcn/usr --enable-offload-defaulted --without-cuda-driver --enable-checking=release --build=x86_64-linux-gnu --host=x86_64-linux-gnu --target=x86_64-linux-gnu]
  ignore line: [Thread model: posix]
  ignore line: [Supported LTO compression algorithms: zlib zstd]
  ignore line: [gcc version 12.2.0 (Debian 12.2.0-14+deb12u1) ]
  ignore line: [COLLECT_GCC_OPTIONS='-v' '-o' 'CMakeFiles/cmTC_0eeaa.dir/CMakeCCompilerABI.c.o' '-c' '-mtune=generic' '-march=x86-64' '-dumpdir' 'CMakeFiles/cmTC_0eeaa.dir/']
  ignore line: [ /usr/lib/gcc/x86_64-linux-gnu/12/cc1 -quiet -v -imultiarch x86_64-linux-gnu /usr/share/cmake-3.25/Modules/CMakeCCompilerABI.c -quiet -dumpdir CMakeFiles/cmTC_0eeaa.dir/ -dumpbase CMakeCCompilerABI.c.c -dumpbase-ext .c -mtune=generic -march=x86-64 -version -fasynchronous-unwind-tables -o /tmp/ccQEhxPc.s]
  ignore line: [GNU C17 (Debian 12.2.0-14+deb12u1) version 12.2.0 (x86_64-linux-gnu)]
  ignore line: [	compiled by GNU C version 12.2.0  GMP version 6.2.1  MPFR version 4.2.0  MPC version 1.3.1  isl version isl-0.25-GMP]
  ignore line: []
  ignore line: [GGC heuristics: --param ggc-min-expand=100 --param ggc-min-heapsize=131072]
  ignore line: [ignoring nonexistent directory "/usr/local/include/x86_64-linux-gnu"]
  ignore line: [ignoring nonexistent directory "/usr/lib/gcc/x86_64-linux-gnu/12/include-fixed"]
  ignore line: [ignoring nonexistent directory "/usr/lib/gcc/x86_64-linux-gnu/12/../../../../x86_64-linux-gnu/include"]
  ignore line: [#include "..." search starts here:]
  ignore line: [#include <...> search starts here:]
  ignore line: [ /usr/lib/gcc/x86_64-linux-gnu/12/include]
  ignore line: [ /usr/local/include]
  ignore line: [ /usr/include/x86_64-linux-gnu]
  ignore line: [ /usr/include]
  ignore line: [End of search list.]
  ignore line: [GNU C17 (Debian 12.2.0-14+deb12u1) version 12.2.0 (x86_64-linux-gnu)]
  ignore line: [	compiled by GNU C version 12.2.0  GMP version 6.2.1  MPFR version 4.2.0  MPC version 1.3.1  isl version isl-0.25-GMP]
  ignore line: []
  ignore line: [GGC heuristics: --param ggc-min-expand=100 --param ggc-min-heapsize=131072]
  ignore line: [Compiler executable checksum: df5cb71f7b1353aac39c2b59ae45fa4a]
  ignore line: [COLLECT_GCC_OPTIONS='-v' '-o' 'CMakeFiles/cmTC_0eeaa.dir/CMakeCCompilerABI.c.o' '-c' '-mtune=generic' '-march=x86-64' '-dumpdir' 'CMakeFiles/cmTC_0eeaa.dir/']
  ignore line: [ as -v --64 -o CMakeFiles/cmTC_0eeaa.dir/CMakeCCompilerABI.c.o /tmp/ccQEhxPc.s]
  ignore line: [GNU assembler version 2.40 (x86_64-linux-gnu) using BFD version (GNU Binutils for Debian) 2.40]
  ignore line: [COMPILER_PATH=/usr/lib/gcc/x86_64-linux-gnu/12/:/usr/lib/gcc/x86_64-linux-gnu/12/:/usr/lib/gcc/x86_64-linux-gnu/:/usr/lib/gcc/x86_64-linux-gnu/12/:/usr/lib/gcc/x86_64-linux-gnu/]
  ignore line: [LIBRARY_PATH=/usr/lib/gcc/x86_64-linux-gnu/12/:/usr/lib/gcc/x86_64-linux-gnu/12/../../../x86_64-linux-gnu/:/usr/lib/gcc/x86_64-linux-gnu/12/../../../../lib/:/lib/x86_64-linux-gnu/:/lib/../lib/:/usr/lib/x86_64-linux-gnu/:/usr/lib/../lib/:/usr/lib/gcc/x86_64-linux-gnu/12/../../../:/lib/:/usr/lib/]
  ignore line: [COLLECT_GCC_OPTIONS='-v' '-o' 'CMakeFiles/cmTC_0eeaa.dir/CMakeCCompilerABI.c.o' '-c' '-mtune=generic' '-march=x86-64' '-dumpdir' 'CMakeFiles/cmTC_0eeaa.dir/CMakeCCompilerABI.c.']
  ignore line: [Linking C executable cmTC_0eeaa]
  ignore line: [/usr/bin/cmake -E cmake_link_script CMakeFiles/cmTC_0eeaa.dir/link.txt --verbose=1]
  ignore line: [/usr/bin/cc  -v CMakeFiles/cmTC_0eeaa.dir/CMakeCCompilerABI.c.o -o cmTC_0eeaa ]
  ignore line: [Using built-in specs.]
  ignore line: [COLLECT_GCC=/usr/bin/cc]
  ignore line: [COLLECT_LTO_WRAPPER=/usr/lib/gcc/x86_64-linux-gnu/12/lto-wrapper]
  ignore line: [OFFLOAD_TARGET_NAMES=nvptx-none:amdgcn-amdhsa]
  ignore line: [OFFLOAD_TARGET_DEFAULT=1]
  ignore line: [Target: x86_64-linux-gnu]
  ignore line: [Configured with: ../src/configure -v --with-pkgversion='Debian 12.2.0-14+deb12u1' --with-bugurl=file:///usr/share/doc/gcc-12/README.Bugs --enable-languages=c ada c++ go d fortran objc obj-c++ m2 --prefix=/usr --with-gcc-major-version-only --program-suffix=-12 --program-prefix=x86_64-linux-gnu- --enable-shared --enable-linker-build-id --libexecdir=/usr/lib --without-included-gettext --enable-threads=posix --libdir=/usr/lib --enable-nls --enable-clocale=gnu --enable-libstdcxx-debug --enable-libstdcxx-time=yes --with-default-libstdcxx-abi=new --enable-gnu-unique-object --disable-vtable-verify --enable-plugin --enable-default-pie --with-system-zlib --enable-libphobos-checking=release --with-target-system-zlib=auto --enable-objc-gc=auto --enable-multiarch --disable-werror --enable-cet --with-arch-32=i686 --with-abi=m64 --with-multilib-list=m32 m64 mx32 --enable-multilib --with-tune=generic --enable-offload-targets=nvptx-none=/build/reproducible-path/gcc-12-12.2.0/debian/tmp-nvptx/usr amdgcn-amdhsa=/build/reproducible-path/gcc-12-12.2.0/debian/tmp-gcn/usr --enable-offload-defaulted --without-cuda-driver --enable-checking=release --build=x86_64-linux-gnu --host=x86_64-linux-gnu --target=x86_64-linux-gnu]
  ignore line: [Thread model: posix]
  ignore line: [Supported LTO compression algorithms: zlib zstd]
  ignore line: [gcc version 12.2.0 (Debian 12.2.0-14+deb12u1) ]
  ignore line: [COMPILER_PATH=/usr/lib/gcc/x86_64-linux-gnu/12/:/usr/lib/gcc/x86_64-linux-gnu/12/:/usr/lib/gcc/x86_64-linux-gnu/:/usr/lib/gcc/x86_64-linux-gnu/12/:/usr/lib/gcc/x86_64-linux-gnu/]
  ignore line: [LIBRARY_PATH=/usr/lib/gcc/x86_64-linux-gnu/12/:/usr/lib/gcc/x86_64-linux-gnu/12/../../../x86_64-linux-gnu/:/usr/lib/gcc/x86_64-linux-gnu/12/../../../../lib/:/lib/x86_64-linux-gnu/:/lib/../lib/:/usr/lib/x86_64-linux-gnu/:/usr/lib/../lib/:/usr/lib/gcc/x86_64-linux-gnu/12/../../../:/lib/:/usr/lib/]
  ignore line: [COLLECT_GCC_OPTIONS='-v' '-o' 'cmTC_0eeaa' '-mtune=generic' '-march=x86-64' '-dumpdir' 'cmTC_0eeaa.']
  link line: [ /usr/lib/gcc/x86_64-linux-gnu/12/collect2 -plugin /usr/lib/gcc/x86_64-linux-gnu/12/liblto_plugin.so -plugin-opt=/usr/lib/gcc/x86_64-linux-gnu/12/lto-wrapper -plugin-opt=-fresolution=/tmp/ccjLDgtl.res -plugin-opt=-pass-through=-lgcc -plugin-opt=-pass-through=-lgcc_s -plugin-opt=-pass-through=-lc -plugin-opt=-pass-through=-lgcc -plugin-opt=-pass-through=-lgcc_s --build-id --eh-frame-hdr -m elf_x86_64 --hash-style=gnu --as-needed -dynamic-linker /lib64/ld-linux-x86-64.so.2 -pie -o cmTC_0eeaa /usr/lib/gcc/x86_64-linux-gnu/12/../../../x86_64-linux-gnu/Scrt1.o /usr/lib/gcc/x86_64-linux-gnu/12/../../../x86_64-linux-gnu/crti.o /usr/lib/gcc/x86_64-linux-gnu/12/crtbeginS.o -L/usr/lib/gcc/x86_64-linux-gnu/12 -L/usr/lib/gcc/x86_64-linux-gnu/12/../../../x86_64-linux-gnu -L/usr/lib/gcc/x86_64-linux-gnu/12/../../../../lib -L/lib/x86_64-linux-gnu -L/lib/../lib -L/usr/lib/x86_64-linux-gnu -L/usr/lib/../lib -L/usr/lib/gcc/x86_64-linux-gnu/12/../../.. CMakeFiles/cmTC_0eeaa.dir/CMakeCCompilerABI.c.o -lgcc --push-state --as-needed -lgcc_s --pop-state -lc -lgcc --push-state --as-needed -lgcc_s --pop-state /usr/lib/gcc/x86_64-linux-gnu/12/crtendS.o /usr/lib/gcc/x86_64-linux-gnu/12/../../../x86_64-linux-gnu/crtn.o]
    arg [/usr/lib/gcc/x86_64-linux-gnu/12/collect2] ==> ignore
    arg [-plugin] ==> ignore
    arg [/usr/lib/gcc/x86_64-linux-gnu/12/liblto_plugin.so] ==> ignore
    arg [-plugin-opt=/usr/lib/gcc/x86_64-linux-gnu/12/lto-wrapper] ==> ignore
    arg [-plugin-opt=-fresolution=/tmp/ccjLDgtl.res] ==> ignore
    arg [-plugin-opt=-pass-through=-lgcc] ==> ignore
    arg [-plugin-opt=-pass-through=-lgcc_s] ==> ignore
    arg [-plugin-opt=-pass-through=-lc] ==> ignore
    arg [-plugin-opt=-pass-through=-lgcc] ==> ignore
    arg [-plugin-opt=-pass-through=-lgcc_s] ==> ignore
    arg [--build-id] ==> ignore
    arg [--eh-frame-hdr] ==> ignore
    arg [-m] ==> ignore
    arg [elf_x86_64] ==> ignore
    arg [--hash-style=gnu] ==> ignore
    arg [--as-needed] ==> ignore
    arg [-dynamic-linker] ==> ignore
    arg [/lib64/ld-linux-x86-64.so.2] ==> ignore
    arg [-pie] ==> ignore
    arg [-o] ==> ignore
    arg [cmTC_0eeaa] ==> ignore
    arg [/usr/lib/gcc/x86_64-linux-gnu/12/../../../x86_64-linux-gnu/Scrt1.o] ==> obj [/usr/lib/gcc/x86_64-linux-gnu/12/../../../x86_64-linux-gnu/Scrt1.o]
    arg [/usr/lib/gcc/x86_64-linux-gnu/12/../../../x86_64-linux-gnu/crti.o] ==> obj [/usr/lib/gcc/x86_64-linux-gnu/12/../../../x86_64-linux-gnu/crti.o]
    arg [/usr/lib/gcc/x86_64-linux-gnu/12/crtbeginS.o] ==> obj [/usr/lib/gcc/x86_64-linux-gnu/12/crtbeginS.o]
    arg [-L/usr/lib/gcc/x86_64-linux-gnu/12] ==> dir [/usr/lib/gcc/x86_64-linux-gnu/12]
    arg [-L/usr/lib/gcc/x86_64-linux-gnu/12/../../../x86_64-linux-gnu] ==> dir [/usr/lib/gcc/x86_64-linux-gnu/12/../../../x86_64-linux-gnu]
    arg [-L/usr/lib/gcc/x86_64-linux-gnu/12/../../../../lib] ==> dir [/usr/lib/gcc/x86_64-linux-gnu/12/../../../../lib]
    arg [-L/lib/x86_64-linux-gnu] ==> dir [/lib/x86_64-linux-gnu]
    arg [-L/lib/../lib] ==> dir [/lib/../lib]
    arg [-L/usr/lib/x86_64-linux-gnu] ==> dir [/usr/lib/x86_64-linux-gnu]
    arg [-L/usr/lib/../lib] ==> dir [/usr/lib/../lib]
    arg [-L/usr/lib/gcc/x86_64-linux-gnu/12/../../..] ==> dir [/usr/lib/gcc/x86_64-linux-gnu/12/../../..]
    arg [CMakeFiles/cmTC_0eeaa.dir/CMakeCCompilerABI.c.o] ==> ignore
    arg [-lgcc] ==> lib [gcc]
    arg [--push-state] ==> ignore
    arg [--as-needed] ==> ignore
    arg [-lgcc_s] ==> lib [gcc_s]
    arg [--pop-state] ==> ignore
    arg [-lc] ==> lib [c]
    arg [-lgcc] ==> lib [gcc]
    arg [--push-state] ==> ignore
    arg [--as-needed] ==> ignore
    arg [-lgcc_s] ==> lib [gcc_s]
    arg [--pop-state] ==> ignore
    arg [/usr/lib/gcc/x86_64-linux-gnu/12/crtendS.o] ==> obj [/usr/lib/gcc/x86_64-linux-gnu/12/crtendS.o]
    arg [/usr/lib/gcc/x86_64-linux-gnu/12/../../../x86_64-linux-gnu/crtn.o] ==> obj [/usr/lib/gcc/x86_64-linux-gnu/12/../../../x86_64-linux-gnu/crtn.o]
  collapse obj [/usr/lib/gcc/x86_64-linux-gnu/12/../../../x86_64-linux-gnu/Scrt1.o] ==> [/usr/lib/x86_64-linux-gnu/Scrt1.o]
  collapse obj [/usr/lib/gcc/x86_64-linux-gnu/12/../../../x86_64-linux-gnu/crti.o] ==> [/usr/lib/x86_64-linux-gnu/crti.o]
  collapse obj [/usr/lib/gcc/x86_64-linux-gnu/12/../../../x86_64-linux-gnu/crtn.o] ==> [/usr/lib/x86_64-linux-gnu/crtn.o]
  collapse library dir [/usr/lib/gcc/x86_64-linux-gnu/12] ==> [/usr/lib/gcc/x86_64-linux-gnu/12]
  collapse library dir [/usr/lib/gcc/x86_64-linux-gnu/12/../../../x86_64-linux-gnu] ==> [/usr/lib/x86_64-linux-gnu]
  collapse library dir [/usr/lib/gcc/x86_64-linux-gnu/12/../../../../lib] ==> [/usr/lib]
  collapse library dir [/lib/x86_64-linux-gnu] ==> [/lib/x86_64-linux-gnu]
  collapse library dir [/lib/../lib] ==> [/lib]
  collapse library dir [/usr/lib/x86_64-linux-gnu] ==> [/usr/lib/x86_64-linux-gnu]
  collapse library dir [/usr/lib/../lib] ==> [/usr/lib]
  collapse library dir [/usr/lib/gcc/x86_64-linux-gnu/12/../../..] ==> [/usr/lib]
  implicit libs: [gcc;gcc_s;c;gcc;gcc_s]
  implicit objs: [/usr/lib/x86_64-linux-gnu/Scrt1.o;/usr/lib/x86_64-linux-gnu/crti.o;/usr/lib/gcc/x86_64-linux-gnu/12/crtbeginS.o;/usr/lib/gcc/x86_64-linux-gnu/12/crtendS.o;/usr/lib/x86_64-linux-gnu/crtn.o]
  implicit dirs: [/usr/lib/gcc/x86_64-linux-gnu/12;/usr/lib/x86_64-linux-gnu;/usr/lib;/lib/x86_64-linux-gnu;/lib]
  implicit fwks: []


Detecting CXX compiler ABI info compiled with the following output:
Change Dir: /home/vitaliy/scand/build/CMakeFiles/CMakeScratch/TryCompile-3wIl6e

Run Build Command(s):/usr/bin/gmake -f Makefile cmTC_9ea96/fast && /usr/bin/gmake  -f CMakeFiles/cmTC_9ea96.dir/build.make CMakeFiles/cmTC_9ea96.dir/build
gmake[1]: Entering directory '/home/vitaliy/scand/build/CMakeFiles/CMakeScratch/TryCompile-3wIl6e'
Building CXX object CMakeFiles/cmTC_9ea96.dir/CMakeCXXCompilerABI.cpp.o
/usr/bin/c++   -v -o CMakeFiles/cmTC_9ea96.dir/CMakeCXXCompilerABI.cpp.o -c /usr/share/cmake-3.25/Modules/CMakeCXXCompilerABI.cpp
Using built-in specs.
COLLECT_GCC=/usr/bin/c++
OFFLOAD_TARGET_NAMES=nvptx-none:amdgcn-amdhsa
OFFLOAD_TARGET_DEFAULT=1
Target: x86_64-linux-gnu
Configured with: ../src/configure -v --with-pkgversion='Debian 12.2.0-14+deb12u1' --with-bugurl=file:///usr/share/doc/gcc-12/README.Bugs --enable-languages=c,ada,c++,go,d,fortran,objc,obj-c++,m2 --prefix=/usr --with-gcc-major-version-only --program-suffix=-12 --program-prefix=x86_64-linux-gnu- --enable-shared --enable-linker-build-id --libexecdir=/usr/lib --without-included-gettext --enable-threads=posix --libdir=/usr/lib --enable-nls --enable-clocale=gnu --enable-libstdcxx-debug --enable-libstdcxx-time=yes --with-default-libstdcxx-abi=new --enable-gnu-unique-object --disable-vtable-verify --enable-plugin --enable-default-pie --with-system-zlib --enable-libphobos-checking=release --with-target-system-zlib=auto --enable-objc-gc=auto --enable-multiarch --disable-werror --enable-cet --with-arch-32=i686 --with-abi=m64 --with-multilib-list=m32,m64,mx32 --enable-multilib --with-tune=generic --enable-offload-targets=nvptx-none=/build/reproducible-path/gcc-12-12.2.0/debian/tmp-nvptx/usr,amdgcn-amdhsa=/build/reproducible-path/gcc-12-12.2.0/debian/tmp-gcn/usr --enable-offload-defaulted --without-cuda-driver --enable-checking=release --build=x86_64-linux-gnu --host=x86_64-linux-gnu --target=x86_64-linux-gnu
Thread model: posix
Supported LTO compression algorithms: zlib zstd
gcc version 12.2.0 (Debian 12.2.0-14+deb12u1) 
COLLECT_GCC_OPTIONS='-v' '-o' 'CMakeFiles/cmTC_9ea96.dir/CMakeCXXCompilerABI.cpp.o' '-c' '-shared-libgcc' '-mtune=generic' '-march=x86-64' '-dumpdir' 'CMakeFiles/cmTC_9ea96.dir/'
 /usr/lib/gcc/x86_64-linux-gnu/12/cc1plus -quiet -v -imultiarch x86_64-linux-gnu -D_GNU_SOURCE /usr/share/cmake-3.25/Modules/CMakeCXXCompilerABI.cpp -quiet -dumpdir CMakeFiles/cmTC_9ea96.dir/ -dumpbase CMakeCXXCompilerABI.cpp.cpp -dumpbase-ext .cpp -mtune=generic -march=x86-64 -version -fasynchronous-unwind-tables -o /tmp/ccDLfvMT.s
GNU C++17 (Debian 12.2.0-14+deb12u1) version 12.2.0 (x86_64-linux-gnu)
	compiled by GNU C version 12.2.0, GMP version 6.2.1, MPFR version 4.2.0, MPC version 1.3.1, isl version isl-0.25-GMP

GGC heuristics: --param ggc-min-expand=100 --param ggc-min-heapsize=131072
ignoring duplicate directory "/usr/include/x86_64-linux-gnu/c++/12"
ignoring nonexistent directory "/usr/local/include/x86_64-linux-gnu"
ignoring nonexistent directory "/usr/lib/gcc/x86_64-linux-gnu/12/include-fixed"
ignoring nonexistent directory "/usr/lib/gcc/x86_64-linux-gnu/12/../../../../x86_64-linux-gnu/include"
#include "..." search starts here:
#include <...> search starts here:
 /usr/include/c++/12
 /usr/include/x86_64-linux-gnu/c++/12
 /usr/include/c++/12/backward
 /usr/lib/gcc/x86_64-linux-gnu/12/include
 /usr/local/include
 /usr/include/x86_64-linux-gnu
 /usr/include
End of search list.
GNU C++17 (Debian 12.2.0-14+deb12u1) version 12.2.0 (x86_64-linux-gnu)
	compiled by GNU C version 12.2.0, GMP version 6.2.1, MPFR version 4.2.0, MPC version 1.3.1, isl version isl-0.25-GMP

GGC heuristics: --param ggc-min-expand=100 --param ggc-min-heapsize=131072
Compiler executable checksum: 18a4c0b3348b838f5ec9d956298050ac
COLLECT_GCC_OPTIONS='-v' '-o' 'CMakeFiles/cmTC_9ea96.dir/CMakeCXXCompilerABI.cpp.o' '-c' '-shared-libgcc' '-mtune=generic' '-march=x86-64' '-dumpdir' 'CMakeFiles/cmTC_9ea96.dir/'
 as -v --64 -o CMakeFiles/cmTC_9ea96.dir/CMakeCXXCompilerABI.cpp.o /tmp/ccDLfvMT.s
GNU assembler version 2.40 (x86_64-linux-gnu) using BFD version (GNU Binutils for Debian) 2.40
COMPILER_PATH=/usr/lib/gcc/x86_64-linux-gnu/12/:/usr/lib/gcc/x86_64-linux-gnu/12/:/usr/lib/gcc/x86_64-linux-gnu/:/usr/lib/gcc/x86_64-linux-gnu/12/:/usr/lib/gcc/x86_64-linux-gnu/
LIBRARY_PATH=/usr/lib/gcc/x86_64-linux-gnu/12/:/usr/lib/gcc/x86_64-linux-gnu/12/../../../x86_64-linux-gnu/:/usr/lib/gcc/x86_64-linux-gnu/12/../../../../lib/:/lib/x86_64-linux-gnu/:/lib/../lib/:/usr/lib/x86_64-linux-gnu/:/usr/lib/../lib/:/usr/lib/gcc/x86_64-linux-gnu/12/../../../:/lib/:/usr/lib/
COLLECT_GCC_OPTIONS='-v' '-o' 'CMakeFiles/cmTC_9ea96.dir/CMakeCXXCompilerABI.cpp.o' '-c' '-shared-libgcc' '-mtune=generic' '-march=x86-64' '-dumpdir' 'CMakeFiles/cmTC_9ea96.dir/CMakeCXXCompilerABI.cpp.'
Linking CXX executable cmTC_9ea96
/usr/bin/cmake -E cmake_link_script CMakeFiles/cmTC_9ea96.dir/link.txt --verbose=1
/usr/bin/c++  -v CMakeFiles/cmTC_9ea96.dir/CMakeCXXCompilerABI.cpp.o -o cmTC_9ea96 
Using built-in specs.
COLLECT_GCC=/usr/bin/c++
COLLECT_LTO_WRAPPER=/usr/lib/gcc/x86_64-linux-gnu/12/lto-wrapper
OFFLOAD_TARGET_NAMES=nvptx-none:amdgcn-amdhsa
OFFLOAD_TARGET_DEFAULT=1
Target: x86_64-linux-gnu
Configured with: ../src/configure -v --with-pkgversion='Debian 12.2.0-14+deb12u1' --with-bugurl=file:///usr/share/doc/gcc-12/README.Bugs --enable-languages=c,ada,c++,go,d,fortran,objc,obj-c++,m2 --prefix=/usr --with-gcc-major-version-only --program-suffix=-12 --program-prefix=x86_64-linux-gnu- --enable-shared --enable-linker-build-id --libexecdir=/usr/lib --without-included-gettext --enable-threads=posix --libdir=/usr/lib --enable-nls --enable-clocale=gnu --enable-libstdcxx-debug --enable-libstdcxx-time=yes --with-default-libstdcxx-abi=new --enable-gnu-unique-object --disable-vtable-verify --enable-plugin --enable-default-pie --with-system-zlib --enable-libphobos-checking=release --with-target-system-zlib=auto --enable-objc-gc=auto --enable-multiarch --disable-werror --enable-cet --with-arch-32=i686 --with-abi=m64 --with-multilib-list=m32,m64,mx32 --enable-multilib --with-tune=generic --enable-offload-targets=nvptx-none=/build/reproducible-path/gcc-12-12.2.0/debian/tmp-nvptx/usr,amdgcn-amdhsa=/build/reproducible-path/gcc-12-12.2.0/debian/tmp-gcn/usr --enable-offload-defaulted --without-cuda-driver --enable-checking=release --build=x86_64-linux-gnu --host=x86_64-linux-gnu --target=x86_64-linux-gnu
Thread model: posix
Supported LTO compression algorithms: zlib zstd
gcc version 12.2.0 (Debian 12.2.0-14+deb12u1) 
COMPILER_PATH=/usr/lib/gcc/x86_64-linux-gnu/12/:/usr/lib/gcc/x86_64-linux-gnu/12/:/usr/lib/gcc/x86_64-linux-gnu/:/usr/lib/gcc/x86_64-linux-gnu/12/:/usr/lib/gcc/x86_64-linux-gnu/
LIBRARY_PATH=/usr/lib/gcc/x86_64-linux-gnu/12/:/usr/lib/gcc/x86_64-linux-gnu/12/../../../x86_64-linux-gnu/:/usr/lib/gcc/x86_64-linux-gnu/12/../../../../lib/:/lib/x86_64-linux-gnu/:/lib/../lib/:/usr/lib/x86_64-linux-gnu/:/usr/lib/../lib/:/usr/lib/gcc/x86_64-linux-gnu/12/../../../:/lib/:/usr/lib/
COLLECT_GCC_OPTIONS='-v' '-o' 'cmTC_9ea96' '-shared-libgcc' '-mtune=generic' '-march=x86-64' '-dumpdir' 'cmTC_9ea96.'
 /usr/lib/gcc/x86_64-linux-gnu/12/collect2 -plugin /usr/lib/gcc/x86_64-linux-gnu/12/liblto_plugin.so -plugin-opt=/usr/lib/gcc/x86_64-linux-gnu/12/lto-wrapper -plugin-opt=-fresolution=/tmp/ccSt3Fwl.res -plugin-opt=-pass-through=-lgcc_s -plugin-opt=-pass-through=-lgcc -plugin-opt=-pass-through=-lc -plugin-opt=-pass-through=-lgcc_s -plugin-opt=-pass-through=-lgcc --build-id --eh-frame-hdr -m elf_x86_64 --hash-style=gnu --as-needed -dynamic-linker /lib64/ld-linux-x86-64.so.2 -pie -o cmTC_9ea96 /usr/lib/gcc/x86_64-linux-gnu/12/../../../x86_64-linux-gnu/Scrt1.o /usr/lib/gcc/x86_64-linux-gnu/12/../../../x86_64-linux-gnu/crti.o /usr/lib/gcc/x86_64-linux-gnu/12/crtbeginS.o -L/usr/lib/gcc/x86_64-linux-gnu/12 -L/usr/lib/gcc/x86_64-linux-gnu/12/../../../x86_64-linux-gnu -L/usr/lib/gcc/x86_64-linux-gnu/12/../../../../lib -L/lib/x86_64-linux-gnu -L/lib/../lib -L/usr/lib/x86_64-linux-gnu -L/usr/lib/../lib -L/usr/lib/gcc/x86_64-linux-gnu/12/../../.. CMakeFiles/cmTC_9ea96.dir/CMakeCXXCompilerABI.cpp.o -lstdc++ -lm -lgcc_s -lgcc -lc -lgcc_s -lgcc /usr/lib/gcc/x86_64-linux-gnu/12/crtendS.o /usr/lib/gcc/x86_64-linux-gnu/12/../../../x86_64-linux-gnu/crtn.o
COLLECT_GCC_OPTIONS='-v' '-o' 'cmTC_9ea96' '-shared-libgcc' '-mtune=generic' '-march=x86-64' '-dumpdir' 'cmTC_9ea96.'
gmake[1]: Leaving directory '/home/vitaliy/scand/build/CMakeFiles/CMakeScratch/TryCompile-3wIl6e'



Parsed CXX implicit include dir info from above output: rv=done
  found start of include info
  found start of implicit include info
    add: [/usr/include/c++/12]
    add: [/usr/include/x86_64-linux-gnu/c++/12]
    add: [/usr/include/c++/12/backward]
    add: [/usr/lib/gcc/x86_64-linux-gnu/12/include]
    add: [/usr/local/include]
    add: [/usr/include/x86_64-linux-gnu]
    add: [/usr/include]
  end of search list found
  collapse include dir [/usr/include/c++/12] ==> [/usr/include/c++/12]
  collapse include dir [/usr/include/x86_64-linux-gnu/c++/12] ==> [/usr/include/x86_64-linux-gnu/c++/12]
  collapse include dir [/usr/include/c++/12/backward] ==> [/usr/include/c++/12/backward]
  collapse include dir [/usr/lib/gcc/x86_64-linux-gnu/12/include] ==> [/usr/lib/gcc/x86_64-linux-gnu/12/include]
  collapse include dir [/usr/local/include] ==> [/usr/local/include]
  collapse include dir [/usr/include/x86_64-linux-gnu] ==> [/usr/include/x86_64-linux-gnu]
  collapse include dir [/usr/include] ==> [/usr/include]
  implicit include dirs: [/usr/include/c++/12;/usr/include/x86_64-linux-gnu/c++/12;/usr/include/c++/12/backward;/usr/lib/gcc/x86_64-linux-gnu/12/include;/usr/local/include;/usr/include/x86_64-linux-gnu;/usr/include]


Parsed CXX implicit link information from above output:
  link line regex: [^( *|.*[/\])(ld|CMAKE_LINK_STARTFILE-NOTFOUND|([^/\]+-)?ld|collect2)[^/\]*( |$)]
  ignore line: [Change Dir: /home/vitaliy/scand/build/CMakeFiles/CMakeScratch/TryCompile-3wIl6e]
  ignore line: []
  ignore line: [Run Build Command(s):/usr/bin/gmake -f Makefile cmTC_9ea96/fast && /usr/bin/gmake  -f CMakeFiles/cmTC_9ea96.dir/build.make CMakeFiles/cmTC_9ea96.dir/build]
  ignore line: [gmake[1]: Entering directory '/home/vitaliy/scand/build/CMakeFiles/CMakeScratch/TryCompile-3wIl6e']
  ignore line: [Building CXX object CMakeFiles/cmTC_9ea96.dir/CMakeCXXCompilerABI.cpp.o]
  ignore line: [/usr/bin/c++   -v -o CMakeFiles/cmTC_9ea96.dir/CMakeCXXCompilerABI.cpp.o -c /usr/share/cmake-3.25/Modules/CMakeCXXCompilerABI.cpp]
  ignore line: [Using built-in specs.]
  ignore line: [COLLECT_GCC=/usr/bin/c++]
  ignore line: [OFFLOAD_TARGET_NAMES=nvptx-none:amdgcn-amdhsa]
  ignore line: [OFFLOAD_TARGET_DEFAULT=1]
  ignore line: [Target: x86_64-linux-gnu]
  ignore line: [Configured with: ../src/configure -v --with-pkgversion='Debian 12.2.0-14+deb12u1' --with-bugurl=file:///usr/share/doc/gcc-12/README.Bugs --enable-languages=c ada c++ go d fortran objc obj-c++ m2 --prefix=/usr --with-gcc-major-version-only --program-suffix=-12 --program-prefix=x86_64-linux-gnu- --enable-shared --enable-linker-build-id --libexecdir=/usr/lib --without-included-gettext --enable-threads=posix --libdir=/usr/lib --enable-nls --enable-clocale=gnu --enable-libstdcxx-debug --enable-libstdcxx-time=yes --with-default-libstdcxx-abi=new --enable-gnu-unique-object --disable-vtable-verify --enable-plugin --enable-default-pie --with-system-zlib --enable-libphobos-checking=release --with-target-system-zlib=auto --enable-objc-gc=auto --enable-multiarch --disable-werror --enable-cet --with-arch-32=i686 --with-abi=m64 --with-multilib-list=m32 m64 mx32 --enable-multilib --with-tune=generic --enable-offload-targets=nvptx-none=/build/reproducible-path/gcc-12-12.2.0/debian/tmp-nvptx/usr amdgcn-amdhsa=/build/reproducible-path/gcc-12-12.2.0/debian/tmp-gcn/usr --enable-offload-defaulted --without-cuda-driver --enable-checking=release --build=x86_64-linux-gnu --host=x86_64-linux-gnu --target=x86_64-linux-gnu]
  ignore line: [Thread model: posix]
  ignore line: [Supported LTO compression algorithms: zlib zstd]
  ignore line: [gcc version 12.2.0 (Debian 12.2.0-14+deb12u1) ]
  ignore line: [COLLECT_GCC_OPTIONS='-v' '-o' 'CMakeFiles/cmTC_9ea96.dir/CMakeCXXCompilerABI.cpp.o' '-c' '-shared-libgcc' '-mtune=generic' '-march=x86-64' '-dumpdir' 'CMakeFiles/cmTC_9ea96.dir/']
  ignore line: [ /usr/lib/gcc/x86_64-linux-gnu/12/cc1plus -quiet -v -imultiarch x86_64-linux-gnu -D_GNU_SOURCE /usr/share/cmake-3.25/Modules/CMakeCXXCompilerABI.cpp -quiet -dumpdir CMakeFiles/cmTC_9ea96.dir/ -dumpbase CMakeCXXCompilerABI.cpp.cpp -dumpbase-ext .cpp -mtune=generic -march=x86-64 -version -fasynchronous-unwind-tables -o /tmp/ccDLfvMT.s]
  ignore line: [GNU C++17 (Debian 12.2.0-14+deb12u1) version 12.2.0 (x86_64-linux-gnu)]
  ignore line: [	compiled by GNU C version 12.2.0  GMP version 6.2.1  MPFR version 4.2.0  MPC version 1.3.1  isl version isl-0.25-GMP]
  ignore line: []
  ignore line: [GGC heuristics: --param ggc-min-expand=100 --param ggc-min-heapsize=131072]
  ignore line: [ignoring duplicate directory "/usr/include/x86_64-linux-gnu/c++/12"]
  ignore line: [ignoring nonexistent directory "/usr/local/include/x86_64-linux-gnu"]
  ignore line: [ignoring nonexistent directory "/usr/lib/gcc/x86_64-linux-gnu/12/include-fixed"]
  ignore line: [ignoring nonexistent directory "/usr/lib/gcc/x86_64-linux-gnu/12/../../../../x86_64-linux-gnu/include"]
  ignore line: [#include "..." search starts here:]
  ignore line: [#include <...> search starts here:]
  ignore line: [ /usr/include/c++/12]
  ignore line: [ /usr/include/x86_64-linux-gnu/c++/12]
  ignore line: [ /usr/include/c++/12/backward]
  ignore line: [ /usr/lib/gcc/x86_64-linux-gnu/12/include]
  ignore line: [ /usr/local/include]
  ignore line: [ /usr/include/x86_64-linux-gnu]
  ignore line: [ /usr/include]
  ignore line: [End of search list.]
  ignore line: [GNU C++17 (Debian 12.2.0-14+deb12u1) version 12.2.0 (x86_64-linux-gnu)]
  ignore line: [	compiled by GNU C version 12.2.0  GMP version 6.2.1  MPFR version 4.2.0  MPC version 1.3.1  isl version isl-0.25-GMP]
  ignore line: []
  ignore line: [GGC heuristics: --param ggc-min-expand=100 --param ggc-min-heapsize=131072]
  ignore line: [Compiler executable checksum: 18a4c0b3348b838f5ec9d956298050ac]
  ignore line: [COLLECT_GCC_OPTIONS='-v' '-o' 'CMakeFiles/cmTC_9ea96.dir/CMakeCXXCompilerABI.cpp.o' '-c' '-shared-libgcc' '-mtune=generic' '-march=x86-64' '-dumpdir' 'CMakeFiles/cmTC_9ea96.dir/']
  ignore line: [ as -v --64 -o CMakeFiles/cmTC_9ea96.dir/CMakeCXXCompilerABI.cpp.o /tmp/ccDLfvMT.s]
  ignore line: [GNU assembler version 2.40 (x86_64-linux-gnu) using BFD version (GNU Binutils for Debian) 2.40]
  ignore line: [COMPILER_PATH=/usr/lib/gcc/x86_64-linux-gnu/12/:/usr/lib/gcc/x86_64-linux-gnu/12/:/usr/lib/gcc/x86_64-linux-gnu/:/usr/lib/gcc/x86_64-linux-gnu/12/:/usr/lib/gcc/x86_64-linux-gnu/]
  ignore line: [LIBRARY_PATH=/usr/lib/gcc/x86_64-linux-gnu/12/:/usr/lib/gcc/x86_64-linux-gnu/12/../../../x86_64-linux-gnu/:/usr/lib/gcc/x86_64-linux-gnu/12/../../../../lib/:/lib/x86_64-linux-gnu/:/lib/../lib/:/usr/lib/x86_64-linux-gnu/:/usr/lib/../lib/:/usr/lib/gcc/x86_64-linux-gnu/12/../../../:/lib/:/usr/lib/]
  ignore line: [COLLECT_GCC_OPTIONS='-v' '-o' 'CMakeFiles/cmTC_9ea96.dir/CMakeCXXCompilerABI.cpp.o' '-c' '-shared-libgcc' '-mtune=generic' '-march=x86-64' '-dumpdir' 'CMakeFiles/cmTC_9ea96.dir/CMakeCXXCompilerABI.cpp.']
  ignore line: [Linking CXX executable cmTC_9ea96]
  ignore line: [/usr/bin/cmake -E cmake_link_script CMakeFiles/cmTC_9ea96.dir/link.txt --verbose=1]
  ignore line: [/usr/bin/c++  -v CMakeFiles/cmTC_9ea96.dir/CMakeCXXCompilerABI.cpp.o -o cmTC_9ea96 ]
  ignore line: [Using built-in specs.]
  ignore line: [COLLECT_GCC=/usr/bin/c++]
  ignore line: [COLLECT_LTO_WRAPPER=/usr/lib/gcc/x86_64-linux-gnu/12/lto-wrapper]
  ignore line: [OFFLOAD_TARGET_NAMES=nvptx-none:amdgcn-amdhsa]
  ignore line: [OFFLOAD_TARGET_DEFAULT=1]
  ignore line: [Target: x86_64-linux-gnu]
  ignore line: [Configured with: ../src/configure -v --with-pkgversion='Debian 12.2.0-14+deb12u1' --with-bugurl=file:///usr/share/doc/gcc-12/README.Bugs --enable-languages=c ada c++ go d fortran objc obj-c++ m2 --prefix=/usr --with-gcc-major-version-only --program-suffix=-12 --program-prefix=x86_64-linux-gnu- --enable-shared --enable-linker-build-id --libexecdir=/usr/lib --without-included-gettext --enable-threads=posix --libdir=/usr/lib --enable-nls --enable-clocale=gnu --enable-libstdcxx-debug --enable-libstdcxx-time=yes --with-default-libstdcxx-abi=new --enable-gnu-unique-object --disable-vtable-verify --enable-plugin --enable-default-pie --with-system-zlib --enable-libphobos-checking=release --with-target-system-zlib=auto --enable-objc-gc=auto --enable-multiarch --disable-werror --enable-cet --with-arch-32=i686 --with-abi=m64 --with-multilib-list=m32 m64 mx32 --enable-multilib --with-tune=generic --enable-offload-targets=nvptx-none=/build/reproducible-path/gcc-12-12.2.0/debian/tmp-nvptx/usr amdgcn-amdhsa=/build/reproducible-path/gcc-12-12.2.0/debian/tmp-gcn/usr --enable-offload-defaulted --without-cuda-driver --enable-checking=release --build=x86_64-linux-gnu --host=x86_64-linux-gnu --target=x86_64-linux-gnu]
  ignore line: [Thread model: posix]
  ignore line: [Supported LTO compression algorithms: zlib zstd]
  ignore line: [gcc version 12.2.0 (Debian 12.2.0-14+deb12u1) ]
  ignore line: [COMPILER_PATH=/usr/lib/gcc/x86_64-linux-gnu/12/:/usr/lib/gcc/x86_64-linux-gnu/12/:/usr/lib/gcc/x86_64-linux-gnu/:/usr/lib/gcc/x86_64-linux-gnu/12/:/usr/lib/gcc/x86_64-linux-gnu/]
  ignore line: [LIBRARY_PATH=/usr/lib/gcc/x86_64-linux-gnu/12/:/usr/lib/gcc/x86_64-linux-gnu/12/../../../x86_64-linux-gnu/:/usr/lib/gcc/x86_64-linux-gnu/12/../../../../lib/:/lib/x86_64-linux-gnu/:/lib/../lib/:/usr/lib/x86_64-linux-gnu/:/usr/lib/../lib/:/usr/lib/gcc/x86_64-linux-gnu/12/../../../:/lib/:/usr/lib/]
  ignore line: [COLLECT_GCC_OPTIONS='-v' '-o' 'cmTC_9ea96' '-shared-libgcc' '-mtune=generic' '-march=x86-64' '-dumpdir' 'cmTC_9ea96.']
  link line: [ /usr/lib/gcc/x86_64-linux-gnu/12/collect2 -plugin /usr/lib/gcc/x86_64-linux-gnu/12/liblto_plugin.so -plugin-opt=/usr/lib/gcc/x86_64-linux-gnu/12/lto-wrapper -plugin-opt=-fresolution=/tmp/ccSt3Fwl.res -plugin-opt=-pass-through=-lgcc_s -plugin-opt=-pass-through=-lgcc -plugin-opt=-pass-through=-lc -plugin-opt=-pass-through=-lgcc_s -plugin-opt=-pass-through=-lgcc --build-id --eh-frame-hdr -m elf_x86_64 --hash-style=gnu --as-needed -dynamic-linker /lib64/ld-linux-x86-64.so.2 -pie -o cmTC_9ea96 /usr/lib/gcc/x86_64-linux-gnu/12/../../../x86_64-linux-gnu/Scrt1.o /usr/lib/gcc/x86_64-linux-gnu/12/../../../x86_64-linux-gnu/crti.o /usr/lib/gcc/x86_64-linux-gnu/12/crtbeginS.o -L/usr/lib/gcc/x86_64-linux-gnu/12 -L/usr/lib/gcc/x86_64-linux-gnu/12/../../../x86_64-linux-gnu -L/usr/lib/gcc/x86_64-linux-gnu/12/../../../../lib -L/lib/x86_64-linux-gnu -L/lib/../lib -L/usr/lib/x86_64-linux-gnu -L/usr/lib/../lib -L/usr/lib/gcc/x86_64-linux-gnu/12/../../.. CMakeFiles/cmTC_9ea96.dir/CMakeCXXCompilerABI.cpp.o -lstdc++ -lm -lgcc_s -lgcc -lc -lgcc_s -lgcc /usr/lib/gcc/x86_64-linux-gnu/12/crtendS.o /usr/lib/gcc/x86_64-linux-gnu/12/../../../x86_64-linux-gnu/crtn.o]
    arg [/usr/lib/gcc/x86_64-linux-gnu/12/collect2] ==> ignore
    arg [-plugin] ==> ignore
    arg [/usr/lib/gcc/x86_64-linux-gnu/12/liblto_plugin.so] ==> ignore
    arg [-plugin-opt=/usr/lib/gcc/x86_64-linux-gnu/12/lto-wrapper] ==> ignore
    arg [-plugin-opt=-fresolution=/tmp/ccSt3Fwl.res] ==> ignore
    arg [-plugin-opt=-pass-through=-lgcc_s] ==> ignore
    arg [-plugin-opt=-pass-through=-lgcc] ==> ignore
    arg [-plugin-opt=-pass-through=-lc] ==> ignore
    arg [-plugin-opt=-pass-through=-lgcc_s] ==> ignore
    arg [-plugin-opt=-pass-through=-lgcc] ==> ignore
    arg [--build-id] ==> ignore
    arg [--eh-frame-hdr] ==> ignore
    arg [-m] ==> ignore
    arg [elf_x86_64] ==> ignore
    arg [--hash-style=gnu] ==> ignore
    arg [--as-needed] ==> ignore
    arg [-dynamic-linker] ==> ignore
    arg [/lib64/ld-linux-x86-64.so.2] ==> ignore
    arg [-pie] ==> ignore
    arg [-o] ==> ignore
    arg [cmTC_9ea96] ==> ignore
    arg [/usr/lib/gcc/x86_64-linux-gnu/12/../../../x86_64-linux-gnu/Scrt1.o] ==> obj [/usr/lib/gcc/x86_64-linux-gnu/12/../../../x86_64-linux-gnu/Scrt1.o]
    arg [/usr/lib/gcc/x86_64-linux-gnu/12/../../../x86_64-linux-gnu/crti.o] ==> obj [/usr/lib/gcc/x86_64-linux-gnu/12/../../../x86_64-linux-gnu/crti.o]
    arg [/usr/lib/gcc/x86_64-linux-gnu/12/crtbeginS.o] ==> obj [/usr/lib/gcc/x86_64-linux-gnu/12/crtbeginS.o]
    arg [-L/usr/lib/gcc/x86_64-linux-gnu/12] ==> dir [/usr/lib/gcc/x86_64-linux-gnu/12]
    arg [-L/usr/lib/gcc/x86_64-linux-gnu/12/../../../x86_64-linux-gnu] ==> dir [/usr/lib/gcc/x86_64-linux-gnu/12/../../../x86_64-linux-gnu]
    arg [-L/usr/lib/gcc/x86_64-linux-gnu/12/../../../../lib] ==> dir [/usr/lib/gcc/x86_64-linux-gnu/12/../../../../lib]
    arg [-L/lib/x86_64-linux-gnu] ==> dir [/lib/x86_64-linux-gnu]
    arg [-L/lib/../lib] ==> dir [/lib/../lib]
    arg [-L/usr/lib/x86_64-linux-gnu] ==> dir [/usr/lib/x86_64-linux-gnu]
    arg [-L/usr/lib/../lib] ==> dir [/usr/lib/../lib]
    arg [-L/usr/lib/gcc/x86_64-linux-gnu/12/../../..] ==> dir [/usr/lib/gcc/x86_64-linux-gnu/12/../../..]
    arg [CMakeFiles/cmTC_9ea96.dir/CMakeCXXCompilerABI.cpp.o] ==> ignore
    arg [-lstdc++] ==> lib [stdc++]
    arg [-lm] ==> lib [m]
    arg [-lgcc_s] ==> lib [gcc_s]
    arg [-lgcc] ==> lib [gcc]
    arg [-lc] ==> lib [c]
    arg [-lgcc_s] ==> lib [gcc_s]
    arg [-lgcc] ==> lib [gcc]
    arg [/usr/lib/gcc/x86_64-linux-gnu/12/crtendS.o] ==> obj [/usr/lib/gcc/x86_64-linux-gnu/12/crtendS.o]
    arg [/usr/lib/gcc/x86_64-linux-gnu/12/../../../x86_64-linux-gnu/crtn.o] ==> obj [/usr/lib/gcc/x86_64-linux-gnu/12/../../../x86_64-linux-gnu/crtn.o]
  collapse obj [/usr/lib/gcc/x86_64-linux-gnu/12/../../../x86_64-linux-gnu/Scrt1.o] ==> [/usr/lib/x86_64-linux-gnu/Scrt1.o]
  collapse obj [/usr/lib/gcc/x86_64-linux-gnu/12/../../../x86_64-linux-gnu/crti.o] ==> [/usr/lib/x86_64-linux-gnu/crti.o]
  collapse obj [/usr/lib/gcc/x86_64-linux-gnu/12/../../../x86_64-linux-gnu/crtn.o] ==> [/usr/lib/x86_64-linux-gnu/crtn.o]
  collapse library dir [/usr/lib/gcc/x86_64-linux-gnu/12] ==> [/usr/lib/gcc/x86_64-linux-gnu/12]
  collapse library dir [/usr/lib/gcc/x86_64-linux-gnu/12/../../../x86_64-linux-gnu] ==> [/usr/lib/x86_64-linux-gnu]
  collapse library dir [/usr/lib/gcc/x86_64-linux-gnu/12/../../../../lib] ==> [/usr/lib]
  collapse library dir [/lib/x86_64-linux-gnu] ==> [/lib/x86_64-linux-gnu]
  collapse library dir [/lib/../lib] ==> [/lib]
  collapse library dir [/usr/lib/x86_64-linux-gnu] ==> [/usr/lib/x86_64-linux-gnu]
  collapse library dir [/usr/lib/../lib] ==> [/usr/lib]
  collapse library dir [/usr/lib/gcc/x86_64-linux-gnu/12/../../..] ==> [/usr/lib]
  implicit libs: [stdc++;m;gcc_s;gcc;c;gcc_s;gcc]
  implicit objs: [/usr/lib/x86_64-linux-gnu/Scrt1.o;/usr/lib/x86_64-linux-gnu/crti.o;/usr/lib/gcc/x86_64-linux-gnu/12/crtbeginS.o;/usr/lib/gcc/x86_64-linux-gnu/12/crtendS.o;/usr/lib/x86_64-linux-gnu/crtn.o]
  implicit dirs: [/usr/lib/gcc/x86_64-linux-gnu/12;/usr/lib/x86_64-linux-gnu;/usr/lib;/lib/x86_64-linux-gnu;/lib]
  implicit fwks: []


Performing C SOURCE FILE Test FNO_LTO_AVAILABLE succeeded with the following output:
Change Dir: /home/vitaliy/scand/build/CMakeFiles/CMakeScratch/TryCompile-5RG9Rf

Run Build Command(s):/usr/bin/gmake -f Makefile cmTC_ad4e9/fast && /usr/bin/gmake  -f CMakeFiles/cmTC_ad4e9.dir/build.make CMakeFiles/cmTC_ad4e9.dir/build
gmake[1]: вход в каталог «/home/vitaliy/scand/build/CMakeFiles/CMakeScratch/TryCompile-5RG9Rf»
Building C object CMakeFiles/cmTC_ad4e9.dir/src.c.o
/usr/bin/cc -DFNO_LTO_AVAILABLE  -fno-lto -std=c11 -o CMakeFiles/cmTC_ad4e9.dir/src.c.o -c /home/vitaliy/scand/build/CMakeFiles/CMakeScratch/TryCompile-5RG9Rf/src.c
Linking C executable cmTC_ad4e9
/usr/bin/cmake -E cmake_link_script CMakeFiles/cmTC_ad4e9.dir/link.txt --verbose=1
/usr/bin/cc  -fno-lto CMakeFiles/cmTC_ad4e9.dir/src.c.o -o cmTC_ad4e9 
gmake[1]: выход из каталога «/home/vitaliy/scand/build/CMakeFiles/CMakeScratch/TryCompile-5RG9Rf»


Source file was:
int main() { return 0; }

Determining if the include file sys/auxv.h exists passed with the following output:
Change Dir: /home/vitaliy/scand/build/CMakeFiles/CMakeScratch/TryCompile-S7WfGw

Run Build Command(s):/usr/bin/gmake -f Makefile cmTC_e77aa/fast && /usr/bin/gmake  -f CMakeFiles/cmTC_e77aa.dir/build.make CMakeFiles/cmTC_e77aa.dir/build
gmake[1]: вход в каталог «/home/vitaliy/scand/build/CMakeFiles/CMakeScratch/TryCompile-S7WfGw»
Building C object CMakeFiles/cmTC_e77aa.dir/CheckIncludeFile.c.o
/usr/bin/cc   -std=c11 -o CMakeFiles/cmTC_e77aa.dir/CheckIncludeFile.c.o -c /home/vitaliy/scand/build/CMakeFiles/CMakeScratch/TryCompile-S7WfGw/CheckIncludeFile.c
Linking C executable cmTC_e77aa
/usr/bin/cmake -E cmake_link_script CMakeFiles/cmTC_e77aa.dir/link.txt --verbose=1
/usr/bin/cc CMakeFiles/cmTC_e77aa.dir/CheckIncludeFile.c.o -o cmTC_e77aa 
gmake[1]: выход из каталога «/home/vitaliy/scand/build/CMakeFiles/CMakeScratch/TryCompile-S7WfGw»



Determining if the include file unistd.h exists passed with the following output:
Change Dir: /home/vitaliy/scand/build/CMakeFiles/CMakeScratch/TryCompile-GL88tq

Run Build Command(s):/usr/bin/gmake -f Makefile cmTC_37343/fast && /usr/bin/gmake  -f CMakeFiles/cmTC_37343.dir/build.make CMakeFiles/cmTC_37343.dir/build
gmake[1]: вход в каталог «/home/vitaliy/scand/build/CMakeFiles/CMakeScratch/TryCompile-GL88tq»
Building C object CMakeFiles/cmTC_37343.dir/CheckIncludeFile.c.o
/usr/bin/cc   -std=c11 -o CMakeFiles/cmTC_37343.dir/CheckIncludeFile.c.o -c /home/vitaliy/scand/build/CMakeFiles/CMakeScratch/TryCompile-GL88tq/CheckIncludeFile.c
Linking C executable cmTC_37343
/usr/bin/cmake -E cmake_link_script CMakeFiles/cmTC_37343.dir/link.txt --verbose=1
/usr/bin/cc CMakeFiles/cmTC_37343.dir/CheckIncludeFile.c.o -o cmTC_37343 
gmake[1]: выход из каталога «/home/vitaliy/scand/build/CMakeFiles/CMakeScratch/TryCompile-GL88tq»



Determining if the include file sys/types.h exists passed with the following output:
Change Dir: /home/vitaliy/scand/build/CMakeFiles/CMakeScratch/TryCompile-mBro5Q

Run Build Command(s):/usr/bin/gmake -f Makefile cmTC_518e4/fast && /usr/bin/gmake  -f CMakeFiles/cmTC_518e4.dir/build.make CMakeFiles/cmTC_518e4.dir/build
gmake[1]: вход в каталог «/home/vitaliy/scand/build/CMakeFiles/CMakeScratch/TryCompile-mBro5Q»
Building C object CMakeFiles/cmTC_518e4.dir/CheckIncludeFile.c.o
/usr/bin/cc -D_LARGEFILE64_SOURCE=1 -D__USE_LARGEFILE64  -std=c11 -o CMakeFiles/cmTC_518e4.dir/CheckIncludeFile.c.o -c /home/vitaliy/scand/build/CMakeFiles/CMakeScratch/TryCompile-mBro5Q/CheckIncludeFile.c
Linking C executable cmTC_518e4
/usr/bin/cmake -E cmake_link_script CMakeFiles/cmTC_518e4.dir/link.txt --verbose=1
/usr/bin/cc CMakeFiles/cmTC_518e4.dir/CheckIncludeFile.c.o -o cmTC_518e4 
gmake[1]: выход из каталога «/home/vitaliy/scand/build/CMakeFiles/CMakeScratch/TryCompile-mBro5Q»



Determining if the include file stdint.h exists passed with the following output:
Change Dir: /home/vitaliy/scand/build/CMakeFiles/CMakeScratch/TryCompile-XCss3S

Run Build Command(s):/usr/bin/gmake -f Makefile cmTC_2a124/fast && /usr/bin/gmake  -f CMakeFiles/cmTC_2a124.dir/build.make CMakeFiles/cmTC_2a124.dir/build
gmake[1]: вход в каталог «/home/vitaliy/scand/build/CMakeFiles/CMakeScratch/TryCompile-XCss3S»
Building C object CMakeFiles/cmTC_2a124.dir/CheckIncludeFile.c.o
/usr/bin/cc -D_LARGEFILE64_SOURCE=1 -D__USE_LARGEFILE64  -std=c11 -o CMakeFiles/cmTC_2a124.dir/CheckIncludeFile.c.o -c /home/vitaliy/scand/build/CMakeFiles/CMakeScratch/TryCompile-XCss3S/CheckIncludeFile.c
Linking C executable cmTC_2a124
/usr/bin/cmake -E cmake_link_script CMakeFiles/cmTC_2a124.dir/link.txt --verbose=1
/usr/bin/cc CMakeFiles/cmTC_2a124.dir/CheckIncludeFile.c.o -o cmTC_2a124 
gmake[1]: выход из каталога «/home/vitaliy/scand/build/CMakeFiles/CMakeScratch/TryCompile-XCss3S»



Determining if the include file stddef.h exists passed with the following output:
Change Dir: /home/vitaliy/scand/build/CMakeFiles/CMakeScratch/TryCompile-c5mZ7X

Run Build Command(s):/usr/bin/gmake -f Makefile cmTC_67e76/fast && /usr/bin/gmake  -f CMakeFiles/cmTC_67e76.dir/build.make CMakeFiles/cmTC_67e76.dir/build
gmake[1]: вход в каталог «/home/vitaliy/scand/build/CMakeFiles/CMakeScratch/TryCompile-c5mZ7X»
Building C object CMakeFiles/cmTC_67e76.dir/CheckIncludeFile.c.o
/usr/bin/cc -D_LARGEFILE64_SOURCE=1 -D__USE_LARGEFILE64  -std=c11 -o CMakeFiles/cmTC_67e76.dir/CheckIncludeFile.c.o -c /home/vitaliy/scand/build/CMakeFiles/CMakeScratch/TryCompile-c5mZ7X/CheckIncludeFile.c
Linking C executable cmTC_67e76
/usr/bin/cmake -E cmake_link_script CMakeFiles/cmTC_67e76.dir/link.txt --verbose=1
/usr/bin/cc CMakeFiles/cmTC_67e76.dir/CheckIncludeFile.c.o -o cmTC_67e76 
gmake[1]: выход из каталога «/home/vitaliy/scand/build/CMakeFiles/CMakeScratch/TryCompile-c5mZ7X»



Determining size of off64_t passed with the following output:
Change Dir: /home/vitaliy/scand/build/CMakeFiles/CMakeScratch/TryCompile-y33fnw

Run Build Command(s):/usr/bin/gmake -f Makefile cmTC_8cb06/fast && /usr/bin/gmake  -f CMakeFiles/cmTC_8cb06.dir/build.make CMakeFiles/cmTC_8cb06.dir/build
gmake[1]: вход в каталог «/home/vitaliy/scand/build/CMakeFiles/CMakeScratch/TryCompile-y33fnw»
Building C object CMakeFiles/cmTC_8cb06.dir/OFF64_T.c.o
/usr/bin/cc -D_LARGEFILE64_SOURCE=1 -D__USE_LARGEFILE64  -std=c11 -o CMakeFiles/cmTC_8cb06.dir/OFF64_T.c.o -c /home/vitaliy/scand/build/CMakeFiles/CMakeScratch/TryCompile-y33fnw/OFF64_T.c
Linking C executable cmTC_8cb06
/usr/bin/cmake -E cmake_link_script CMakeFiles/cmTC_8cb06.dir/link.txt --verbose=1
/usr/bin/cc CMakeFiles/cmTC_8cb06.dir/OFF64_T.c.o -o cmTC_8cb06 
gmake[1]: выход из каталога «/home/vitaliy/scand/build/CMakeFiles/CMakeScratch/TryCompile-y33fnw»



Determining if the function fseeko exists passed with the following output:
Change Dir: /home/vitaliy/scand/build/CMakeFiles/CMakeScratch/TryCompile-C2qsB2

Run Build Command(s):/usr/bin/gmake -f Makefile cmTC_3d0d0/fast && /usr/bin/gmake  -f CMakeFiles/cmTC_3d0d0.dir/build.make CMakeFiles/cmTC_3d0d0.dir/build
gmake[1]: вход в каталог «/home/vitaliy/scand/build/CMakeFiles/CMakeScratch/TryCompile-C2qsB2»
Building C object CMakeFiles/cmTC_3d0d0.dir/CheckFunctionExists.c.o
/usr/bin/cc   -DCHECK_FUNCTION_EXISTS=fseeko -std=c11 -o CMakeFiles/cmTC_3d0d0.dir/CheckFunctionExists.c.o -c /home/vitaliy/scand/build/CMakeFiles/CMakeScratch/TryCompile-C2qsB2/CheckFunctionExists.c
Linking C executable cmTC_3d0d0
/usr/bin/cmake -E cmake_link_script CMakeFiles/cmTC_3d0d0.dir/link.txt --verbose=1
/usr/bin/cc  -DCHECK_FUNCTION_EXISTS=fseeko CMakeFiles/cmTC_3d0d0.dir/CheckFunctionExists.c.o -o cmTC_3d0d0 
gmake[1]: выход из каталога «/home/vitaliy/scand/build/CMakeFiles/CMakeScratch/TryCompile-C2qsB2»



Determining if the function strerror exists passed with the following output:
Change Dir: /home/vitaliy/scand/build/CMakeFiles/CMakeScratch/TryCompile-U8qSwZ

Run Build Command(s):/usr/bin/gmake -f Makefile cmTC_bc9a8/fast && /usr/bin/gmake  -f CMakeFiles/cmTC_bc9a8.dir/build.make CMakeFiles/cmTC_bc9a8.dir/build
gmake[1]: вход в каталог «/home/vitaliy/scand/build/CMakeFiles/CMakeScratch/TryCompile-U8qSwZ»
Building C object CMakeFiles/cmTC_bc9a8.dir/CheckFunctionExists.c.o
/usr/bin/cc   -DCHECK_FUNCTION_EXISTS=strerror -std=c11 -o CMakeFiles/cmTC_bc9a8.dir/CheckFunctionExists.c.o -c /home/vitaliy/scand/build/CMakeFiles/CMakeScratch/TryCompile-U8qSwZ/CheckFunctionExists.c
Linking C executable cmTC_bc9a8
/usr/bin/cmake -E cmake_link_script CMakeFiles/cmTC_bc9a8.dir/link.txt --verbose=1
/usr/bin/cc  -DCHECK_FUNCTION_EXISTS=strerror CMakeFiles/cmTC_bc9a8.dir/CheckFunctionExists.c.o -o cmTC_bc9a8 
gmake[1]: выход из каталога «/home/vitaliy/scand/build/CMakeFiles/CMakeScratch/TryCompile-U8qSwZ»



Determining if the posix_memalign exist passed with the following output:
Change Dir: /home/vitaliy/scand/build/CMakeFiles/CMakeScratch/TryCompile-LfOA7o

Run Build Command(s):/usr/bin/gmake -f Makefile cmTC_25345/fast && /usr/bin/gmake  -f CMakeFiles/cmTC_25345.dir/build.make CMakeFiles/cmTC_25345.dir/build
gmake[1]: вход в каталог «/home/vitaliy/scand/build/CMakeFiles/CMakeScratch/TryCompile-LfOA7o»
Building C object CMakeFiles/cmTC_25345.dir/CheckSymbolExists.c.o
/usr/bin/cc -D_POSIX_C_SOURCE=200112L  -std=c11 -o CMakeFiles/cmTC_25345.dir/CheckSymbolExists.c.o -c /home/vitaliy/scand/build/CMakeFiles/CMakeScratch/TryCompile-LfOA7o/CheckSymbolExists.c
Linking C executable cmTC_25345
/usr/bin/cmake -E cmake_link_script CMakeFiles/cmTC_25345.dir/link.txt --verbose=1
/usr/bin/cc CMakeFiles/cmTC_25345.dir/CheckSymbolExists.c.o -o cmTC_25345 
gmake[1]: выход из каталога «/home/vitaliy/scand/build/CMakeFiles/CMakeScratch/TryCompile-LfOA7o»


File CheckSymbolExists.c:
/* */
#include <stdlib.h>

int main(int argc, char** argv)
{
  (void)argv;
#ifndef posix_memalign
  return ((int*)(&posix_memalign))[argc];
#else
  (void)argc;
  return 0;
#endif
}
Determining if the aligned_alloc exist passed with the following output:
Change Dir: /home/vitaliy/scand/build/CMakeFiles/CMakeScratch/TryCompile-mn7t7n

Run Build Command(s):/usr/bin/gmake -f Makefile cmTC_5925f/fast && /usr/bin/gmake  -f CMakeFiles/cmTC_5925f.dir/build.make CMakeFiles/cmTC_5925f.dir/build
gmake[1]: вход в каталог «/home/vitaliy/scand/build/CMakeFiles/CMakeScratch/TryCompile-mn7t7n»
Building C object CMakeFiles/cmTC_5925f.dir/CheckSymbolExists.c.o
/usr/bin/cc -D_ISOC11_SOURCE=1  -std=c11 -o CMakeFiles/cmTC_5925f.dir/CheckSymbolExists.c.o -c /home/vitaliy/scand/build/CMakeFiles/CMakeScratch/TryCompile-mn7t7n/CheckSymbolExists.c
Linking C executable cmTC_5925f
/usr/bin/cmake -E cmake_link_script CMakeFiles/cmTC_5925f.dir/link.txt --verbose=1
/usr/bin/cc CMakeFiles/cmTC_5925f.dir/CheckSymbolExists.c.o -o cmTC_5925f 
gmake[1]: выход из каталога «/home/vitaliy/scand/build/CMakeFiles/CMakeScratch/TryCompile-mn7t7n»


File CheckSymbolExists.c:
/* */
#include <stdlib.h>

int main(int argc, char** argv)
{
  (void)argv;
#ifndef aligned_alloc
  return ((int*)(&aligned_alloc))[argc];
#else
  (void)argc;
  return 0;
#endif
}
Performing C SOURCE FILE Test HAVE_NO_INTERPOSITION succeeded with the following output:
Change Dir: /home/vitaliy/scand/build/CMakeFiles/CMakeScratch/TryCompile-JDtScA

Run Build Command(s):/usr/bin/gmake -f Makefile cmTC_beeb1/fast && /usr/bin/gmake  -f CMakeFiles/cmTC_beeb1.dir/build.make CMakeFiles/cmTC_beeb1.dir/build
gmake[1]: Entering directory '/home/vitaliy/scand/build/CMakeFiles/CMakeScratch/TryCompile-JDtScA'
Building C object CMakeFiles/cmTC_beeb1.dir/src.c.o
/usr/bin/cc -DHAVE_NO_INTERPOSITION  -fno-semantic-interposition -std=c11 -o CMakeFiles/cmTC_beeb1.dir/src.c.o -c /home/vitaliy/scand/build/CMakeFiles/CMakeScratch/TryCompile-JDtScA/src.c
Linking C executable cmTC_beeb1
/usr/bin/cmake -E cmake_link_script CMakeFiles/cmTC_beeb1.dir/link.txt --verbose=1
/usr/bin/cc CMakeFiles/cmTC_beeb1.dir/src.c.o -o cmTC_beeb1 
gmake[1]: Leaving directory '/home/vitaliy/scand/build/CMakeFiles/CMakeScratch/TryCompile-JDtScA'


Source file was:
int main(void) { return 0; }

Performing C SOURCE FILE Test HAVE_ATTRIBUTE_VISIBILITY_HIDDEN succeeded with the following output:
Change Dir: /home/vitaliy/scand/build/CMakeFiles/CMakeScratch/TryCompile-4p3Dtw

Run Build Command(s):/usr/bin/gmake -f Makefile cmTC_1ac21/fast && /usr/bin/gmake  -f CMakeFiles/cmTC_1ac21.dir/build.make CMakeFiles/cmTC_1ac21.dir/build
gmake[1]: вход в каталог «/home/vitaliy/scand/build/CMakeFiles/CMakeScratch/TryCompile-4p3Dtw»
Building C object CMakeFiles/cmTC_1ac21.dir/src.c.o
/usr/bin/cc -DHAVE_ATTRIBUTE_VISIBILITY_HIDDEN  -std=c11 -o CMakeFiles/cmTC_1ac21.dir/src.c.o -c /home/vitaliy/scand/build/CMakeFiles/CMakeScratch/TryCompile-4p3Dtw/src.c
Linking C executable cmTC_1ac21
/usr/bin/cmake -E cmake_link_script CMakeFiles/cmTC_1ac21.dir/link.txt --verbose=1
/usr/bin/cc CMakeFiles/cmTC_1ac21.dir/src.c.o -o cmTC_1ac21 
gmake[1]: выход из каталога «/home/vitaliy/scand/build/CMakeFiles/CMakeScratch/TryCompile-4p3Dtw»


Source file was:
#define Z_INTERNAL __attribute__((visibility ("hidden")))
    int Z_INTERNAL foo;
    int main() {
        return 0;
    }

Performing C SOURCE FILE Test HAVE_ATTRIBUTE_VISIBILITY_INTERNAL succeeded with the following output:
Change Dir: /home/vitaliy/scand/build/CMakeFiles/CMakeScratch/TryCompile-VUrAph

Run Build Command(s):/usr/bin/gmake -f Makefile cmTC_981ac/fast && /usr/bin/gmake  -f CMakeFiles/cmTC_981ac.dir/build.make CMakeFiles/cmTC_981ac.dir/build
gmake[1]: вход в каталог «/home/vitaliy/scand/build/CMakeFiles/CMakeScratch/TryCompile-VUrAph»
Building C object CMakeFiles/cmTC_981ac.dir/src.c.o
/usr/bin/cc -DHAVE_ATTRIBUTE_VISIBILITY_INTERNAL  -std=c11 -o CMakeFiles/cmTC_981ac.dir/src.c.o -c /home/vitaliy/scand/build/CMakeFiles/CMakeScratch/TryCompile-VUrAph/src.c
Linking C executable cmTC_981ac
/usr/bin/cmake -E cmake_link_script CMakeFiles/cmTC_981ac.dir/link.txt --verbose=1
/usr/bin/cc CMakeFiles/cmTC_981ac.dir/src.c.o -o cmTC_981ac 
gmake[1]: выход из каталога «/home/vitaliy/scand/build/CMakeFiles/CMakeScratch/TryCompile-VUrAph»


Source file was:
#define Z_INTERNAL __attribute__((visibility ("internal")))
    int Z_INTERNAL foo;
    int main() {
        return 0;
    }

Performing C SOURCE FILE Test HAVE_ATTRIBUTE_ALIGNED succeeded with the following output:
Change Dir: /home/vitaliy/scand/build/CMakeFiles/CMakeScratch/TryCompile-ADPvU2

Run Build Command(s):/usr/bin/gmake -f Makefile cmTC_ed719/fast && /usr/bin/gmake  -f CMakeFiles/cmTC_ed719.dir/build.make CMakeFiles/cmTC_ed719.dir/build
gmake[1]: вход в каталог «/home/vitaliy/scand/build/CMakeFiles/CMakeScratch/TryCompile-ADPvU2»
Building C object CMakeFiles/cmTC_ed719.dir/src.c.o
/usr/bin/cc -DHAVE_ATTRIBUTE_ALIGNED  -std=c11 -o CMakeFiles/cmTC_ed719.dir/src.c.o -c /home/vitaliy/scand/build/CMakeFiles/CMakeScratch/TryCompile-ADPvU2/src.c
Linking C executable cmTC_ed719
/usr/bin/cmake -E cmake_link_script CMakeFiles/cmTC_ed719.dir/link.txt --verbose=1
/usr/bin/cc CMakeFiles/cmTC_ed719.dir/src.c.o -o cmTC_ed719 
gmake[1]: выход из каталога «/home/vitaliy/scand/build/CMakeFiles/CMakeScratch/TryCompile-ADPvU2»


Source file was:
int main(void) {
        __attribute__((aligned(8))) int test = 0;
        (void)test;
        return 0;
    }

Performing C SOURCE FILE Test HAVE_THREAD_LOCAL succeeded with the following output:
Change Dir: /home/vitaliy/scand/build/CMakeFiles/CMakeScratch/TryCompile-ZvE1NS

Run Build Command(s):/usr/bin/gmake -f Makefile cmTC_7c212/fast && /usr/bin/gmake  -f CMakeFiles/cmTC_7c212.dir/build.make CMakeFiles/cmTC_7c212.dir/build
gmake[1]: вход в каталог «/home/vitaliy/scand/build/CMakeFiles/CMakeScratch/TryCompile-ZvE1NS»
Building C object CMakeFiles/cmTC_7c212.dir/src.c.o
/usr/bin/cc -DHAVE_THREAD_LOCAL  -std=c11 -o CMakeFiles/cmTC_7c212.dir/src.c.o -c /home/vitaliy/scand/build/CMakeFiles/CMakeScratch/TryCompile-ZvE1NS/src.c
Linking C executable cmTC_7c212
/usr/bin/cmake -E cmake_link_script CMakeFiles/cmTC_7c212.dir/link.txt --verbose=1
/usr/bin/cc CMakeFiles/cmTC_7c212.dir/src.c.o -o cmTC_7c212 
gmake[1]: выход из каталога «/home/vitaliy/scand/build/CMakeFiles/CMakeScratch/TryCompile-ZvE1NS»


Source file was:
_Thread_local int test;
    int main(void) {
        (void)test;
        return 0;
    }

Performing C SOURCE FILE Test HAVE_BUILTIN_CTZ succeeded with the following output:
Change Dir: /home/vitaliy/scand/build/CMakeFiles/CMakeScratch/TryCompile-tjfMDg

Run Build Command(s):/usr/bin/gmake -f Makefile cmTC_8f5d7/fast && /usr/bin/gmake  -f CMakeFiles/cmTC_8f5d7.dir/build.make CMakeFiles/cmTC_8f5d7.dir/build
gmake[1]: вход в каталог «/home/vitaliy/scand/build/CMakeFiles/CMakeScratch/TryCompile-tjfMDg»
Building C object CMakeFiles/cmTC_8f5d7.dir/src.c.o
/usr/bin/cc -DHAVE_BUILTIN_CTZ  -std=c11 -o CMakeFiles/cmTC_8f5d7.dir/src.c.o -c /home/vitaliy/scand/build/CMakeFiles/CMakeScratch/TryCompile-tjfMDg/src.c
Linking C executable cmTC_8f5d7
/usr/bin/cmake -E cmake_link_script CMakeFiles/cmTC_8f5d7.dir/link.txt --verbose=1
/usr/bin/cc CMakeFiles/cmTC_8f5d7.dir/src.c.o -o cmTC_8f5d7 
gmake[1]: выход из каталога «/home/vitaliy/scand/build/CMakeFiles/CMakeScratch/TryCompile-tjfMDg»


Source file was:
int main(void) {
        unsigned int zero = 0;
        long test = __builtin_ctz(zero);
        (void)test;
        return 0;
    }

Performing C SOURCE FILE Test HAVE_BUILTIN_CTZLL succeeded with the following output:
Change Dir: /home/vitaliy/scand/build/CMakeFiles/CMakeScratch/TryCompile-t0O6om

Run Build Command(s):/usr/bin/gmake -f Makefile cmTC_5dc3a/fast && /usr/bin/gmake  -f CMakeFiles/cmTC_5dc3a.dir/build.make CMakeFiles/cmTC_5dc3a.dir/build
gmake[1]: вход в каталог «/home/vitaliy/scand/build/CMakeFiles/CMakeScratch/TryCompile-t0O6om»
Building C object CMakeFiles/cmTC_5dc3a.dir/src.c.o
/usr/bin/cc -DHAVE_BUILTIN_CTZLL  -std=c11 -o CMakeFiles/cmTC_5dc3a.dir/src.c.o -c /home/vitaliy/scand/build/CMakeFiles/CMakeScratch/TryCompile-t0O6om/src.c
Linking C executable cmTC_5dc3a
/usr/bin/cmake -E cmake_link_script CMakeFiles/cmTC_5dc3a.dir/link.txt --verbose=1
/usr/bin/cc CMakeFiles/cmTC_5dc3a.dir/src.c.o -o cmTC_5dc3a 
gmake[1]: выход из каталога «/home/vitaliy/scand/build/CMakeFiles/CMakeScratch/TryCompile-t0O6om»


Source file was:
int main(void) {
        unsigned int zero = 0;
        long test = __builtin_ctzll(zero);
        (void)test;
        return 0;
    }

Performing C SOURCE FILE Test HAVE_PTRDIFF_T succeeded with the following output:
Change Dir: /home/vitaliy/scand/build/CMakeFiles/CMakeScratch/TryCompile-NcZkpz

Run Build Command(s):/usr/bin/gmake -f Makefile cmTC_f5776/fast && /usr/bin/gmake  -f CMakeFiles/cmTC_f5776.dir/build.make CMakeFiles/cmTC_f5776.dir/build
gmake[1]: вход в каталог «/home/vitaliy/scand/build/CMakeFiles/CMakeScratch/TryCompile-NcZkpz»
Building C object CMakeFiles/cmTC_f5776.dir/src.c.o
/usr/bin/cc -DHAVE_PTRDIFF_T  -std=c11 -o CMakeFiles/cmTC_f5776.dir/src.c.o -c /home/vitaliy/scand/build/CMakeFiles/CMakeScratch/TryCompile-NcZkpz/src.c
Linking C executable cmTC_f5776
/usr/bin/cmake -E cmake_link_script CMakeFiles/cmTC_f5776.dir/link.txt --verbose=1
/usr/bin/cc CMakeFiles/cmTC_f5776.dir/src.c.o -o cmTC_f5776 
gmake[1]: выход из каталога «/home/vitaliy/scand/build/CMakeFiles/CMakeScratch/TryCompile-NcZkpz»


Source file was:
#include <stddef.h>
     int main() {
         ptrdiff_t *a;
         (void)a;
         return 0;
    }

Performing C SOURCE FILE Test HAVE_AVX2_INTRIN succeeded with the following output:
Change Dir: /home/vitaliy/scand/build/CMakeFiles/CMakeScratch/TryCompile-vtKUZk

Run Build Command(s):/usr/bin/gmake -f Makefile cmTC_00844/fast && /usr/bin/gmake  -f CMakeFiles/cmTC_00844.dir/build.make CMakeFiles/cmTC_00844.dir/build
gmake[1]: вход в каталог «/home/vitaliy/scand/build/CMakeFiles/CMakeScratch/TryCompile-vtKUZk»
Building C object CMakeFiles/cmTC_00844.dir/src.c.o
/usr/bin/cc -DHAVE_AVX2_INTRIN  -mavx2 -std=c11 -o CMakeFiles/cmTC_00844.dir/src.c.o -c /home/vitaliy/scand/build/CMakeFiles/CMakeScratch/TryCompile-vtKUZk/src.c
Linking C executable cmTC_00844
/usr/bin/cmake -E cmake_link_script CMakeFiles/cmTC_00844.dir/link.txt --verbose=1
/usr/bin/cc  -mavx2 CMakeFiles/cmTC_00844.dir/src.c.o -o cmTC_00844 
gmake[1]: выход из каталога «/home/vitaliy/scand/build/CMakeFiles/CMakeScratch/TryCompile-vtKUZk»


Source file was:
#include <immintrin.h>
        int main(void) {
            __m256i x = _mm256_set1_epi16(2);
            const __m256i y = _mm256_set1_epi16(1);
            x = _mm256_subs_epu16(x, y);
            (void)x;
            return 0;
        }

Performing C SOURCE FILE Test HAVE_CASCADE_LAKE succeeded with the following output:
Change Dir: /home/vitaliy/scand/build/CMakeFiles/CMakeScratch/TryCompile-u0cHZU

Run Build Command(s):/usr/bin/gmake -f Makefile cmTC_7085b/fast && /usr/bin/gmake  -f CMakeFiles/cmTC_7085b.dir/build.make CMakeFiles/cmTC_7085b.dir/build
gmake[1]: Entering directory '/home/vitaliy/scand/build/CMakeFiles/CMakeScratch/TryCompile-u0cHZU'
Building C object CMakeFiles/cmTC_7085b.dir/src.c.o
/usr/bin/cc -DHAVE_CASCADE_LAKE  -mtune=cascadelake -std=c11 -o CMakeFiles/cmTC_7085b.dir/src.c.o -c /home/vitaliy/scand/build/CMakeFiles/CMakeScratch/TryCompile-u0cHZU/src.c
Linking C executable cmTC_7085b
/usr/bin/cmake -E cmake_link_script CMakeFiles/cmTC_7085b.dir/link.txt --verbose=1
/usr/bin/cc CMakeFiles/cmTC_7085b.dir/src.c.o -o cmTC_7085b 
gmake[1]: Leaving directory '/home/vitaliy/scand/build/CMakeFiles/CMakeScratch/TryCompile-u0cHZU'


Source file was:
int main(void) { return 0; }

Performing C SOURCE FILE Test HAVE_AVX512_INTRIN succeeded with the following output:
Change Dir: /home/vitaliy/scand/build/CMakeFiles/CMakeScratch/TryCompile-H5dmlm

Run Build Command(s):/usr/bin/gmake -f Makefile cmTC_d0243/fast && /usr/bin/gmake  -f CMakeFiles/cmTC_d0243.dir/build.make CMakeFiles/cmTC_d0243.dir/build
gmake[1]: вход в каталог «/home/vitaliy/scand/build/CMakeFiles/CMakeScratch/TryCompile-H5dmlm»
Building C object CMakeFiles/cmTC_d0243.dir/src.c.o
/usr/bin/cc -DHAVE_AVX512_INTRIN  -mavx512f -mavx512dq -mavx512bw -mavx512vl -mtune=cascadelake -std=c11 -o CMakeFiles/cmTC_d0243.dir/src.c.o -c /home/vitaliy/scand/build/CMakeFiles/CMakeScratch/TryCompile-H5dmlm/src.c
Linking C executable cmTC_d0243
/usr/bin/cmake -E cmake_link_script CMakeFiles/cmTC_d0243.dir/link.txt --verbose=1
/usr/bin/cc  -mavx512f -mavx512dq -mavx512bw -mavx512vl -mtune=cascadelake CMakeFiles/cmTC_d0243.dir/src.c.o -o cmTC_d0243 
gmake[1]: выход из каталога «/home/vitaliy/scand/build/CMakeFiles/CMakeScratch/TryCompile-H5dmlm»


Source file was:
#include <immintrin.h>
        int main(void) {
            __m512i x = _mm512_set1_epi8(2);
            const __m512i y = _mm512_set_epi32(0x1020304, 0x5060708, 0x90a0b0c, 0xd0e0f10,
                                               0x11121314, 0x15161718, 0x191a1b1c, 0x1d1e1f20,
                                               0x21222324, 0x25262728, 0x292a2b2c, 0x2d2e2f30,
                                               0x31323334, 0x35363738, 0x393a3b3c, 0x3d3e3f40);
            x = _mm512_sub_epi8(x, y);
            (void)x;
            return 0;
        }

Performing C SOURCE FILE Test HAVE_MASK_INTRIN succeeded with the following output:
Change Dir: /home/vitaliy/scand/build/CMakeFiles/CMakeScratch/TryCompile-vxgNTr

Run Build Command(s):/usr/bin/gmake -f Makefile cmTC_e4275/fast && /usr/bin/gmake  -f CMakeFiles/cmTC_e4275.dir/build.make CMakeFiles/cmTC_e4275.dir/build
gmake[1]: вход в каталог «/home/vitaliy/scand/build/CMakeFiles/CMakeScratch/TryCompile-vxgNTr»
Building C object CMakeFiles/cmTC_e4275.dir/src.c.o
/usr/bin/cc -DHAVE_MASK_INTRIN  -mavx512f -mavx512dq -mavx512bw -mavx512vl -mtune=cascadelake -std=c11 -o CMakeFiles/cmTC_e4275.dir/src.c.o -c /home/vitaliy/scand/build/CMakeFiles/CMakeScratch/TryCompile-vxgNTr/src.c
Linking C executable cmTC_e4275
/usr/bin/cmake -E cmake_link_script CMakeFiles/cmTC_e4275.dir/link.txt --verbose=1
/usr/bin/cc  -mavx512f -mavx512dq -mavx512bw -mavx512vl -mtune=cascadelake CMakeFiles/cmTC_e4275.dir/src.c.o -o cmTC_e4275 
gmake[1]: выход из каталога «/home/vitaliy/scand/build/CMakeFiles/CMakeScratch/TryCompile-vxgNTr»


Source file was:
#include <immintrin.h>
        int main(void) {
            __mmask16 a = 0xFF;
            a = _knot_mask16(a);
            (void)a;
            return 0;
        }

Performing C SOURCE FILE Test HAVE_AVX512VNNI_INTRIN succeeded with the following output:
Change Dir: /home/vitaliy/scand/build/CMakeFiles/CMakeScratch/TryCompile-h9Qeem

Run Build Command(s):/usr/bin/gmake -f Makefile cmTC_2dca5/fast && /usr/bin/gmake  -f CMakeFiles/cmTC_2dca5.dir/build.make CMakeFiles/cmTC_2dca5.dir/build
gmake[1]: вход в каталог «/home/vitaliy/scand/build/CMakeFiles/CMakeScratch/TryCompile-h9Qeem»
Building C object CMakeFiles/cmTC_2dca5.dir/src.c.o
/usr/bin/cc -DHAVE_AVX512VNNI_INTRIN  -mavx512f -mavx512dq -mavx512bw -mavx512vl -mavx512vnni -mtune=cascadelake -std=c11 -o CMakeFiles/cmTC_2dca5.dir/src.c.o -c /home/vitaliy/scand/build/CMakeFiles/CMakeScratch/TryCompile-h9Qeem/src.c
Linking C executable cmTC_2dca5
/usr/bin/cmake -E cmake_link_script CMakeFiles/cmTC_2dca5.dir/link.txt --verbose=1
/usr/bin/cc  -mavx512f -mavx512dq -mavx512bw -mavx512vl -mavx512vnni -mtune=cascadelake CMakeFiles/cmTC_2dca5.dir/src.c.o -o cmTC_2dca5 
gmake[1]: выход из каталога «/home/vitaliy/scand/build/CMakeFiles/CMakeScratch/TryCompile-h9Qeem»


Source file was:
#include <immintrin.h>
        int main(void) {
            __m512i x = _mm512_set1_epi8(2);
            const __m512i y = _mm512_set_epi8(1, 2, 3, 4, 5, 6, 7, 8, 9, 10, 11, 12, 13, 14, 15, 16, 17, 18, 19,
                                              20, 21, 22, 23, 24, 25, 26, 27, 28, 29, 30, 31, 32, 33, 34, 35, 36, 37,
                                              38, 39, 40, 41, 42, 43, 44, 45, 46, 47, 48, 49, 50, 51, 52, 53, 54, 55,
                                              56, 57, 58, 59, 60, 61, 62, 63, 64);
            __m512i z = _mm512_setzero_epi32();
            z = _mm512_dpbusd_epi32(z, x, y);
            (void)z;
            return 0;
        }

Performing C SOURCE FILE Test HAVE_SSE42CRC_INLINE_ASM succeeded with the following output:
Change Dir: /home/vitaliy/scand/build/CMakeFiles/CMakeScratch/TryCompile-jId1IC

Run Build Command(s):/usr/bin/gmake -f Makefile cmTC_847e0/fast && /usr/bin/gmake  -f CMakeFiles/cmTC_847e0.dir/build.make CMakeFiles/cmTC_847e0.dir/build
gmake[1]: вход в каталог «/home/vitaliy/scand/build/CMakeFiles/CMakeScratch/TryCompile-jId1IC»
Building C object CMakeFiles/cmTC_847e0.dir/src.c.o
/usr/bin/cc -DHAVE_SSE42CRC_INLINE_ASM  -msse4.2 -std=c11 -o CMakeFiles/cmTC_847e0.dir/src.c.o -c /home/vitaliy/scand/build/CMakeFiles/CMakeScratch/TryCompile-jId1IC/src.c
Linking C executable cmTC_847e0
/usr/bin/cmake -E cmake_link_script CMakeFiles/cmTC_847e0.dir/link.txt --verbose=1
/usr/bin/cc  -msse4.2 CMakeFiles/cmTC_847e0.dir/src.c.o -o cmTC_847e0 
gmake[1]: выход из каталога «/home/vitaliy/scand/build/CMakeFiles/CMakeScratch/TryCompile-jId1IC»


Source file was:
int main(void) {
            unsigned val = 0, h = 0;
        #if defined(_MSC_VER)
            { __asm mov edx, h __asm mov eax, val __asm crc32 eax, edx __asm mov h, eax }
        #else
            __asm__ __volatile__ ( "crc32 %1,%0" : "+r" (h) : "r" (val) );
        #endif
            return (int)h;
        }

Performing C SOURCE FILE Test HAVE_SSE42CRC_INTRIN succeeded with the following output:
Change Dir: /home/vitaliy/scand/build/CMakeFiles/CMakeScratch/TryCompile-vXJmTf

Run Build Command(s):/usr/bin/gmake -f Makefile cmTC_df76a/fast && /usr/bin/gmake  -f CMakeFiles/cmTC_df76a.dir/build.make CMakeFiles/cmTC_df76a.dir/build
gmake[1]: вход в каталог «/home/vitaliy/scand/build/CMakeFiles/CMakeScratch/TryCompile-vXJmTf»
Building C object CMakeFiles/cmTC_df76a.dir/src.c.o
/usr/bin/cc -DHAVE_SSE42CRC_INTRIN  -msse4.2 -std=c11 -o CMakeFiles/cmTC_df76a.dir/src.c.o -c /home/vitaliy/scand/build/CMakeFiles/CMakeScratch/TryCompile-vXJmTf/src.c
Linking C executable cmTC_df76a
/usr/bin/cmake -E cmake_link_script CMakeFiles/cmTC_df76a.dir/link.txt --verbose=1
/usr/bin/cc  -msse4.2 CMakeFiles/cmTC_df76a.dir/src.c.o -o cmTC_df76a 
gmake[1]: выход из каталога «/home/vitaliy/scand/build/CMakeFiles/CMakeScratch/TryCompile-vXJmTf»


Source file was:
#include <immintrin.h>
        int main(void) {
            unsigned crc = 0;
            char c = 'c';
        #if defined(_MSC_VER)
            crc = _mm_crc32_u32(crc, c);
        #else
            crc = __builtin_ia32_crc32qi(crc, c);
        #endif
            (void)crc;
            return 0;
        }

Performing C SOURCE FILE Test HAVE_SSE2_INTRIN succeeded with the following output:
Change Dir: /home/vitaliy/scand/build/CMakeFiles/CMakeScratch/TryCompile-qHxeXB

Run Build Command(s):/usr/bin/gmake -f Makefile cmTC_c9b47/fast && /usr/bin/gmake  -f CMakeFiles/cmTC_c9b47.dir/build.make CMakeFiles/cmTC_c9b47.dir/build
gmake[1]: вход в каталог «/home/vitaliy/scand/build/CMakeFiles/CMakeScratch/TryCompile-qHxeXB»
Building C object CMakeFiles/cmTC_c9b47.dir/src.c.o
/usr/bin/cc -DHAVE_SSE2_INTRIN  -msse2 -std=c11 -o CMakeFiles/cmTC_c9b47.dir/src.c.o -c /home/vitaliy/scand/build/CMakeFiles/CMakeScratch/TryCompile-qHxeXB/src.c
Linking C executable cmTC_c9b47
/usr/bin/cmake -E cmake_link_script CMakeFiles/cmTC_c9b47.dir/link.txt --verbose=1
/usr/bin/cc  -msse2 CMakeFiles/cmTC_c9b47.dir/src.c.o -o cmTC_c9b47 
gmake[1]: выход из каталога «/home/vitaliy/scand/build/CMakeFiles/CMakeScratch/TryCompile-qHxeXB»


Source file was:
#include <immintrin.h>
        int main(void) {
            __m128i zero = _mm_setzero_si128();
            (void)zero;
            return 0;
        }

Performing C SOURCE FILE Test HAVE_SSSE3_INTRIN succeeded with the following output:
Change Dir: /home/vitaliy/scand/build/CMakeFiles/CMakeScratch/TryCompile-Llwnyy

Run Build Command(s):/usr/bin/gmake -f Makefile cmTC_d5463/fast && /usr/bin/gmake  -f CMakeFiles/cmTC_d5463.dir/build.make CMakeFiles/cmTC_d5463.dir/build
gmake[1]: вход в каталог «/home/vitaliy/scand/build/CMakeFiles/CMakeScratch/TryCompile-Llwnyy»
Building C object CMakeFiles/cmTC_d5463.dir/src.c.o
/usr/bin/cc -DHAVE_SSSE3_INTRIN  -mssse3 -std=c11 -o CMakeFiles/cmTC_d5463.dir/src.c.o -c /home/vitaliy/scand/build/CMakeFiles/CMakeScratch/TryCompile-Llwnyy/src.c
Linking C executable cmTC_d5463
/usr/bin/cmake -E cmake_link_script CMakeFiles/cmTC_d5463.dir/link.txt --verbose=1
/usr/bin/cc  -mssse3 CMakeFiles/cmTC_d5463.dir/src.c.o -o cmTC_d5463 
gmake[1]: выход из каталога «/home/vitaliy/scand/build/CMakeFiles/CMakeScratch/TryCompile-Llwnyy»


Source file was:
#include <immintrin.h>
        int main(void) {
            __m128i u, v, w;
            u = _mm_set1_epi32(1);
            v = _mm_set1_epi32(2);
            w = _mm_hadd_epi32(u, v);
            (void)w;
            return 0;
        }

Performing C SOURCE FILE Test HAVE_PCLMULQDQ_INTRIN succeeded with the following output:
Change Dir: /home/vitaliy/scand/build/CMakeFiles/CMakeScratch/TryCompile-L5SZYM

Run Build Command(s):/usr/bin/gmake -f Makefile cmTC_f315a/fast && /usr/bin/gmake  -f CMakeFiles/cmTC_f315a.dir/build.make CMakeFiles/cmTC_f315a.dir/build
gmake[1]: вход в каталог «/home/vitaliy/scand/build/CMakeFiles/CMakeScratch/TryCompile-L5SZYM»
Building C object CMakeFiles/cmTC_f315a.dir/src.c.o
/usr/bin/cc -DHAVE_PCLMULQDQ_INTRIN  -mpclmul -std=c11 -o CMakeFiles/cmTC_f315a.dir/src.c.o -c /home/vitaliy/scand/build/CMakeFiles/CMakeScratch/TryCompile-L5SZYM/src.c
Linking C executable cmTC_f315a
/usr/bin/cmake -E cmake_link_script CMakeFiles/cmTC_f315a.dir/link.txt --verbose=1
/usr/bin/cc  -mpclmul CMakeFiles/cmTC_f315a.dir/src.c.o -o cmTC_f315a 
gmake[1]: выход из каталога «/home/vitaliy/scand/build/CMakeFiles/CMakeScratch/TryCompile-L5SZYM»


Source file was:
#include <immintrin.h>
            int main(void) {
                __m128i a = _mm_setzero_si128();
                __m128i b = _mm_setzero_si128();
                __m128i c = _mm_clmulepi64_si128(a, b, 0x10);
                (void)c;
                return 0;
            }

Performing C SOURCE FILE Test HAVE_VPCLMULQDQ_INTRIN succeeded with the following output:
Change Dir: /home/vitaliy/scand/build/CMakeFiles/CMakeScratch/TryCompile-bCLKaD

Run Build Command(s):/usr/bin/gmake -f Makefile cmTC_f7f64/fast && /usr/bin/gmake  -f CMakeFiles/cmTC_f7f64.dir/build.make CMakeFiles/cmTC_f7f64.dir/build
gmake[1]: вход в каталог «/home/vitaliy/scand/build/CMakeFiles/CMakeScratch/TryCompile-bCLKaD»
Building C object CMakeFiles/cmTC_f7f64.dir/src.c.o
/usr/bin/cc -DHAVE_VPCLMULQDQ_INTRIN  -mvpclmulqdq -mavx512f -std=c11 -o CMakeFiles/cmTC_f7f64.dir/src.c.o -c /home/vitaliy/scand/build/CMakeFiles/CMakeScratch/TryCompile-bCLKaD/src.c
Linking C executable cmTC_f7f64
/usr/bin/cmake -E cmake_link_script CMakeFiles/cmTC_f7f64.dir/link.txt --verbose=1
/usr/bin/cc  -mvpclmulqdq -mavx512f CMakeFiles/cmTC_f7f64.dir/src.c.o -o cmTC_f7f64 
gmake[1]: выход из каталога «/home/vitaliy/scand/build/CMakeFiles/CMakeScratch/TryCompile-bCLKaD»


Source file was:
#include <immintrin.h>
            int main(void) {
                __m512i a = _mm512_setzero_si512();
                __m512i b = _mm512_setzero_si512();
                __m512i c = _mm512_clmulepi64_epi128(a, b, 0x10);
                (void)c;
                return 0;
            }

Performing C SOURCE FILE Test HAVE_XSAVE_INTRIN succeeded with the following output:
Change Dir: /home/vitaliy/scand/build/CMakeFiles/CMakeScratch/TryCompile-rkGmqe

Run Build Command(s):/usr/bin/gmake -f Makefile cmTC_2a737/fast && /usr/bin/gmake  -f CMakeFiles/cmTC_2a737.dir/build.make CMakeFiles/cmTC_2a737.dir/build
gmake[1]: вход в каталог «/home/vitaliy/scand/build/CMakeFiles/CMakeScratch/TryCompile-rkGmqe»
Building C object CMakeFiles/cmTC_2a737.dir/src.c.o
/usr/bin/cc -DHAVE_XSAVE_INTRIN  -mxsave -std=c11 -o CMakeFiles/cmTC_2a737.dir/src.c.o -c /home/vitaliy/scand/build/CMakeFiles/CMakeScratch/TryCompile-rkGmqe/src.c
Linking C executable cmTC_2a737
/usr/bin/cmake -E cmake_link_script CMakeFiles/cmTC_2a737.dir/link.txt --verbose=1
/usr/bin/cc  -mxsave CMakeFiles/cmTC_2a737.dir/src.c.o -o cmTC_2a737 
gmake[1]: выход из каталога «/home/vitaliy/scand/build/CMakeFiles/CMakeScratch/TryCompile-rkGmqe»


Source file was:
#ifdef _WIN32
         #  include <intrin.h>
         #else
         #  include <x86gprintrin.h>
         #endif
         int main(void) {
             return _xgetbv(0);
         }

Performing C SOURCE FILE Test CMAKE_HAVE_LIBC_PTHREAD succeeded with the following output:
Change Dir: /home/vitaliy/scand/build/CMakeFiles/CMakeScratch/TryCompile-9H476N

Run Build Command(s):/usr/bin/gmake -f Makefile cmTC_085fe/fast && /usr/bin/gmake  -f CMakeFiles/cmTC_085fe.dir/build.make CMakeFiles/cmTC_085fe.dir/build
gmake[1]: вход в каталог «/home/vitaliy/scand/build/CMakeFiles/CMakeScratch/TryCompile-9H476N»
Building C object CMakeFiles/cmTC_085fe.dir/src.c.o
/usr/bin/cc -DCMAKE_HAVE_LIBC_PTHREAD  -Werror-implicit-function-declaration -W -Wall -pedantic -Wbad-function-cast -Wconversion -Wmissing-declarations -Wmissing-prototypes -Wnested-externs -Wno-long-long -Wno-multichar -Wpointer-arith -Wshadow -Wsign-compare -Wundef -Wunused -Wwrite-strings -Waddress -Wattributes -Wcast-align -Wcast-qual -Wdeclaration-after-statement -Wdiv-by-zero -Wempty-body -Wendif-labels -Wfloat-equal -Wformat-security -Wignored-qualifiers -Wmissing-field-initializers -Wmissing-noreturn -Wno-format-nonliteral -Wno-sign-conversion -Wno-system-headers -Wold-style-definition -Wredundant-decls -Wstrict-prototypes -Wtype-limits -Wunreachable-code -Wunused-parameter -Wvla -Wclobbered -Wmissing-parameter-type -Wold-style-declaration -Wpragmas -Wstrict-aliasing=3 -ftree-vrp -Wjump-misses-init -Wdouble-promotion -Wformat=2 -Wtrampolines -Warray-bounds=2 -Wduplicated-cond -Wnull-dereference -fdelete-null-pointer-checks -Wshift-negative-value -Wshift-overflow=2 -Wunused-const-variable -Walloc-zero -Wduplicated-branches -Wformat-truncation=2 -Wimplicit-fallthrough -Wrestrict -Warith-conversion -Wenum-conversion -D_GNU_SOURCE  -o CMakeFiles/cmTC_085fe.dir/src.c.o -c /home/vitaliy/scand/build/CMakeFiles/CMakeScratch/TryCompile-9H476N/src.c
Linking C executable cmTC_085fe
/usr/bin/cmake -E cmake_link_script CMakeFiles/cmTC_085fe.dir/link.txt --verbose=1
/usr/bin/cc  -Werror-implicit-function-declaration -W -Wall -pedantic -Wbad-function-cast -Wconversion -Wmissing-declarations -Wmissing-prototypes -Wnested-externs -Wno-long-long -Wno-multichar -Wpointer-arith -Wshadow -Wsign-compare -Wundef -Wunused -Wwrite-strings -Waddress -Wattributes -Wcast-align -Wcast-qual -Wdeclaration-after-statement -Wdiv-by-zero -Wempty-body -Wendif-labels -Wfloat-equal -Wformat-security -Wignored-qualifiers -Wmissing-field-initializers -Wmissing-noreturn -Wno-format-nonliteral -Wno-sign-conversion -Wno-system-headers -Wold-style-definition -Wredundant-decls -Wstrict-prototypes -Wtype-limits -Wunreachable-code -Wunused-parameter -Wvla -Wclobbered -Wmissing-parameter-type -Wold-style-declaration -Wpragmas -Wstrict-aliasing=3 -ftree-vrp -Wjump-misses-init -Wdouble-promotion -Wformat=2 -Wtrampolines -Warray-bounds=2 -Wduplicated-cond -Wnull-dereference -fdelete-null-pointer-checks -Wshift-negative-value -Wshift-overflow=2 -Wunused-const-variable -Walloc-zero -Wduplicated-branches -Wformat-truncation=2 -Wimplicit-fallthrough -Wrestrict -Warith-conversion -Wenum-conversion -D_GNU_SOURCE  CMakeFiles/cmTC_085fe.dir/src.c.o -o cmTC_085fe 
gmake[1]: выход из каталога «/home/vitaliy/scand/build/CMakeFiles/CMakeScratch/TryCompile-9H476N»


Source file was:
#include <pthread.h>

static void* test_func(void* data)
{
  return data;
}

int main(void)
{
  pthread_t thread;
  pthread_create(&thread, NULL, test_func, NULL);
  pthread_detach(thread);
  pthread_cancel(thread);
  pthread_join(thread, NULL);
  pthread_atfork(NULL, NULL, NULL);
  pthread_exit(NULL);

  return 0;
}


Performing C SOURCE FILE Test HAVE_SOCKADDR_IN6_SIN6_SCOPE_ID succeeded with the following output:
Change Dir: /home/vitaliy/scand/build/CMakeFiles/CMakeScratch/TryCompile-k51gIM

Run Build Command(s):/usr/bin/gmake -f Makefile cmTC_99a94/fast && /usr/bin/gmake  -f CMakeFiles/cmTC_99a94.dir/build.make CMakeFiles/cmTC_99a94.dir/build
gmake[1]: вход в каталог «/home/vitaliy/scand/build/CMakeFiles/CMakeScratch/TryCompile-k51gIM»
Building C object CMakeFiles/cmTC_99a94.dir/src.c.o
/usr/bin/cc -DHAVE_SOCKADDR_IN6_SIN6_SCOPE_ID  -Werror-implicit-function-declaration -W -Wall -pedantic -Wbad-function-cast -Wconversion -Wmissing-declarations -Wmissing-prototypes -Wnested-externs -Wno-long-long -Wno-multichar -Wpointer-arith -Wshadow -Wsign-compare -Wundef -Wunused -Wwrite-strings -Waddress -Wattributes -Wcast-align -Wcast-qual -Wdeclaration-after-statement -Wdiv-by-zero -Wempty-body -Wendif-labels -Wfloat-equal -Wformat-security -Wignored-qualifiers -Wmissing-field-initializers -Wmissing-noreturn -Wno-format-nonliteral -Wno-sign-conversion -Wno-system-headers -Wold-style-definition -Wredundant-decls -Wstrict-prototypes -Wtype-limits -Wunreachable-code -Wunused-parameter -Wvla -Wclobbered -Wmissing-parameter-type -Wold-style-declaration -Wpragmas -Wstrict-aliasing=3 -ftree-vrp -Wjump-misses-init -Wdouble-promotion -Wformat=2 -Wtrampolines -Warray-bounds=2 -Wduplicated-cond -Wnull-dereference -fdelete-null-pointer-checks -Wshift-negative-value -Wshift-overflow=2 -Wunused-const-variable -Walloc-zero -Wduplicated-branches -Wformat-truncation=2 -Wimplicit-fallthrough -Wrestrict -Warith-conversion -Wenum-conversion -D_GNU_SOURCE  -o CMakeFiles/cmTC_99a94.dir/src.c.o -c /home/vitaliy/scand/build/CMakeFiles/CMakeScratch/TryCompile-k51gIM/src.c
/home/vitaliy/scand/build/CMakeFiles/CMakeScratch/TryCompile-k51gIM/src.c:4:5: warning: function declaration isn’t a prototype [-Wstrict-prototypes]
    4 | int main()
      |     ^~~~
/home/vitaliy/scand/build/CMakeFiles/CMakeScratch/TryCompile-k51gIM/src.c: In function ‘main’:
/home/vitaliy/scand/build/CMakeFiles/CMakeScratch/TryCompile-k51gIM/src.c:4:5: warning: old-style function definition [-Wold-style-definition]
Linking C executable cmTC_99a94
/usr/bin/cmake -E cmake_link_script CMakeFiles/cmTC_99a94.dir/link.txt --verbose=1
/usr/bin/cc  -Werror-implicit-function-declaration -W -Wall -pedantic -Wbad-function-cast -Wconversion -Wmissing-declarations -Wmissing-prototypes -Wnested-externs -Wno-long-long -Wno-multichar -Wpointer-arith -Wshadow -Wsign-compare -Wundef -Wunused -Wwrite-strings -Waddress -Wattributes -Wcast-align -Wcast-qual -Wdeclaration-after-statement -Wdiv-by-zero -Wempty-body -Wendif-labels -Wfloat-equal -Wformat-security -Wignored-qualifiers -Wmissing-field-initializers -Wmissing-noreturn -Wno-format-nonliteral -Wno-sign-conversion -Wno-system-headers -Wold-style-definition -Wredundant-decls -Wstrict-prototypes -Wtype-limits -Wunreachable-code -Wunused-parameter -Wvla -Wclobbered -Wmissing-parameter-type -Wold-style-declaration -Wpragmas -Wstrict-aliasing=3 -ftree-vrp -Wjump-misses-init -Wdouble-promotion -Wformat=2 -Wtrampolines -Warray-bounds=2 -Wduplicated-cond -Wnull-dereference -fdelete-null-pointer-checks -Wshift-negative-value -Wshift-overflow=2 -Wunused-const-variable -Walloc-zero -Wduplicated-branches -Wformat-truncation=2 -Wimplicit-fallthrough -Wrestrict -Warith-conversion -Wenum-conversion -D_GNU_SOURCE  CMakeFiles/cmTC_99a94.dir/src.c.o -o cmTC_99a94 
gmake[1]: выход из каталога «/home/vitaliy/scand/build/CMakeFiles/CMakeScratch/TryCompile-k51gIM»


Source file was:

#include <netinet/in.h>

int main()
{
  (void)sizeof(((struct sockaddr_in6 *)0)->sin6_scope_id);
  return 0;
}


Performing C SOURCE FILE Test HAVE_SOCKADDR_IN6_SIN6_ADDR succeeded with the following output:
Change Dir: /home/vitaliy/scand/build/CMakeFiles/CMakeScratch/TryCompile-xQO4k6

Run Build Command(s):/usr/bin/gmake -f Makefile cmTC_e80c8/fast && /usr/bin/gmake  -f CMakeFiles/cmTC_e80c8.dir/build.make CMakeFiles/cmTC_e80c8.dir/build
gmake[1]: вход в каталог «/home/vitaliy/scand/build/CMakeFiles/CMakeScratch/TryCompile-xQO4k6»
Building C object CMakeFiles/cmTC_e80c8.dir/src.c.o
/usr/bin/cc -DHAVE_SOCKADDR_IN6_SIN6_ADDR  -Werror-implicit-function-declaration -W -Wall -pedantic -Wbad-function-cast -Wconversion -Wmissing-declarations -Wmissing-prototypes -Wnested-externs -Wno-long-long -Wno-multichar -Wpointer-arith -Wshadow -Wsign-compare -Wundef -Wunused -Wwrite-strings -Waddress -Wattributes -Wcast-align -Wcast-qual -Wdeclaration-after-statement -Wdiv-by-zero -Wempty-body -Wendif-labels -Wfloat-equal -Wformat-security -Wignored-qualifiers -Wmissing-field-initializers -Wmissing-noreturn -Wno-format-nonliteral -Wno-sign-conversion -Wno-system-headers -Wold-style-definition -Wredundant-decls -Wstrict-prototypes -Wtype-limits -Wunreachable-code -Wunused-parameter -Wvla -Wclobbered -Wmissing-parameter-type -Wold-style-declaration -Wpragmas -Wstrict-aliasing=3 -ftree-vrp -Wjump-misses-init -Wdouble-promotion -Wformat=2 -Wtrampolines -Warray-bounds=2 -Wduplicated-cond -Wnull-dereference -fdelete-null-pointer-checks -Wshift-negative-value -Wshift-overflow=2 -Wunused-const-variable -Walloc-zero -Wduplicated-branches -Wformat-truncation=2 -Wimplicit-fallthrough -Wrestrict -Warith-conversion -Wenum-conversion -D_GNU_SOURCE  -o CMakeFiles/cmTC_e80c8.dir/src.c.o -c /home/vitaliy/scand/build/CMakeFiles/CMakeScratch/TryCompile-xQO4k6/src.c
/home/vitaliy/scand/build/CMakeFiles/CMakeScratch/TryCompile-xQO4k6/src.c:4:5: warning: function declaration isn’t a prototype [-Wstrict-prototypes]
    4 | int main()
      |     ^~~~
/home/vitaliy/scand/build/CMakeFiles/CMakeScratch/TryCompile-xQO4k6/src.c: In function ‘main’:
/home/vitaliy/scand/build/CMakeFiles/CMakeScratch/TryCompile-xQO4k6/src.c:4:5: warning: old-style function definition [-Wold-style-definition]
Linking C executable cmTC_e80c8
/usr/bin/cmake -E cmake_link_script CMakeFiles/cmTC_e80c8.dir/link.txt --verbose=1
/usr/bin/cc  -Werror-implicit-function-declaration -W -Wall -pedantic -Wbad-function-cast -Wconversion -Wmissing-declarations -Wmissing-prototypes -Wnested-externs -Wno-long-long -Wno-multichar -Wpointer-arith -Wshadow -Wsign-compare -Wundef -Wunused -Wwrite-strings -Waddress -Wattributes -Wcast-align -Wcast-qual -Wdeclaration-after-statement -Wdiv-by-zero -Wempty-body -Wendif-labels -Wfloat-equal -Wformat-security -Wignored-qualifiers -Wmissing-field-initializers -Wmissing-noreturn -Wno-format-nonliteral -Wno-sign-conversion -Wno-system-headers -Wold-style-definition -Wredundant-decls -Wstrict-prototypes -Wtype-limits -Wunreachable-code -Wunused-parameter -Wvla -Wclobbered -Wmissing-parameter-type -Wold-style-declaration -Wpragmas -Wstrict-aliasing=3 -ftree-vrp -Wjump-misses-init -Wdouble-promotion -Wformat=2 -Wtrampolines -Warray-bounds=2 -Wduplicated-cond -Wnull-dereference -fdelete-null-pointer-checks -Wshift-negative-value -Wshift-overflow=2 -Wunused-const-variable -Walloc-zero -Wduplicated-branches -Wformat-truncation=2 -Wimplicit-fallthrough -Wrestrict -Warith-conversion -Wenum-conversion -D_GNU_SOURCE  CMakeFiles/cmTC_e80c8.dir/src.c.o -o cmTC_e80c8 
gmake[1]: выход из каталога «/home/vitaliy/scand/build/CMakeFiles/CMakeScratch/TryCompile-xQO4k6»


Source file was:

#include <netinet/in.h>

int main()
{
  (void)sizeof(((struct sockaddr_in6 *)0)->sin6_addr);
  return 0;
}


Determining if the function SSL_set0_wbio exists passed with the following output:
Change Dir: /home/vitaliy/scand/build/CMakeFiles/CMakeScratch/TryCompile-XuAXLX

Run Build Command(s):/usr/bin/gmake -f Makefile cmTC_6cbfc/fast && /usr/bin/gmake  -f CMakeFiles/cmTC_6cbfc.dir/build.make CMakeFiles/cmTC_6cbfc.dir/build
gmake[1]: вход в каталог «/home/vitaliy/scand/build/CMakeFiles/CMakeScratch/TryCompile-XuAXLX»
Building C object CMakeFiles/cmTC_6cbfc.dir/CheckFunctionExists.c.o
/usr/bin/cc -DOPENSSL_SUPPRESS_DEPRECATED  -Werror-implicit-function-declaration -W -Wall -pedantic -Wbad-function-cast -Wconversion -Wmissing-declarations -Wmissing-prototypes -Wnested-externs -Wno-long-long -Wno-multichar -Wpointer-arith -Wshadow -Wsign-compare -Wundef -Wunused -Wwrite-strings -Waddress -Wattributes -Wcast-align -Wcast-qual -Wdeclaration-after-statement -Wdiv-by-zero -Wempty-body -Wendif-labels -Wfloat-equal -Wformat-security -Wignored-qualifiers -Wmissing-field-initializers -Wmissing-noreturn -Wno-format-nonliteral -Wno-sign-conversion -Wno-system-headers -Wold-style-definition -Wredundant-decls -Wstrict-prototypes -Wtype-limits -Wunreachable-code -Wunused-parameter -Wvla -Wclobbered -Wmissing-parameter-type -Wold-style-declaration -Wpragmas -Wstrict-aliasing=3 -ftree-vrp -Wjump-misses-init -Wdouble-promotion -Wformat=2 -Wtrampolines -Warray-bounds=2 -Wduplicated-cond -Wnull-dereference -fdelete-null-pointer-checks -Wshift-negative-value -Wshift-overflow=2 -Wunused-const-variable -Walloc-zero -Wduplicated-branches -Wformat-truncation=2 -Wimplicit-fallthrough -Wrestrict -Warith-conversion -Wenum-conversion -D_GNU_SOURCE -DCHECK_FUNCTION_EXISTS=SSL_set0_wbio -o CMakeFiles/cmTC_6cbfc.dir/CheckFunctionExists.c.o -c /home/vitaliy/scand/build/CMakeFiles/CMakeScratch/TryCompile-XuAXLX/CheckFunctionExists.c
Linking C executable cmTC_6cbfc
/usr/bin/cmake -E cmake_link_script CMakeFiles/cmTC_6cbfc.dir/link.txt --verbose=1
/usr/bin/cc  -Werror-implicit-function-declaration -W -Wall -pedantic -Wbad-function-cast -Wconversion -Wmissing-declarations -Wmissing-prototypes -Wnested-externs -Wno-long-long -Wno-multichar -Wpointer-arith -Wshadow -Wsign-compare -Wundef -Wunused -Wwrite-strings -Waddress -Wattributes -Wcast-align -Wcast-qual -Wdeclaration-after-statement -Wdiv-by-zero -Wempty-body -Wendif-labels -Wfloat-equal -Wformat-security -Wignored-qualifiers -Wmissing-field-initializers -Wmissing-noreturn -Wno-format-nonliteral -Wno-sign-conversion -Wno-system-headers -Wold-style-definition -Wredundant-decls -Wstrict-prototypes -Wtype-limits -Wunreachable-code -Wunused-parameter -Wvla -Wclobbered -Wmissing-parameter-type -Wold-style-declaration -Wpragmas -Wstrict-aliasing=3 -ftree-vrp -Wjump-misses-init -Wdouble-promotion -Wformat=2 -Wtrampolines -Warray-bounds=2 -Wduplicated-cond -Wnull-dereference -fdelete-null-pointer-checks -Wshift-negative-value -Wshift-overflow=2 -Wunused-const-variable -Walloc-zero -Wduplicated-branches -Wformat-truncation=2 -Wimplicit-fallthrough -Wrestrict -Warith-conversion -Wenum-conversion -D_GNU_SOURCE -DCHECK_FUNCTION_EXISTS=SSL_set0_wbio CMakeFiles/cmTC_6cbfc.dir/CheckFunctionExists.c.o -o cmTC_6cbfc  /usr/lib/x86_64-linux-gnu/libssl.so /usr/lib/x86_64-linux-gnu/libcrypto.so /usr/lib/x86_64-linux-gnu/libz.so 
gmake[1]: выход из каталога «/home/vitaliy/scand/build/CMakeFiles/CMakeScratch/TryCompile-XuAXLX»



Determining if the SSL_CTX_set_srp_username exist passed with the following output:
Change Dir: /home/vitaliy/scand/build/CMakeFiles/CMakeScratch/TryCompile-o6ZpFY

Run Build Command(s):/usr/bin/gmake -f Makefile cmTC_855a3/fast && /usr/bin/gmake  -f CMakeFiles/cmTC_855a3.dir/build.make CMakeFiles/cmTC_855a3.dir/build
gmake[1]: вход в каталог «/home/vitaliy/scand/build/CMakeFiles/CMakeScratch/TryCompile-o6ZpFY»
Building C object CMakeFiles/cmTC_855a3.dir/CheckSymbolExists.c.o
/usr/bin/cc -DOPENSSL_SUPPRESS_DEPRECATED  -Werror-implicit-function-declaration -W -Wall -pedantic -Wbad-function-cast -Wconversion -Wmissing-declarations -Wmissing-prototypes -Wnested-externs -Wno-long-long -Wno-multichar -Wpointer-arith -Wshadow -Wsign-compare -Wundef -Wunused -Wwrite-strings -Waddress -Wattributes -Wcast-align -Wcast-qual -Wdeclaration-after-statement -Wdiv-by-zero -Wempty-body -Wendif-labels -Wfloat-equal -Wformat-security -Wignored-qualifiers -Wmissing-field-initializers -Wmissing-noreturn -Wno-format-nonliteral -Wno-sign-conversion -Wno-system-headers -Wold-style-definition -Wredundant-decls -Wstrict-prototypes -Wtype-limits -Wunreachable-code -Wunused-parameter -Wvla -Wclobbered -Wmissing-parameter-type -Wold-style-declaration -Wpragmas -Wstrict-aliasing=3 -ftree-vrp -Wjump-misses-init -Wdouble-promotion -Wformat=2 -Wtrampolines -Warray-bounds=2 -Wduplicated-cond -Wnull-dereference -fdelete-null-pointer-checks -Wshift-negative-value -Wshift-overflow=2 -Wunused-const-variable -Walloc-zero -Wduplicated-branches -Wformat-truncation=2 -Wimplicit-fallthrough -Wrestrict -Warith-conversion -Wenum-conversion -D_GNU_SOURCE  -o CMakeFiles/cmTC_855a3.dir/CheckSymbolExists.c.o -c /home/vitaliy/scand/build/CMakeFiles/CMakeScratch/TryCompile-o6ZpFY/CheckSymbolExists.c
/home/vitaliy/scand/build/CMakeFiles/CMakeScratch/TryCompile-o6ZpFY/CheckSymbolExists.c: In function ‘main’:
/home/vitaliy/scand/build/CMakeFiles/CMakeScratch/TryCompile-o6ZpFY/CheckSymbolExists.c:8:11: warning: ISO C forbids conversion of function pointer to object pointer type [-Wpedantic]
    8 |   return ((int*)(&SSL_CTX_set_srp_username))[argc];
      |           ^
Linking C executable cmTC_855a3
/usr/bin/cmake -E cmake_link_script CMakeFiles/cmTC_855a3.dir/link.txt --verbose=1
/usr/bin/cc  -Werror-implicit-function-declaration -W -Wall -pedantic -Wbad-function-cast -Wconversion -Wmissing-declarations -Wmissing-prototypes -Wnested-externs -Wno-long-long -Wno-multichar -Wpointer-arith -Wshadow -Wsign-compare -Wundef -Wunused -Wwrite-strings -Waddress -Wattributes -Wcast-align -Wcast-qual -Wdeclaration-after-statement -Wdiv-by-zero -Wempty-body -Wendif-labels -Wfloat-equal -Wformat-security -Wignored-qualifiers -Wmissing-field-initializers -Wmissing-noreturn -Wno-format-nonliteral -Wno-sign-conversion -Wno-system-headers -Wold-style-definition -Wredundant-decls -Wstrict-prototypes -Wtype-limits -Wunreachable-code -Wunused-parameter -Wvla -Wclobbered -Wmissing-parameter-type -Wold-style-declaration -Wpragmas -Wstrict-aliasing=3 -ftree-vrp -Wjump-misses-init -Wdouble-promotion -Wformat=2 -Wtrampolines -Warray-bounds=2 -Wduplicated-cond -Wnull-dereference -fdelete-null-pointer-checks -Wshift-negative-value -Wshift-overflow=2 -Wunused-const-variable -Walloc-zero -Wduplicated-branches -Wformat-truncation=2 -Wimplicit-fallthrough -Wrestrict -Warith-conversion -Wenum-conversion -D_GNU_SOURCE  CMakeFiles/cmTC_855a3.dir/CheckSymbolExists.c.o -o cmTC_855a3  /usr/lib/x86_64-linux-gnu/libssl.so /usr/lib/x86_64-linux-gnu/libcrypto.so /usr/lib/x86_64-linux-gnu/libz.so 
gmake[1]: выход из каталога «/home/vitaliy/scand/build/CMakeFiles/CMakeScratch/TryCompile-o6ZpFY»


File CheckSymbolExists.c:
/* */
#include <openssl/ssl.h>

int main(int argc, char** argv)
{
  (void)argv;
#ifndef SSL_CTX_set_srp_username
  return ((int*)(&SSL_CTX_set_srp_username))[argc];
#else
  (void)argc;
  return 0;
#endif
}
Performing C SOURCE FILE Test USE_UNIX_SOCKETS succeeded with the following output:
Change Dir: /home/vitaliy/scand/build/CMakeFiles/CMakeScratch/TryCompile-pWj8Bx

Run Build Command(s):/usr/bin/gmake -f Makefile cmTC_0b8b7/fast && /usr/bin/gmake  -f CMakeFiles/cmTC_0b8b7.dir/build.make CMakeFiles/cmTC_0b8b7.dir/build
gmake[1]: вход в каталог «/home/vitaliy/scand/build/CMakeFiles/CMakeScratch/TryCompile-pWj8Bx»
Building C object CMakeFiles/cmTC_0b8b7.dir/src.c.o
/usr/bin/cc -DUSE_UNIX_SOCKETS  -Werror-implicit-function-declaration -W -Wall -pedantic -Wbad-function-cast -Wconversion -Wmissing-declarations -Wmissing-prototypes -Wnested-externs -Wno-long-long -Wno-multichar -Wpointer-arith -Wshadow -Wsign-compare -Wundef -Wunused -Wwrite-strings -Waddress -Wattributes -Wcast-align -Wcast-qual -Wdeclaration-after-statement -Wdiv-by-zero -Wempty-body -Wendif-labels -Wfloat-equal -Wformat-security -Wignored-qualifiers -Wmissing-field-initializers -Wmissing-noreturn -Wno-format-nonliteral -Wno-sign-conversion -Wno-system-headers -Wold-style-definition -Wredundant-decls -Wstrict-prototypes -Wtype-limits -Wunreachable-code -Wunused-parameter -Wvla -Wclobbered -Wmissing-parameter-type -Wold-style-declaration -Wpragmas -Wstrict-aliasing=3 -ftree-vrp -Wjump-misses-init -Wdouble-promotion -Wformat=2 -Wtrampolines -Warray-bounds=2 -Wduplicated-cond -Wnull-dereference -fdelete-null-pointer-checks -Wshift-negative-value -Wshift-overflow=2 -Wunused-const-variable -Walloc-zero -Wduplicated-branches -Wformat-truncation=2 -Wimplicit-fallthrough -Wrestrict -Warith-conversion -Wenum-conversion -D_GNU_SOURCE  -o CMakeFiles/cmTC_0b8b7.dir/src.c.o -c /home/vitaliy/scand/build/CMakeFiles/CMakeScratch/TryCompile-pWj8Bx/src.c
/home/vitaliy/scand/build/CMakeFiles/CMakeScratch/TryCompile-pWj8Bx/src.c:4:5: warning: function declaration isn’t a prototype [-Wstrict-prototypes]
    4 | int main()
      |     ^~~~
/home/vitaliy/scand/build/CMakeFiles/CMakeScratch/TryCompile-pWj8Bx/src.c: In function ‘main’:
/home/vitaliy/scand/build/CMakeFiles/CMakeScratch/TryCompile-pWj8Bx/src.c:4:5: warning: old-style function definition [-Wold-style-definition]
Linking C executable cmTC_0b8b7
/usr/bin/cmake -E cmake_link_script CMakeFiles/cmTC_0b8b7.dir/link.txt --verbose=1
/usr/bin/cc  -Werror-implicit-function-declaration -W -Wall -pedantic -Wbad-function-cast -Wconversion -Wmissing-declarations -Wmissing-prototypes -Wnested-externs -Wno-long-long -Wno-multichar -Wpointer-arith -Wshadow -Wsign-compare -Wundef -Wunused -Wwrite-strings -Waddress -Wattributes -Wcast-align -Wcast-qual -Wdeclaration-after-statement -Wdiv-by-zero -Wempty-body -Wendif-labels -Wfloat-equal -Wformat-security -Wignored-qualifiers -Wmissing-field-initializers -Wmissing-noreturn -Wno-format-nonliteral -Wno-sign-conversion -Wno-system-headers -Wold-style-definition -Wredundant-decls -Wstrict-prototypes -Wtype-limits -Wunreachable-code -Wunused-parameter -Wvla -Wclobbered -Wmissing-parameter-type -Wold-style-declaration -Wpragmas -Wstrict-aliasing=3 -ftree-vrp -Wjump-misses-init -Wdouble-promotion -Wformat=2 -Wtrampolines -Warray-bounds=2 -Wduplicated-cond -Wnull-dereference -fdelete-null-pointer-checks -Wshift-negative-value -Wshift-overflow=2 -Wunused-const-variable -Walloc-zero -Wduplicated-branches -Wformat-truncation=2 -Wimplicit-fallthrough -Wrestrict -Warith-conversion -Wenum-conversion -D_GNU_SOURCE  CMakeFiles/cmTC_0b8b7.dir/src.c.o -o cmTC_0b8b7 
gmake[1]: выход из каталога «/home/vitaliy/scand/build/CMakeFiles/CMakeScratch/TryCompile-pWj8Bx»


Source file was:

#include <sys/un.h>

int main()
{
  (void)sizeof(((struct sockaddr_un *)0)->sun_path);
  return 0;
}


Determining if the include file sys/eventfd.h exists passed with the following output:
Change Dir: /home/vitaliy/scand/build/CMakeFiles/CMakeScratch/TryCompile-ZeUxMe

Run Build Command(s):/usr/bin/gmake -f Makefile cmTC_c2436/fast && /usr/bin/gmake  -f CMakeFiles/cmTC_c2436.dir/build.make CMakeFiles/cmTC_c2436.dir/build
gmake[1]: вход в каталог «/home/vitaliy/scand/build/CMakeFiles/CMakeScratch/TryCompile-ZeUxMe»
Building C object CMakeFiles/cmTC_c2436.dir/CheckIncludeFile.c.o
/usr/bin/cc   -Werror-implicit-function-declaration -W -Wall -pedantic -Wbad-function-cast -Wconversion -Wmissing-declarations -Wmissing-prototypes -Wnested-externs -Wno-long-long -Wno-multichar -Wpointer-arith -Wshadow -Wsign-compare -Wundef -Wunused -Wwrite-strings -Waddress -Wattributes -Wcast-align -Wcast-qual -Wdeclaration-after-statement -Wdiv-by-zero -Wempty-body -Wendif-labels -Wfloat-equal -Wformat-security -Wignored-qualifiers -Wmissing-field-initializers -Wmissing-noreturn -Wno-format-nonliteral -Wno-sign-conversion -Wno-system-headers -Wold-style-definition -Wredundant-decls -Wstrict-prototypes -Wtype-limits -Wunreachable-code -Wunused-parameter -Wvla -Wclobbered -Wmissing-parameter-type -Wold-style-declaration -Wpragmas -Wstrict-aliasing=3 -ftree-vrp -Wjump-misses-init -Wdouble-promotion -Wformat=2 -Wtrampolines -Warray-bounds=2 -Wduplicated-cond -Wnull-dereference -fdelete-null-pointer-checks -Wshift-negative-value -Wshift-overflow=2 -Wunused-const-variable -Walloc-zero -Wduplicated-branches -Wformat-truncation=2 -Wimplicit-fallthrough -Wrestrict -Warith-conversion -Wenum-conversion -D_GNU_SOURCE  -o CMakeFiles/cmTC_c2436.dir/CheckIncludeFile.c.o -c /home/vitaliy/scand/build/CMakeFiles/CMakeScratch/TryCompile-ZeUxMe/CheckIncludeFile.c
Linking C executable cmTC_c2436
/usr/bin/cmake -E cmake_link_script CMakeFiles/cmTC_c2436.dir/link.txt --verbose=1
/usr/bin/cc  -Werror-implicit-function-declaration -W -Wall -pedantic -Wbad-function-cast -Wconversion -Wmissing-declarations -Wmissing-prototypes -Wnested-externs -Wno-long-long -Wno-multichar -Wpointer-arith -Wshadow -Wsign-compare -Wundef -Wunused -Wwrite-strings -Waddress -Wattributes -Wcast-align -Wcast-qual -Wdeclaration-after-statement -Wdiv-by-zero -Wempty-body -Wendif-labels -Wfloat-equal -Wformat-security -Wignored-qualifiers -Wmissing-field-initializers -Wmissing-noreturn -Wno-format-nonliteral -Wno-sign-conversion -Wno-system-headers -Wold-style-definition -Wredundant-decls -Wstrict-prototypes -Wtype-limits -Wunreachable-code -Wunused-parameter -Wvla -Wclobbered -Wmissing-parameter-type -Wold-style-declaration -Wpragmas -Wstrict-aliasing=3 -ftree-vrp -Wjump-misses-init -Wdouble-promotion -Wformat=2 -Wtrampolines -Warray-bounds=2 -Wduplicated-cond -Wnull-dereference -fdelete-null-pointer-checks -Wshift-negative-value -Wshift-overflow=2 -Wunused-const-variable -Walloc-zero -Wduplicated-branches -Wformat-truncation=2 -Wimplicit-fallthrough -Wrestrict -Warith-conversion -Wenum-conversion -D_GNU_SOURCE  CMakeFiles/cmTC_c2436.dir/CheckIncludeFile.c.o -o cmTC_c2436 
gmake[1]: выход из каталога «/home/vitaliy/scand/build/CMakeFiles/CMakeScratch/TryCompile-ZeUxMe»



Determining if the include file sys/ioctl.h exists passed with the following output:
Change Dir: /home/vitaliy/scand/build/CMakeFiles/CMakeScratch/TryCompile-NskA6Z

Run Build Command(s):/usr/bin/gmake -f Makefile cmTC_9a98b/fast && /usr/bin/gmake  -f CMakeFiles/cmTC_9a98b.dir/build.make CMakeFiles/cmTC_9a98b.dir/build
gmake[1]: вход в каталог «/home/vitaliy/scand/build/CMakeFiles/CMakeScratch/TryCompile-NskA6Z»
Building C object CMakeFiles/cmTC_9a98b.dir/CheckIncludeFile.c.o
/usr/bin/cc   -Werror-implicit-function-declaration -W -Wall -pedantic -Wbad-function-cast -Wconversion -Wmissing-declarations -Wmissing-prototypes -Wnested-externs -Wno-long-long -Wno-multichar -Wpointer-arith -Wshadow -Wsign-compare -Wundef -Wunused -Wwrite-strings -Waddress -Wattributes -Wcast-align -Wcast-qual -Wdeclaration-after-statement -Wdiv-by-zero -Wempty-body -Wendif-labels -Wfloat-equal -Wformat-security -Wignored-qualifiers -Wmissing-field-initializers -Wmissing-noreturn -Wno-format-nonliteral -Wno-sign-conversion -Wno-system-headers -Wold-style-definition -Wredundant-decls -Wstrict-prototypes -Wtype-limits -Wunreachable-code -Wunused-parameter -Wvla -Wclobbered -Wmissing-parameter-type -Wold-style-declaration -Wpragmas -Wstrict-aliasing=3 -ftree-vrp -Wjump-misses-init -Wdouble-promotion -Wformat=2 -Wtrampolines -Warray-bounds=2 -Wduplicated-cond -Wnull-dereference -fdelete-null-pointer-checks -Wshift-negative-value -Wshift-overflow=2 -Wunused-const-variable -Walloc-zero -Wduplicated-branches -Wformat-truncation=2 -Wimplicit-fallthrough -Wrestrict -Warith-conversion -Wenum-conversion -D_GNU_SOURCE  -o CMakeFiles/cmTC_9a98b.dir/CheckIncludeFile.c.o -c /home/vitaliy/scand/build/CMakeFiles/CMakeScratch/TryCompile-NskA6Z/CheckIncludeFile.c
Linking C executable cmTC_9a98b
/usr/bin/cmake -E cmake_link_script CMakeFiles/cmTC_9a98b.dir/link.txt --verbose=1
/usr/bin/cc  -Werror-implicit-function-declaration -W -Wall -pedantic -Wbad-function-cast -Wconversion -Wmissing-declarations -Wmissing-prototypes -Wnested-externs -Wno-long-long -Wno-multichar -Wpointer-arith -Wshadow -Wsign-compare -Wundef -Wunused -Wwrite-strings -Waddress -Wattributes -Wcast-align -Wcast-qual -Wdeclaration-after-statement -Wdiv-by-zero -Wempty-body -Wendif-labels -Wfloat-equal -Wformat-security -Wignored-qualifiers -Wmissing-field-initializers -Wmissing-noreturn -Wno-format-nonliteral -Wno-sign-conversion -Wno-system-headers -Wold-style-definition -Wredundant-decls -Wstrict-prototypes -Wtype-limits -Wunreachable-code -Wunused-parameter -Wvla -Wclobbered -Wmissing-parameter-type -Wold-style-declaration -Wpragmas -Wstrict-aliasing=3 -ftree-vrp -Wjump-misses-init -Wdouble-promotion -Wformat=2 -Wtrampolines -Warray-bounds=2 -Wduplicated-cond -Wnull-dereference -fdelete-null-pointer-checks -Wshift-negative-value -Wshift-overflow=2 -Wunused-const-variable -Walloc-zero -Wduplicated-branches -Wformat-truncation=2 -Wimplicit-fallthrough -Wrestrict -Warith-conversion -Wenum-conversion -D_GNU_SOURCE  CMakeFiles/cmTC_9a98b.dir/CheckIncludeFile.c.o -o cmTC_9a98b 
gmake[1]: выход из каталога «/home/vitaliy/scand/build/CMakeFiles/CMakeScratch/TryCompile-NskA6Z»



Determining if the include file sys/param.h exists passed with the following output:
Change Dir: /home/vitaliy/scand/build/CMakeFiles/CMakeScratch/TryCompile-qxy3ue

Run Build Command(s):/usr/bin/gmake -f Makefile cmTC_6c490/fast && /usr/bin/gmake  -f CMakeFiles/cmTC_6c490.dir/build.make CMakeFiles/cmTC_6c490.dir/build
gmake[1]: вход в каталог «/home/vitaliy/scand/build/CMakeFiles/CMakeScratch/TryCompile-qxy3ue»
Building C object CMakeFiles/cmTC_6c490.dir/CheckIncludeFile.c.o
/usr/bin/cc   -Werror-implicit-function-declaration -W -Wall -pedantic -Wbad-function-cast -Wconversion -Wmissing-declarations -Wmissing-prototypes -Wnested-externs -Wno-long-long -Wno-multichar -Wpointer-arith -Wshadow -Wsign-compare -Wundef -Wunused -Wwrite-strings -Waddress -Wattributes -Wcast-align -Wcast-qual -Wdeclaration-after-statement -Wdiv-by-zero -Wempty-body -Wendif-labels -Wfloat-equal -Wformat-security -Wignored-qualifiers -Wmissing-field-initializers -Wmissing-noreturn -Wno-format-nonliteral -Wno-sign-conversion -Wno-system-headers -Wold-style-definition -Wredundant-decls -Wstrict-prototypes -Wtype-limits -Wunreachable-code -Wunused-parameter -Wvla -Wclobbered -Wmissing-parameter-type -Wold-style-declaration -Wpragmas -Wstrict-aliasing=3 -ftree-vrp -Wjump-misses-init -Wdouble-promotion -Wformat=2 -Wtrampolines -Warray-bounds=2 -Wduplicated-cond -Wnull-dereference -fdelete-null-pointer-checks -Wshift-negative-value -Wshift-overflow=2 -Wunused-const-variable -Walloc-zero -Wduplicated-branches -Wformat-truncation=2 -Wimplicit-fallthrough -Wrestrict -Warith-conversion -Wenum-conversion -D_GNU_SOURCE  -o CMakeFiles/cmTC_6c490.dir/CheckIncludeFile.c.o -c /home/vitaliy/scand/build/CMakeFiles/CMakeScratch/TryCompile-qxy3ue/CheckIncludeFile.c
Linking C executable cmTC_6c490
/usr/bin/cmake -E cmake_link_script CMakeFiles/cmTC_6c490.dir/link.txt --verbose=1
/usr/bin/cc  -Werror-implicit-function-declaration -W -Wall -pedantic -Wbad-function-cast -Wconversion -Wmissing-declarations -Wmissing-prototypes -Wnested-externs -Wno-long-long -Wno-multichar -Wpointer-arith -Wshadow -Wsign-compare -Wundef -Wunused -Wwrite-strings -Waddress -Wattributes -Wcast-align -Wcast-qual -Wdeclaration-after-statement -Wdiv-by-zero -Wempty-body -Wendif-labels -Wfloat-equal -Wformat-security -Wignored-qualifiers -Wmissing-field-initializers -Wmissing-noreturn -Wno-format-nonliteral -Wno-sign-conversion -Wno-system-headers -Wold-style-definition -Wredundant-decls -Wstrict-prototypes -Wtype-limits -Wunreachable-code -Wunused-parameter -Wvla -Wclobbered -Wmissing-parameter-type -Wold-style-declaration -Wpragmas -Wstrict-aliasing=3 -ftree-vrp -Wjump-misses-init -Wdouble-promotion -Wformat=2 -Wtrampolines -Warray-bounds=2 -Wduplicated-cond -Wnull-dereference -fdelete-null-pointer-checks -Wshift-negative-value -Wshift-overflow=2 -Wunused-const-variable -Walloc-zero -Wduplicated-branches -Wformat-truncation=2 -Wimplicit-fallthrough -Wrestrict -Warith-conversion -Wenum-conversion -D_GNU_SOURCE  CMakeFiles/cmTC_6c490.dir/CheckIncludeFile.c.o -o cmTC_6c490 
gmake[1]: выход из каталога «/home/vitaliy/scand/build/CMakeFiles/CMakeScratch/TryCompile-qxy3ue»



Determining if the include file sys/poll.h exists passed with the following output:
Change Dir: /home/vitaliy/scand/build/CMakeFiles/CMakeScratch/TryCompile-565cnS

Run Build Command(s):/usr/bin/gmake -f Makefile cmTC_7cae2/fast && /usr/bin/gmake  -f CMakeFiles/cmTC_7cae2.dir/build.make CMakeFiles/cmTC_7cae2.dir/build
gmake[1]: вход в каталог «/home/vitaliy/scand/build/CMakeFiles/CMakeScratch/TryCompile-565cnS»
Building C object CMakeFiles/cmTC_7cae2.dir/CheckIncludeFile.c.o
/usr/bin/cc   -Werror-implicit-function-declaration -W -Wall -pedantic -Wbad-function-cast -Wconversion -Wmissing-declarations -Wmissing-prototypes -Wnested-externs -Wno-long-long -Wno-multichar -Wpointer-arith -Wshadow -Wsign-compare -Wundef -Wunused -Wwrite-strings -Waddress -Wattributes -Wcast-align -Wcast-qual -Wdeclaration-after-statement -Wdiv-by-zero -Wempty-body -Wendif-labels -Wfloat-equal -Wformat-security -Wignored-qualifiers -Wmissing-field-initializers -Wmissing-noreturn -Wno-format-nonliteral -Wno-sign-conversion -Wno-system-headers -Wold-style-definition -Wredundant-decls -Wstrict-prototypes -Wtype-limits -Wunreachable-code -Wunused-parameter -Wvla -Wclobbered -Wmissing-parameter-type -Wold-style-declaration -Wpragmas -Wstrict-aliasing=3 -ftree-vrp -Wjump-misses-init -Wdouble-promotion -Wformat=2 -Wtrampolines -Warray-bounds=2 -Wduplicated-cond -Wnull-dereference -fdelete-null-pointer-checks -Wshift-negative-value -Wshift-overflow=2 -Wunused-const-variable -Walloc-zero -Wduplicated-branches -Wformat-truncation=2 -Wimplicit-fallthrough -Wrestrict -Warith-conversion -Wenum-conversion -D_GNU_SOURCE  -o CMakeFiles/cmTC_7cae2.dir/CheckIncludeFile.c.o -c /home/vitaliy/scand/build/CMakeFiles/CMakeScratch/TryCompile-565cnS/CheckIncludeFile.c
Linking C executable cmTC_7cae2
/usr/bin/cmake -E cmake_link_script CMakeFiles/cmTC_7cae2.dir/link.txt --verbose=1
/usr/bin/cc  -Werror-implicit-function-declaration -W -Wall -pedantic -Wbad-function-cast -Wconversion -Wmissing-declarations -Wmissing-prototypes -Wnested-externs -Wno-long-long -Wno-multichar -Wpointer-arith -Wshadow -Wsign-compare -Wundef -Wunused -Wwrite-strings -Waddress -Wattributes -Wcast-align -Wcast-qual -Wdeclaration-after-statement -Wdiv-by-zero -Wempty-body -Wendif-labels -Wfloat-equal -Wformat-security -Wignored-qualifiers -Wmissing-field-initializers -Wmissing-noreturn -Wno-format-nonliteral -Wno-sign-conversion -Wno-system-headers -Wold-style-definition -Wredundant-decls -Wstrict-prototypes -Wtype-limits -Wunreachable-code -Wunused-parameter -Wvla -Wclobbered -Wmissing-parameter-type -Wold-style-declaration -Wpragmas -Wstrict-aliasing=3 -ftree-vrp -Wjump-misses-init -Wdouble-promotion -Wformat=2 -Wtrampolines -Warray-bounds=2 -Wduplicated-cond -Wnull-dereference -fdelete-null-pointer-checks -Wshift-negative-value -Wshift-overflow=2 -Wunused-const-variable -Walloc-zero -Wduplicated-branches -Wformat-truncation=2 -Wimplicit-fallthrough -Wrestrict -Warith-conversion -Wenum-conversion -D_GNU_SOURCE  CMakeFiles/cmTC_7cae2.dir/CheckIncludeFile.c.o -o cmTC_7cae2 
gmake[1]: выход из каталога «/home/vitaliy/scand/build/CMakeFiles/CMakeScratch/TryCompile-565cnS»



Determining if the include file sys/resource.h exists passed with the following output:
Change Dir: /home/vitaliy/scand/build/CMakeFiles/CMakeScratch/TryCompile-DdX1sI

Run Build Command(s):/usr/bin/gmake -f Makefile cmTC_42a8f/fast && /usr/bin/gmake  -f CMakeFiles/cmTC_42a8f.dir/build.make CMakeFiles/cmTC_42a8f.dir/build
gmake[1]: вход в каталог «/home/vitaliy/scand/build/CMakeFiles/CMakeScratch/TryCompile-DdX1sI»
Building C object CMakeFiles/cmTC_42a8f.dir/CheckIncludeFile.c.o
/usr/bin/cc   -Werror-implicit-function-declaration -W -Wall -pedantic -Wbad-function-cast -Wconversion -Wmissing-declarations -Wmissing-prototypes -Wnested-externs -Wno-long-long -Wno-multichar -Wpointer-arith -Wshadow -Wsign-compare -Wundef -Wunused -Wwrite-strings -Waddress -Wattributes -Wcast-align -Wcast-qual -Wdeclaration-after-statement -Wdiv-by-zero -Wempty-body -Wendif-labels -Wfloat-equal -Wformat-security -Wignored-qualifiers -Wmissing-field-initializers -Wmissing-noreturn -Wno-format-nonliteral -Wno-sign-conversion -Wno-system-headers -Wold-style-definition -Wredundant-decls -Wstrict-prototypes -Wtype-limits -Wunreachable-code -Wunused-parameter -Wvla -Wclobbered -Wmissing-parameter-type -Wold-style-declaration -Wpragmas -Wstrict-aliasing=3 -ftree-vrp -Wjump-misses-init -Wdouble-promotion -Wformat=2 -Wtrampolines -Warray-bounds=2 -Wduplicated-cond -Wnull-dereference -fdelete-null-pointer-checks -Wshift-negative-value -Wshift-overflow=2 -Wunused-const-variable -Walloc-zero -Wduplicated-branches -Wformat-truncation=2 -Wimplicit-fallthrough -Wrestrict -Warith-conversion -Wenum-conversion -D_GNU_SOURCE  -o CMakeFiles/cmTC_42a8f.dir/CheckIncludeFile.c.o -c /home/vitaliy/scand/build/CMakeFiles/CMakeScratch/TryCompile-DdX1sI/CheckIncludeFile.c
Linking C executable cmTC_42a8f
/usr/bin/cmake -E cmake_link_script CMakeFiles/cmTC_42a8f.dir/link.txt --verbose=1
/usr/bin/cc  -Werror-implicit-function-declaration -W -Wall -pedantic -Wbad-function-cast -Wconversion -Wmissing-declarations -Wmissing-prototypes -Wnested-externs -Wno-long-long -Wno-multichar -Wpointer-arith -Wshadow -Wsign-compare -Wundef -Wunused -Wwrite-strings -Waddress -Wattributes -Wcast-align -Wcast-qual -Wdeclaration-after-statement -Wdiv-by-zero -Wempty-body -Wendif-labels -Wfloat-equal -Wformat-security -Wignored-qualifiers -Wmissing-field-initializers -Wmissing-noreturn -Wno-format-nonliteral -Wno-sign-conversion -Wno-system-headers -Wold-style-definition -Wredundant-decls -Wstrict-prototypes -Wtype-limits -Wunreachable-code -Wunused-parameter -Wvla -Wclobbered -Wmissing-parameter-type -Wold-style-declaration -Wpragmas -Wstrict-aliasing=3 -ftree-vrp -Wjump-misses-init -Wdouble-promotion -Wformat=2 -Wtrampolines -Warray-bounds=2 -Wduplicated-cond -Wnull-dereference -fdelete-null-pointer-checks -Wshift-negative-value -Wshift-overflow=2 -Wunused-const-variable -Walloc-zero -Wduplicated-branches -Wformat-truncation=2 -Wimplicit-fallthrough -Wrestrict -Warith-conversion -Wenum-conversion -D_GNU_SOURCE  CMakeFiles/cmTC_42a8f.dir/CheckIncludeFile.c.o -o cmTC_42a8f 
gmake[1]: выход из каталога «/home/vitaliy/scand/build/CMakeFiles/CMakeScratch/TryCompile-DdX1sI»



Determining if files ;sys/select.h exist passed with the following output:
Change Dir: /home/vitaliy/scand/build/CMakeFiles/CMakeScratch/TryCompile-rgRLkV

Run Build Command(s):/usr/bin/gmake -f Makefile cmTC_12391/fast && /usr/bin/gmake  -f CMakeFiles/cmTC_12391.dir/build.make CMakeFiles/cmTC_12391.dir/build
gmake[1]: вход в каталог «/home/vitaliy/scand/build/CMakeFiles/CMakeScratch/TryCompile-rgRLkV»
Building C object CMakeFiles/cmTC_12391.dir/HAVE_SYS_SELECT_H.c.o
/usr/bin/cc   -Werror-implicit-function-declaration -W -Wall -pedantic -Wbad-function-cast -Wconversion -Wmissing-declarations -Wmissing-prototypes -Wnested-externs -Wno-long-long -Wno-multichar -Wpointer-arith -Wshadow -Wsign-compare -Wundef -Wunused -Wwrite-strings -Waddress -Wattributes -Wcast-align -Wcast-qual -Wdeclaration-after-statement -Wdiv-by-zero -Wempty-body -Wendif-labels -Wfloat-equal -Wformat-security -Wignored-qualifiers -Wmissing-field-initializers -Wmissing-noreturn -Wno-format-nonliteral -Wno-sign-conversion -Wno-system-headers -Wold-style-definition -Wredundant-decls -Wstrict-prototypes -Wtype-limits -Wunreachable-code -Wunused-parameter -Wvla -Wclobbered -Wmissing-parameter-type -Wold-style-declaration -Wpragmas -Wstrict-aliasing=3 -ftree-vrp -Wjump-misses-init -Wdouble-promotion -Wformat=2 -Wtrampolines -Warray-bounds=2 -Wduplicated-cond -Wnull-dereference -fdelete-null-pointer-checks -Wshift-negative-value -Wshift-overflow=2 -Wunused-const-variable -Walloc-zero -Wduplicated-branches -Wformat-truncation=2 -Wimplicit-fallthrough -Wrestrict -Warith-conversion -Wenum-conversion -D_GNU_SOURCE  -o CMakeFiles/cmTC_12391.dir/HAVE_SYS_SELECT_H.c.o -c /home/vitaliy/scand/build/CMakeFiles/CMakeScratch/TryCompile-rgRLkV/HAVE_SYS_SELECT_H.c
Linking C executable cmTC_12391
/usr/bin/cmake -E cmake_link_script CMakeFiles/cmTC_12391.dir/link.txt --verbose=1
/usr/bin/cc  -Werror-implicit-function-declaration -W -Wall -pedantic -Wbad-function-cast -Wconversion -Wmissing-declarations -Wmissing-prototypes -Wnested-externs -Wno-long-long -Wno-multichar -Wpointer-arith -Wshadow -Wsign-compare -Wundef -Wunused -Wwrite-strings -Waddress -Wattributes -Wcast-align -Wcast-qual -Wdeclaration-after-statement -Wdiv-by-zero -Wempty-body -Wendif-labels -Wfloat-equal -Wformat-security -Wignored-qualifiers -Wmissing-field-initializers -Wmissing-noreturn -Wno-format-nonliteral -Wno-sign-conversion -Wno-system-headers -Wold-style-definition -Wredundant-decls -Wstrict-prototypes -Wtype-limits -Wunreachable-code -Wunused-parameter -Wvla -Wclobbered -Wmissing-parameter-type -Wold-style-declaration -Wpragmas -Wstrict-aliasing=3 -ftree-vrp -Wjump-misses-init -Wdouble-promotion -Wformat=2 -Wtrampolines -Warray-bounds=2 -Wduplicated-cond -Wnull-dereference -fdelete-null-pointer-checks -Wshift-negative-value -Wshift-overflow=2 -Wunused-const-variable -Walloc-zero -Wduplicated-branches -Wformat-truncation=2 -Wimplicit-fallthrough -Wrestrict -Warith-conversion -Wenum-conversion -D_GNU_SOURCE  CMakeFiles/cmTC_12391.dir/HAVE_SYS_SELECT_H.c.o -o cmTC_12391 
gmake[1]: выход из каталога «/home/vitaliy/scand/build/CMakeFiles/CMakeScratch/TryCompile-rgRLkV»



Determining if files sys/select.h;sys/socket.h exist passed with the following output:
Change Dir: /home/vitaliy/scand/build/CMakeFiles/CMakeScratch/TryCompile-W0TOgh

Run Build Command(s):/usr/bin/gmake -f Makefile cmTC_0d742/fast && /usr/bin/gmake  -f CMakeFiles/cmTC_0d742.dir/build.make CMakeFiles/cmTC_0d742.dir/build
gmake[1]: вход в каталог «/home/vitaliy/scand/build/CMakeFiles/CMakeScratch/TryCompile-W0TOgh»
Building C object CMakeFiles/cmTC_0d742.dir/HAVE_SYS_SOCKET_H.c.o
/usr/bin/cc   -Werror-implicit-function-declaration -W -Wall -pedantic -Wbad-function-cast -Wconversion -Wmissing-declarations -Wmissing-prototypes -Wnested-externs -Wno-long-long -Wno-multichar -Wpointer-arith -Wshadow -Wsign-compare -Wundef -Wunused -Wwrite-strings -Waddress -Wattributes -Wcast-align -Wcast-qual -Wdeclaration-after-statement -Wdiv-by-zero -Wempty-body -Wendif-labels -Wfloat-equal -Wformat-security -Wignored-qualifiers -Wmissing-field-initializers -Wmissing-noreturn -Wno-format-nonliteral -Wno-sign-conversion -Wno-system-headers -Wold-style-definition -Wredundant-decls -Wstrict-prototypes -Wtype-limits -Wunreachable-code -Wunused-parameter -Wvla -Wclobbered -Wmissing-parameter-type -Wold-style-declaration -Wpragmas -Wstrict-aliasing=3 -ftree-vrp -Wjump-misses-init -Wdouble-promotion -Wformat=2 -Wtrampolines -Warray-bounds=2 -Wduplicated-cond -Wnull-dereference -fdelete-null-pointer-checks -Wshift-negative-value -Wshift-overflow=2 -Wunused-const-variable -Walloc-zero -Wduplicated-branches -Wformat-truncation=2 -Wimplicit-fallthrough -Wrestrict -Warith-conversion -Wenum-conversion -D_GNU_SOURCE  -o CMakeFiles/cmTC_0d742.dir/HAVE_SYS_SOCKET_H.c.o -c /home/vitaliy/scand/build/CMakeFiles/CMakeScratch/TryCompile-W0TOgh/HAVE_SYS_SOCKET_H.c
Linking C executable cmTC_0d742
/usr/bin/cmake -E cmake_link_script CMakeFiles/cmTC_0d742.dir/link.txt --verbose=1
/usr/bin/cc  -Werror-implicit-function-declaration -W -Wall -pedantic -Wbad-function-cast -Wconversion -Wmissing-declarations -Wmissing-prototypes -Wnested-externs -Wno-long-long -Wno-multichar -Wpointer-arith -Wshadow -Wsign-compare -Wundef -Wunused -Wwrite-strings -Waddress -Wattributes -Wcast-align -Wcast-qual -Wdeclaration-after-statement -Wdiv-by-zero -Wempty-body -Wendif-labels -Wfloat-equal -Wformat-security -Wignored-qualifiers -Wmissing-field-initializers -Wmissing-noreturn -Wno-format-nonliteral -Wno-sign-conversion -Wno-system-headers -Wold-style-definition -Wredundant-decls -Wstrict-prototypes -Wtype-limits -Wunreachable-code -Wunused-parameter -Wvla -Wclobbered -Wmissing-parameter-type -Wold-style-declaration -Wpragmas -Wstrict-aliasing=3 -ftree-vrp -Wjump-misses-init -Wdouble-promotion -Wformat=2 -Wtrampolines -Warray-bounds=2 -Wduplicated-cond -Wnull-dereference -fdelete-null-pointer-checks -Wshift-negative-value -Wshift-overflow=2 -Wunused-const-variable -Walloc-zero -Wduplicated-branches -Wformat-truncation=2 -Wimplicit-fallthrough -Wrestrict -Warith-conversion -Wenum-conversion -D_GNU_SOURCE  CMakeFiles/cmTC_0d742.dir/HAVE_SYS_SOCKET_H.c.o -o cmTC_0d742 
gmake[1]: выход из каталога «/home/vitaliy/scand/build/CMakeFiles/CMakeScratch/TryCompile-W0TOgh»



Determining if the include file sys/stat.h exists passed with the following output:
Change Dir: /home/vitaliy/scand/build/CMakeFiles/CMakeScratch/TryCompile-nLkbwF

Run Build Command(s):/usr/bin/gmake -f Makefile cmTC_e0964/fast && /usr/bin/gmake  -f CMakeFiles/cmTC_e0964.dir/build.make CMakeFiles/cmTC_e0964.dir/build
gmake[1]: вход в каталог «/home/vitaliy/scand/build/CMakeFiles/CMakeScratch/TryCompile-nLkbwF»
Building C object CMakeFiles/cmTC_e0964.dir/CheckIncludeFile.c.o
/usr/bin/cc   -Werror-implicit-function-declaration -W -Wall -pedantic -Wbad-function-cast -Wconversion -Wmissing-declarations -Wmissing-prototypes -Wnested-externs -Wno-long-long -Wno-multichar -Wpointer-arith -Wshadow -Wsign-compare -Wundef -Wunused -Wwrite-strings -Waddress -Wattributes -Wcast-align -Wcast-qual -Wdeclaration-after-statement -Wdiv-by-zero -Wempty-body -Wendif-labels -Wfloat-equal -Wformat-security -Wignored-qualifiers -Wmissing-field-initializers -Wmissing-noreturn -Wno-format-nonliteral -Wno-sign-conversion -Wno-system-headers -Wold-style-definition -Wredundant-decls -Wstrict-prototypes -Wtype-limits -Wunreachable-code -Wunused-parameter -Wvla -Wclobbered -Wmissing-parameter-type -Wold-style-declaration -Wpragmas -Wstrict-aliasing=3 -ftree-vrp -Wjump-misses-init -Wdouble-promotion -Wformat=2 -Wtrampolines -Warray-bounds=2 -Wduplicated-cond -Wnull-dereference -fdelete-null-pointer-checks -Wshift-negative-value -Wshift-overflow=2 -Wunused-const-variable -Walloc-zero -Wduplicated-branches -Wformat-truncation=2 -Wimplicit-fallthrough -Wrestrict -Warith-conversion -Wenum-conversion -D_GNU_SOURCE  -o CMakeFiles/cmTC_e0964.dir/CheckIncludeFile.c.o -c /home/vitaliy/scand/build/CMakeFiles/CMakeScratch/TryCompile-nLkbwF/CheckIncludeFile.c
Linking C executable cmTC_e0964
/usr/bin/cmake -E cmake_link_script CMakeFiles/cmTC_e0964.dir/link.txt --verbose=1
/usr/bin/cc  -Werror-implicit-function-declaration -W -Wall -pedantic -Wbad-function-cast -Wconversion -Wmissing-declarations -Wmissing-prototypes -Wnested-externs -Wno-long-long -Wno-multichar -Wpointer-arith -Wshadow -Wsign-compare -Wundef -Wunused -Wwrite-strings -Waddress -Wattributes -Wcast-align -Wcast-qual -Wdeclaration-after-statement -Wdiv-by-zero -Wempty-body -Wendif-labels -Wfloat-equal -Wformat-security -Wignored-qualifiers -Wmissing-field-initializers -Wmissing-noreturn -Wno-format-nonliteral -Wno-sign-conversion -Wno-system-headers -Wold-style-definition -Wredundant-decls -Wstrict-prototypes -Wtype-limits -Wunreachable-code -Wunused-parameter -Wvla -Wclobbered -Wmissing-parameter-type -Wold-style-declaration -Wpragmas -Wstrict-aliasing=3 -ftree-vrp -Wjump-misses-init -Wdouble-promotion -Wformat=2 -Wtrampolines -Warray-bounds=2 -Wduplicated-cond -Wnull-dereference -fdelete-null-pointer-checks -Wshift-negative-value -Wshift-overflow=2 -Wunused-const-variable -Walloc-zero -Wduplicated-branches -Wformat-truncation=2 -Wimplicit-fallthrough -Wrestrict -Warith-conversion -Wenum-conversion -D_GNU_SOURCE  CMakeFiles/cmTC_e0964.dir/CheckIncludeFile.c.o -o cmTC_e0964 
gmake[1]: выход из каталога «/home/vitaliy/scand/build/CMakeFiles/CMakeScratch/TryCompile-nLkbwF»



Determining if files sys/select.h;sys/socket.h;sys/time.h exist passed with the following output:
Change Dir: /home/vitaliy/scand/build/CMakeFiles/CMakeScratch/TryCompile-kVt15Z

Run Build Command(s):/usr/bin/gmake -f Makefile cmTC_9d395/fast && /usr/bin/gmake  -f CMakeFiles/cmTC_9d395.dir/build.make CMakeFiles/cmTC_9d395.dir/build
gmake[1]: вход в каталог «/home/vitaliy/scand/build/CMakeFiles/CMakeScratch/TryCompile-kVt15Z»
Building C object CMakeFiles/cmTC_9d395.dir/HAVE_SYS_TIME_H.c.o
/usr/bin/cc   -Werror-implicit-function-declaration -W -Wall -pedantic -Wbad-function-cast -Wconversion -Wmissing-declarations -Wmissing-prototypes -Wnested-externs -Wno-long-long -Wno-multichar -Wpointer-arith -Wshadow -Wsign-compare -Wundef -Wunused -Wwrite-strings -Waddress -Wattributes -Wcast-align -Wcast-qual -Wdeclaration-after-statement -Wdiv-by-zero -Wempty-body -Wendif-labels -Wfloat-equal -Wformat-security -Wignored-qualifiers -Wmissing-field-initializers -Wmissing-noreturn -Wno-format-nonliteral -Wno-sign-conversion -Wno-system-headers -Wold-style-definition -Wredundant-decls -Wstrict-prototypes -Wtype-limits -Wunreachable-code -Wunused-parameter -Wvla -Wclobbered -Wmissing-parameter-type -Wold-style-declaration -Wpragmas -Wstrict-aliasing=3 -ftree-vrp -Wjump-misses-init -Wdouble-promotion -Wformat=2 -Wtrampolines -Warray-bounds=2 -Wduplicated-cond -Wnull-dereference -fdelete-null-pointer-checks -Wshift-negative-value -Wshift-overflow=2 -Wunused-const-variable -Walloc-zero -Wduplicated-branches -Wformat-truncation=2 -Wimplicit-fallthrough -Wrestrict -Warith-conversion -Wenum-conversion -D_GNU_SOURCE  -o CMakeFiles/cmTC_9d395.dir/HAVE_SYS_TIME_H.c.o -c /home/vitaliy/scand/build/CMakeFiles/CMakeScratch/TryCompile-kVt15Z/HAVE_SYS_TIME_H.c
Linking C executable cmTC_9d395
/usr/bin/cmake -E cmake_link_script CMakeFiles/cmTC_9d395.dir/link.txt --verbose=1
/usr/bin/cc  -Werror-implicit-function-declaration -W -Wall -pedantic -Wbad-function-cast -Wconversion -Wmissing-declarations -Wmissing-prototypes -Wnested-externs -Wno-long-long -Wno-multichar -Wpointer-arith -Wshadow -Wsign-compare -Wundef -Wunused -Wwrite-strings -Waddress -Wattributes -Wcast-align -Wcast-qual -Wdeclaration-after-statement -Wdiv-by-zero -Wempty-body -Wendif-labels -Wfloat-equal -Wformat-security -Wignored-qualifiers -Wmissing-field-initializers -Wmissing-noreturn -Wno-format-nonliteral -Wno-sign-conversion -Wno-system-headers -Wold-style-definition -Wredundant-decls -Wstrict-prototypes -Wtype-limits -Wunreachable-code -Wunused-parameter -Wvla -Wclobbered -Wmissing-parameter-type -Wold-style-declaration -Wpragmas -Wstrict-aliasing=3 -ftree-vrp -Wjump-misses-init -Wdouble-promotion -Wformat=2 -Wtrampolines -Warray-bounds=2 -Wduplicated-cond -Wnull-dereference -fdelete-null-pointer-checks -Wshift-negative-value -Wshift-overflow=2 -Wunused-const-variable -Walloc-zero -Wduplicated-branches -Wformat-truncation=2 -Wimplicit-fallthrough -Wrestrict -Warith-conversion -Wenum-conversion -D_GNU_SOURCE  CMakeFiles/cmTC_9d395.dir/HAVE_SYS_TIME_H.c.o -o cmTC_9d395 
gmake[1]: выход из каталога «/home/vitaliy/scand/build/CMakeFiles/CMakeScratch/TryCompile-kVt15Z»



Determining if the include file sys/un.h exists passed with the following output:
Change Dir: /home/vitaliy/scand/build/CMakeFiles/CMakeScratch/TryCompile-MU0fyq

Run Build Command(s):/usr/bin/gmake -f Makefile cmTC_0ef28/fast && /usr/bin/gmake  -f CMakeFiles/cmTC_0ef28.dir/build.make CMakeFiles/cmTC_0ef28.dir/build
gmake[1]: вход в каталог «/home/vitaliy/scand/build/CMakeFiles/CMakeScratch/TryCompile-MU0fyq»
Building C object CMakeFiles/cmTC_0ef28.dir/CheckIncludeFile.c.o
/usr/bin/cc   -Werror-implicit-function-declaration -W -Wall -pedantic -Wbad-function-cast -Wconversion -Wmissing-declarations -Wmissing-prototypes -Wnested-externs -Wno-long-long -Wno-multichar -Wpointer-arith -Wshadow -Wsign-compare -Wundef -Wunused -Wwrite-strings -Waddress -Wattributes -Wcast-align -Wcast-qual -Wdeclaration-after-statement -Wdiv-by-zero -Wempty-body -Wendif-labels -Wfloat-equal -Wformat-security -Wignored-qualifiers -Wmissing-field-initializers -Wmissing-noreturn -Wno-format-nonliteral -Wno-sign-conversion -Wno-system-headers -Wold-style-definition -Wredundant-decls -Wstrict-prototypes -Wtype-limits -Wunreachable-code -Wunused-parameter -Wvla -Wclobbered -Wmissing-parameter-type -Wold-style-declaration -Wpragmas -Wstrict-aliasing=3 -ftree-vrp -Wjump-misses-init -Wdouble-promotion -Wformat=2 -Wtrampolines -Warray-bounds=2 -Wduplicated-cond -Wnull-dereference -fdelete-null-pointer-checks -Wshift-negative-value -Wshift-overflow=2 -Wunused-const-variable -Walloc-zero -Wduplicated-branches -Wformat-truncation=2 -Wimplicit-fallthrough -Wrestrict -Warith-conversion -Wenum-conversion -D_GNU_SOURCE  -o CMakeFiles/cmTC_0ef28.dir/CheckIncludeFile.c.o -c /home/vitaliy/scand/build/CMakeFiles/CMakeScratch/TryCompile-MU0fyq/CheckIncludeFile.c
Linking C executable cmTC_0ef28
/usr/bin/cmake -E cmake_link_script CMakeFiles/cmTC_0ef28.dir/link.txt --verbose=1
/usr/bin/cc  -Werror-implicit-function-declaration -W -Wall -pedantic -Wbad-function-cast -Wconversion -Wmissing-declarations -Wmissing-prototypes -Wnested-externs -Wno-long-long -Wno-multichar -Wpointer-arith -Wshadow -Wsign-compare -Wundef -Wunused -Wwrite-strings -Waddress -Wattributes -Wcast-align -Wcast-qual -Wdeclaration-after-statement -Wdiv-by-zero -Wempty-body -Wendif-labels -Wfloat-equal -Wformat-security -Wignored-qualifiers -Wmissing-field-initializers -Wmissing-noreturn -Wno-format-nonliteral -Wno-sign-conversion -Wno-system-headers -Wold-style-definition -Wredundant-decls -Wstrict-prototypes -Wtype-limits -Wunreachable-code -Wunused-parameter -Wvla -Wclobbered -Wmissing-parameter-type -Wold-style-declaration -Wpragmas -Wstrict-aliasing=3 -ftree-vrp -Wjump-misses-init -Wdouble-promotion -Wformat=2 -Wtrampolines -Warray-bounds=2 -Wduplicated-cond -Wnull-dereference -fdelete-null-pointer-checks -Wshift-negative-value -Wshift-overflow=2 -Wunused-const-variable -Walloc-zero -Wduplicated-branches -Wformat-truncation=2 -Wimplicit-fallthrough -Wrestrict -Warith-conversion -Wenum-conversion -D_GNU_SOURCE  CMakeFiles/cmTC_0ef28.dir/CheckIncludeFile.c.o -o cmTC_0ef28 
gmake[1]: выход из каталога «/home/vitaliy/scand/build/CMakeFiles/CMakeScratch/TryCompile-MU0fyq»



Determining if files sys/select.h;sys/socket.h;sys/time.h;sys/types.h;arpa/inet.h exist passed with the following output:
Change Dir: /home/vitaliy/scand/build/CMakeFiles/CMakeScratch/TryCompile-Gr2rW7

Run Build Command(s):/usr/bin/gmake -f Makefile cmTC_10761/fast && /usr/bin/gmake  -f CMakeFiles/cmTC_10761.dir/build.make CMakeFiles/cmTC_10761.dir/build
gmake[1]: вход в каталог «/home/vitaliy/scand/build/CMakeFiles/CMakeScratch/TryCompile-Gr2rW7»
Building C object CMakeFiles/cmTC_10761.dir/HAVE_ARPA_INET_H.c.o
/usr/bin/cc   -Werror-implicit-function-declaration -W -Wall -pedantic -Wbad-function-cast -Wconversion -Wmissing-declarations -Wmissing-prototypes -Wnested-externs -Wno-long-long -Wno-multichar -Wpointer-arith -Wshadow -Wsign-compare -Wundef -Wunused -Wwrite-strings -Waddress -Wattributes -Wcast-align -Wcast-qual -Wdeclaration-after-statement -Wdiv-by-zero -Wempty-body -Wendif-labels -Wfloat-equal -Wformat-security -Wignored-qualifiers -Wmissing-field-initializers -Wmissing-noreturn -Wno-format-nonliteral -Wno-sign-conversion -Wno-system-headers -Wold-style-definition -Wredundant-decls -Wstrict-prototypes -Wtype-limits -Wunreachable-code -Wunused-parameter -Wvla -Wclobbered -Wmissing-parameter-type -Wold-style-declaration -Wpragmas -Wstrict-aliasing=3 -ftree-vrp -Wjump-misses-init -Wdouble-promotion -Wformat=2 -Wtrampolines -Warray-bounds=2 -Wduplicated-cond -Wnull-dereference -fdelete-null-pointer-checks -Wshift-negative-value -Wshift-overflow=2 -Wunused-const-variable -Walloc-zero -Wduplicated-branches -Wformat-truncation=2 -Wimplicit-fallthrough -Wrestrict -Warith-conversion -Wenum-conversion -D_GNU_SOURCE  -o CMakeFiles/cmTC_10761.dir/HAVE_ARPA_INET_H.c.o -c /home/vitaliy/scand/build/CMakeFiles/CMakeScratch/TryCompile-Gr2rW7/HAVE_ARPA_INET_H.c
Linking C executable cmTC_10761
/usr/bin/cmake -E cmake_link_script CMakeFiles/cmTC_10761.dir/link.txt --verbose=1
/usr/bin/cc  -Werror-implicit-function-declaration -W -Wall -pedantic -Wbad-function-cast -Wconversion -Wmissing-declarations -Wmissing-prototypes -Wnested-externs -Wno-long-long -Wno-multichar -Wpointer-arith -Wshadow -Wsign-compare -Wundef -Wunused -Wwrite-strings -Waddress -Wattributes -Wcast-align -Wcast-qual -Wdeclaration-after-statement -Wdiv-by-zero -Wempty-body -Wendif-labels -Wfloat-equal -Wformat-security -Wignored-qualifiers -Wmissing-field-initializers -Wmissing-noreturn -Wno-format-nonliteral -Wno-sign-conversion -Wno-system-headers -Wold-style-definition -Wredundant-decls -Wstrict-prototypes -Wtype-limits -Wunreachable-code -Wunused-parameter -Wvla -Wclobbered -Wmissing-parameter-type -Wold-style-declaration -Wpragmas -Wstrict-aliasing=3 -ftree-vrp -Wjump-misses-init -Wdouble-promotion -Wformat=2 -Wtrampolines -Warray-bounds=2 -Wduplicated-cond -Wnull-dereference -fdelete-null-pointer-checks -Wshift-negative-value -Wshift-overflow=2 -Wunused-const-variable -Walloc-zero -Wduplicated-branches -Wformat-truncation=2 -Wimplicit-fallthrough -Wrestrict -Warith-conversion -Wenum-conversion -D_GNU_SOURCE  CMakeFiles/cmTC_10761.dir/HAVE_ARPA_INET_H.c.o -o cmTC_10761 
gmake[1]: выход из каталога «/home/vitaliy/scand/build/CMakeFiles/CMakeScratch/TryCompile-Gr2rW7»



Determining if the include file dirent.h exists passed with the following output:
Change Dir: /home/vitaliy/scand/build/CMakeFiles/CMakeScratch/TryCompile-A2f1SZ

Run Build Command(s):/usr/bin/gmake -f Makefile cmTC_7347f/fast && /usr/bin/gmake  -f CMakeFiles/cmTC_7347f.dir/build.make CMakeFiles/cmTC_7347f.dir/build
gmake[1]: вход в каталог «/home/vitaliy/scand/build/CMakeFiles/CMakeScratch/TryCompile-A2f1SZ»
Building C object CMakeFiles/cmTC_7347f.dir/CheckIncludeFile.c.o
/usr/bin/cc   -Werror-implicit-function-declaration -W -Wall -pedantic -Wbad-function-cast -Wconversion -Wmissing-declarations -Wmissing-prototypes -Wnested-externs -Wno-long-long -Wno-multichar -Wpointer-arith -Wshadow -Wsign-compare -Wundef -Wunused -Wwrite-strings -Waddress -Wattributes -Wcast-align -Wcast-qual -Wdeclaration-after-statement -Wdiv-by-zero -Wempty-body -Wendif-labels -Wfloat-equal -Wformat-security -Wignored-qualifiers -Wmissing-field-initializers -Wmissing-noreturn -Wno-format-nonliteral -Wno-sign-conversion -Wno-system-headers -Wold-style-definition -Wredundant-decls -Wstrict-prototypes -Wtype-limits -Wunreachable-code -Wunused-parameter -Wvla -Wclobbered -Wmissing-parameter-type -Wold-style-declaration -Wpragmas -Wstrict-aliasing=3 -ftree-vrp -Wjump-misses-init -Wdouble-promotion -Wformat=2 -Wtrampolines -Warray-bounds=2 -Wduplicated-cond -Wnull-dereference -fdelete-null-pointer-checks -Wshift-negative-value -Wshift-overflow=2 -Wunused-const-variable -Walloc-zero -Wduplicated-branches -Wformat-truncation=2 -Wimplicit-fallthrough -Wrestrict -Warith-conversion -Wenum-conversion -D_GNU_SOURCE  -o CMakeFiles/cmTC_7347f.dir/CheckIncludeFile.c.o -c /home/vitaliy/scand/build/CMakeFiles/CMakeScratch/TryCompile-A2f1SZ/CheckIncludeFile.c
Linking C executable cmTC_7347f
/usr/bin/cmake -E cmake_link_script CMakeFiles/cmTC_7347f.dir/link.txt --verbose=1
/usr/bin/cc  -Werror-implicit-function-declaration -W -Wall -pedantic -Wbad-function-cast -Wconversion -Wmissing-declarations -Wmissing-prototypes -Wnested-externs -Wno-long-long -Wno-multichar -Wpointer-arith -Wshadow -Wsign-compare -Wundef -Wunused -Wwrite-strings -Waddress -Wattributes -Wcast-align -Wcast-qual -Wdeclaration-after-statement -Wdiv-by-zero -Wempty-body -Wendif-labels -Wfloat-equal -Wformat-security -Wignored-qualifiers -Wmissing-field-initializers -Wmissing-noreturn -Wno-format-nonliteral -Wno-sign-conversion -Wno-system-headers -Wold-style-definition -Wredundant-decls -Wstrict-prototypes -Wtype-limits -Wunreachable-code -Wunused-parameter -Wvla -Wclobbered -Wmissing-parameter-type -Wold-style-declaration -Wpragmas -Wstrict-aliasing=3 -ftree-vrp -Wjump-misses-init -Wdouble-promotion -Wformat=2 -Wtrampolines -Warray-bounds=2 -Wduplicated-cond -Wnull-dereference -fdelete-null-pointer-checks -Wshift-negative-value -Wshift-overflow=2 -Wunused-const-variable -Walloc-zero -Wduplicated-branches -Wformat-truncation=2 -Wimplicit-fallthrough -Wrestrict -Warith-conversion -Wenum-conversion -D_GNU_SOURCE  CMakeFiles/cmTC_7347f.dir/CheckIncludeFile.c.o -o cmTC_7347f 
gmake[1]: выход из каталога «/home/vitaliy/scand/build/CMakeFiles/CMakeScratch/TryCompile-A2f1SZ»



Determining if the include file fcntl.h exists passed with the following output:
Change Dir: /home/vitaliy/scand/build/CMakeFiles/CMakeScratch/TryCompile-wsUpch

Run Build Command(s):/usr/bin/gmake -f Makefile cmTC_dc28b/fast && /usr/bin/gmake  -f CMakeFiles/cmTC_dc28b.dir/build.make CMakeFiles/cmTC_dc28b.dir/build
gmake[1]: вход в каталог «/home/vitaliy/scand/build/CMakeFiles/CMakeScratch/TryCompile-wsUpch»
Building C object CMakeFiles/cmTC_dc28b.dir/CheckIncludeFile.c.o
/usr/bin/cc   -Werror-implicit-function-declaration -W -Wall -pedantic -Wbad-function-cast -Wconversion -Wmissing-declarations -Wmissing-prototypes -Wnested-externs -Wno-long-long -Wno-multichar -Wpointer-arith -Wshadow -Wsign-compare -Wundef -Wunused -Wwrite-strings -Waddress -Wattributes -Wcast-align -Wcast-qual -Wdeclaration-after-statement -Wdiv-by-zero -Wempty-body -Wendif-labels -Wfloat-equal -Wformat-security -Wignored-qualifiers -Wmissing-field-initializers -Wmissing-noreturn -Wno-format-nonliteral -Wno-sign-conversion -Wno-system-headers -Wold-style-definition -Wredundant-decls -Wstrict-prototypes -Wtype-limits -Wunreachable-code -Wunused-parameter -Wvla -Wclobbered -Wmissing-parameter-type -Wold-style-declaration -Wpragmas -Wstrict-aliasing=3 -ftree-vrp -Wjump-misses-init -Wdouble-promotion -Wformat=2 -Wtrampolines -Warray-bounds=2 -Wduplicated-cond -Wnull-dereference -fdelete-null-pointer-checks -Wshift-negative-value -Wshift-overflow=2 -Wunused-const-variable -Walloc-zero -Wduplicated-branches -Wformat-truncation=2 -Wimplicit-fallthrough -Wrestrict -Warith-conversion -Wenum-conversion -D_GNU_SOURCE  -o CMakeFiles/cmTC_dc28b.dir/CheckIncludeFile.c.o -c /home/vitaliy/scand/build/CMakeFiles/CMakeScratch/TryCompile-wsUpch/CheckIncludeFile.c
Linking C executable cmTC_dc28b
/usr/bin/cmake -E cmake_link_script CMakeFiles/cmTC_dc28b.dir/link.txt --verbose=1
/usr/bin/cc  -Werror-implicit-function-declaration -W -Wall -pedantic -Wbad-function-cast -Wconversion -Wmissing-declarations -Wmissing-prototypes -Wnested-externs -Wno-long-long -Wno-multichar -Wpointer-arith -Wshadow -Wsign-compare -Wundef -Wunused -Wwrite-strings -Waddress -Wattributes -Wcast-align -Wcast-qual -Wdeclaration-after-statement -Wdiv-by-zero -Wempty-body -Wendif-labels -Wfloat-equal -Wformat-security -Wignored-qualifiers -Wmissing-field-initializers -Wmissing-noreturn -Wno-format-nonliteral -Wno-sign-conversion -Wno-system-headers -Wold-style-definition -Wredundant-decls -Wstrict-prototypes -Wtype-limits -Wunreachable-code -Wunused-parameter -Wvla -Wclobbered -Wmissing-parameter-type -Wold-style-declaration -Wpragmas -Wstrict-aliasing=3 -ftree-vrp -Wjump-misses-init -Wdouble-promotion -Wformat=2 -Wtrampolines -Warray-bounds=2 -Wduplicated-cond -Wnull-dereference -fdelete-null-pointer-checks -Wshift-negative-value -Wshift-overflow=2 -Wunused-const-variable -Walloc-zero -Wduplicated-branches -Wformat-truncation=2 -Wimplicit-fallthrough -Wrestrict -Warith-conversion -Wenum-conversion -D_GNU_SOURCE  CMakeFiles/cmTC_dc28b.dir/CheckIncludeFile.c.o -o cmTC_dc28b 
gmake[1]: выход из каталога «/home/vitaliy/scand/build/CMakeFiles/CMakeScratch/TryCompile-wsUpch»



Determining if files sys/select.h;sys/socket.h;sys/time.h;sys/types.h;arpa/inet.h;ifaddrs.h exist passed with the following output:
Change Dir: /home/vitaliy/scand/build/CMakeFiles/CMakeScratch/TryCompile-hSHHYa

Run Build Command(s):/usr/bin/gmake -f Makefile cmTC_52b68/fast && /usr/bin/gmake  -f CMakeFiles/cmTC_52b68.dir/build.make CMakeFiles/cmTC_52b68.dir/build
gmake[1]: вход в каталог «/home/vitaliy/scand/build/CMakeFiles/CMakeScratch/TryCompile-hSHHYa»
Building C object CMakeFiles/cmTC_52b68.dir/HAVE_IFADDRS_H.c.o
/usr/bin/cc   -Werror-implicit-function-declaration -W -Wall -pedantic -Wbad-function-cast -Wconversion -Wmissing-declarations -Wmissing-prototypes -Wnested-externs -Wno-long-long -Wno-multichar -Wpointer-arith -Wshadow -Wsign-compare -Wundef -Wunused -Wwrite-strings -Waddress -Wattributes -Wcast-align -Wcast-qual -Wdeclaration-after-statement -Wdiv-by-zero -Wempty-body -Wendif-labels -Wfloat-equal -Wformat-security -Wignored-qualifiers -Wmissing-field-initializers -Wmissing-noreturn -Wno-format-nonliteral -Wno-sign-conversion -Wno-system-headers -Wold-style-definition -Wredundant-decls -Wstrict-prototypes -Wtype-limits -Wunreachable-code -Wunused-parameter -Wvla -Wclobbered -Wmissing-parameter-type -Wold-style-declaration -Wpragmas -Wstrict-aliasing=3 -ftree-vrp -Wjump-misses-init -Wdouble-promotion -Wformat=2 -Wtrampolines -Warray-bounds=2 -Wduplicated-cond -Wnull-dereference -fdelete-null-pointer-checks -Wshift-negative-value -Wshift-overflow=2 -Wunused-const-variable -Walloc-zero -Wduplicated-branches -Wformat-truncation=2 -Wimplicit-fallthrough -Wrestrict -Warith-conversion -Wenum-conversion -D_GNU_SOURCE  -o CMakeFiles/cmTC_52b68.dir/HAVE_IFADDRS_H.c.o -c /home/vitaliy/scand/build/CMakeFiles/CMakeScratch/TryCompile-hSHHYa/HAVE_IFADDRS_H.c
Linking C executable cmTC_52b68
/usr/bin/cmake -E cmake_link_script CMakeFiles/cmTC_52b68.dir/link.txt --verbose=1
/usr/bin/cc  -Werror-implicit-function-declaration -W -Wall -pedantic -Wbad-function-cast -Wconversion -Wmissing-declarations -Wmissing-prototypes -Wnested-externs -Wno-long-long -Wno-multichar -Wpointer-arith -Wshadow -Wsign-compare -Wundef -Wunused -Wwrite-strings -Waddress -Wattributes -Wcast-align -Wcast-qual -Wdeclaration-after-statement -Wdiv-by-zero -Wempty-body -Wendif-labels -Wfloat-equal -Wformat-security -Wignored-qualifiers -Wmissing-field-initializers -Wmissing-noreturn -Wno-format-nonliteral -Wno-sign-conversion -Wno-system-headers -Wold-style-definition -Wredundant-decls -Wstrict-prototypes -Wtype-limits -Wunreachable-code -Wunused-parameter -Wvla -Wclobbered -Wmissing-parameter-type -Wold-style-declaration -Wpragmas -Wstrict-aliasing=3 -ftree-vrp -Wjump-misses-init -Wdouble-promotion -Wformat=2 -Wtrampolines -Warray-bounds=2 -Wduplicated-cond -Wnull-dereference -fdelete-null-pointer-checks -Wshift-negative-value -Wshift-overflow=2 -Wunused-const-variable -Walloc-zero -Wduplicated-branches -Wformat-truncation=2 -Wimplicit-fallthrough -Wrestrict -Warith-conversion -Wenum-conversion -D_GNU_SOURCE  CMakeFiles/cmTC_52b68.dir/HAVE_IFADDRS_H.c.o -o cmTC_52b68 
gmake[1]: выход из каталога «/home/vitaliy/scand/build/CMakeFiles/CMakeScratch/TryCompile-hSHHYa»



Determining if files sys/select.h;sys/socket.h;sys/time.h;sys/types.h;arpa/inet.h;ifaddrs.h;libgen.h exist passed with the following output:
Change Dir: /home/vitaliy/scand/build/CMakeFiles/CMakeScratch/TryCompile-0HhMid

Run Build Command(s):/usr/bin/gmake -f Makefile cmTC_3e161/fast && /usr/bin/gmake  -f CMakeFiles/cmTC_3e161.dir/build.make CMakeFiles/cmTC_3e161.dir/build
gmake[1]: вход в каталог «/home/vitaliy/scand/build/CMakeFiles/CMakeScratch/TryCompile-0HhMid»
Building C object CMakeFiles/cmTC_3e161.dir/HAVE_LIBGEN_H.c.o
/usr/bin/cc   -Werror-implicit-function-declaration -W -Wall -pedantic -Wbad-function-cast -Wconversion -Wmissing-declarations -Wmissing-prototypes -Wnested-externs -Wno-long-long -Wno-multichar -Wpointer-arith -Wshadow -Wsign-compare -Wundef -Wunused -Wwrite-strings -Waddress -Wattributes -Wcast-align -Wcast-qual -Wdeclaration-after-statement -Wdiv-by-zero -Wempty-body -Wendif-labels -Wfloat-equal -Wformat-security -Wignored-qualifiers -Wmissing-field-initializers -Wmissing-noreturn -Wno-format-nonliteral -Wno-sign-conversion -Wno-system-headers -Wold-style-definition -Wredundant-decls -Wstrict-prototypes -Wtype-limits -Wunreachable-code -Wunused-parameter -Wvla -Wclobbered -Wmissing-parameter-type -Wold-style-declaration -Wpragmas -Wstrict-aliasing=3 -ftree-vrp -Wjump-misses-init -Wdouble-promotion -Wformat=2 -Wtrampolines -Warray-bounds=2 -Wduplicated-cond -Wnull-dereference -fdelete-null-pointer-checks -Wshift-negative-value -Wshift-overflow=2 -Wunused-const-variable -Walloc-zero -Wduplicated-branches -Wformat-truncation=2 -Wimplicit-fallthrough -Wrestrict -Warith-conversion -Wenum-conversion -D_GNU_SOURCE  -o CMakeFiles/cmTC_3e161.dir/HAVE_LIBGEN_H.c.o -c /home/vitaliy/scand/build/CMakeFiles/CMakeScratch/TryCompile-0HhMid/HAVE_LIBGEN_H.c
Linking C executable cmTC_3e161
/usr/bin/cmake -E cmake_link_script CMakeFiles/cmTC_3e161.dir/link.txt --verbose=1
/usr/bin/cc  -Werror-implicit-function-declaration -W -Wall -pedantic -Wbad-function-cast -Wconversion -Wmissing-declarations -Wmissing-prototypes -Wnested-externs -Wno-long-long -Wno-multichar -Wpointer-arith -Wshadow -Wsign-compare -Wundef -Wunused -Wwrite-strings -Waddress -Wattributes -Wcast-align -Wcast-qual -Wdeclaration-after-statement -Wdiv-by-zero -Wempty-body -Wendif-labels -Wfloat-equal -Wformat-security -Wignored-qualifiers -Wmissing-field-initializers -Wmissing-noreturn -Wno-format-nonliteral -Wno-sign-conversion -Wno-system-headers -Wold-style-definition -Wredundant-decls -Wstrict-prototypes -Wtype-limits -Wunreachable-code -Wunused-parameter -Wvla -Wclobbered -Wmissing-parameter-type -Wold-style-declaration -Wpragmas -Wstrict-aliasing=3 -ftree-vrp -Wjump-misses-init -Wdouble-promotion -Wformat=2 -Wtrampolines -Warray-bounds=2 -Wduplicated-cond -Wnull-dereference -fdelete-null-pointer-checks -Wshift-negative-value -Wshift-overflow=2 -Wunused-const-variable -Walloc-zero -Wduplicated-branches -Wformat-truncation=2 -Wimplicit-fallthrough -Wrestrict -Warith-conversion -Wenum-conversion -D_GNU_SOURCE  CMakeFiles/cmTC_3e161.dir/HAVE_LIBGEN_H.c.o -o cmTC_3e161 
gmake[1]: выход из каталога «/home/vitaliy/scand/build/CMakeFiles/CMakeScratch/TryCompile-0HhMid»



Determining if the include file linux/tcp.h exists passed with the following output:
Change Dir: /home/vitaliy/scand/build/CMakeFiles/CMakeScratch/TryCompile-vSQoP7

Run Build Command(s):/usr/bin/gmake -f Makefile cmTC_ab43b/fast && /usr/bin/gmake  -f CMakeFiles/cmTC_ab43b.dir/build.make CMakeFiles/cmTC_ab43b.dir/build
gmake[1]: вход в каталог «/home/vitaliy/scand/build/CMakeFiles/CMakeScratch/TryCompile-vSQoP7»
Building C object CMakeFiles/cmTC_ab43b.dir/CheckIncludeFile.c.o
/usr/bin/cc   -Werror-implicit-function-declaration -W -Wall -pedantic -Wbad-function-cast -Wconversion -Wmissing-declarations -Wmissing-prototypes -Wnested-externs -Wno-long-long -Wno-multichar -Wpointer-arith -Wshadow -Wsign-compare -Wundef -Wunused -Wwrite-strings -Waddress -Wattributes -Wcast-align -Wcast-qual -Wdeclaration-after-statement -Wdiv-by-zero -Wempty-body -Wendif-labels -Wfloat-equal -Wformat-security -Wignored-qualifiers -Wmissing-field-initializers -Wmissing-noreturn -Wno-format-nonliteral -Wno-sign-conversion -Wno-system-headers -Wold-style-definition -Wredundant-decls -Wstrict-prototypes -Wtype-limits -Wunreachable-code -Wunused-parameter -Wvla -Wclobbered -Wmissing-parameter-type -Wold-style-declaration -Wpragmas -Wstrict-aliasing=3 -ftree-vrp -Wjump-misses-init -Wdouble-promotion -Wformat=2 -Wtrampolines -Warray-bounds=2 -Wduplicated-cond -Wnull-dereference -fdelete-null-pointer-checks -Wshift-negative-value -Wshift-overflow=2 -Wunused-const-variable -Walloc-zero -Wduplicated-branches -Wformat-truncation=2 -Wimplicit-fallthrough -Wrestrict -Warith-conversion -Wenum-conversion -D_GNU_SOURCE  -o CMakeFiles/cmTC_ab43b.dir/CheckIncludeFile.c.o -c /home/vitaliy/scand/build/CMakeFiles/CMakeScratch/TryCompile-vSQoP7/CheckIncludeFile.c
Linking C executable cmTC_ab43b
/usr/bin/cmake -E cmake_link_script CMakeFiles/cmTC_ab43b.dir/link.txt --verbose=1
/usr/bin/cc  -Werror-implicit-function-declaration -W -Wall -pedantic -Wbad-function-cast -Wconversion -Wmissing-declarations -Wmissing-prototypes -Wnested-externs -Wno-long-long -Wno-multichar -Wpointer-arith -Wshadow -Wsign-compare -Wundef -Wunused -Wwrite-strings -Waddress -Wattributes -Wcast-align -Wcast-qual -Wdeclaration-after-statement -Wdiv-by-zero -Wempty-body -Wendif-labels -Wfloat-equal -Wformat-security -Wignored-qualifiers -Wmissing-field-initializers -Wmissing-noreturn -Wno-format-nonliteral -Wno-sign-conversion -Wno-system-headers -Wold-style-definition -Wredundant-decls -Wstrict-prototypes -Wtype-limits -Wunreachable-code -Wunused-parameter -Wvla -Wclobbered -Wmissing-parameter-type -Wold-style-declaration -Wpragmas -Wstrict-aliasing=3 -ftree-vrp -Wjump-misses-init -Wdouble-promotion -Wformat=2 -Wtrampolines -Warray-bounds=2 -Wduplicated-cond -Wnull-dereference -fdelete-null-pointer-checks -Wshift-negative-value -Wshift-overflow=2 -Wunused-const-variable -Walloc-zero -Wduplicated-branches -Wformat-truncation=2 -Wimplicit-fallthrough -Wrestrict -Warith-conversion -Wenum-conversion -D_GNU_SOURCE  CMakeFiles/cmTC_ab43b.dir/CheckIncludeFile.c.o -o cmTC_ab43b 
gmake[1]: выход из каталога «/home/vitaliy/scand/build/CMakeFiles/CMakeScratch/TryCompile-vSQoP7»



Determining if the include file locale.h exists passed with the following output:
Change Dir: /home/vitaliy/scand/build/CMakeFiles/CMakeScratch/TryCompile-tv3tUn

Run Build Command(s):/usr/bin/gmake -f Makefile cmTC_78269/fast && /usr/bin/gmake  -f CMakeFiles/cmTC_78269.dir/build.make CMakeFiles/cmTC_78269.dir/build
gmake[1]: вход в каталог «/home/vitaliy/scand/build/CMakeFiles/CMakeScratch/TryCompile-tv3tUn»
Building C object CMakeFiles/cmTC_78269.dir/CheckIncludeFile.c.o
/usr/bin/cc   -Werror-implicit-function-declaration -W -Wall -pedantic -Wbad-function-cast -Wconversion -Wmissing-declarations -Wmissing-prototypes -Wnested-externs -Wno-long-long -Wno-multichar -Wpointer-arith -Wshadow -Wsign-compare -Wundef -Wunused -Wwrite-strings -Waddress -Wattributes -Wcast-align -Wcast-qual -Wdeclaration-after-statement -Wdiv-by-zero -Wempty-body -Wendif-labels -Wfloat-equal -Wformat-security -Wignored-qualifiers -Wmissing-field-initializers -Wmissing-noreturn -Wno-format-nonliteral -Wno-sign-conversion -Wno-system-headers -Wold-style-definition -Wredundant-decls -Wstrict-prototypes -Wtype-limits -Wunreachable-code -Wunused-parameter -Wvla -Wclobbered -Wmissing-parameter-type -Wold-style-declaration -Wpragmas -Wstrict-aliasing=3 -ftree-vrp -Wjump-misses-init -Wdouble-promotion -Wformat=2 -Wtrampolines -Warray-bounds=2 -Wduplicated-cond -Wnull-dereference -fdelete-null-pointer-checks -Wshift-negative-value -Wshift-overflow=2 -Wunused-const-variable -Walloc-zero -Wduplicated-branches -Wformat-truncation=2 -Wimplicit-fallthrough -Wrestrict -Warith-conversion -Wenum-conversion -D_GNU_SOURCE  -o CMakeFiles/cmTC_78269.dir/CheckIncludeFile.c.o -c /home/vitaliy/scand/build/CMakeFiles/CMakeScratch/TryCompile-tv3tUn/CheckIncludeFile.c
Linking C executable cmTC_78269
/usr/bin/cmake -E cmake_link_script CMakeFiles/cmTC_78269.dir/link.txt --verbose=1
/usr/bin/cc  -Werror-implicit-function-declaration -W -Wall -pedantic -Wbad-function-cast -Wconversion -Wmissing-declarations -Wmissing-prototypes -Wnested-externs -Wno-long-long -Wno-multichar -Wpointer-arith -Wshadow -Wsign-compare -Wundef -Wunused -Wwrite-strings -Waddress -Wattributes -Wcast-align -Wcast-qual -Wdeclaration-after-statement -Wdiv-by-zero -Wempty-body -Wendif-labels -Wfloat-equal -Wformat-security -Wignored-qualifiers -Wmissing-field-initializers -Wmissing-noreturn -Wno-format-nonliteral -Wno-sign-conversion -Wno-system-headers -Wold-style-definition -Wredundant-decls -Wstrict-prototypes -Wtype-limits -Wunreachable-code -Wunused-parameter -Wvla -Wclobbered -Wmissing-parameter-type -Wold-style-declaration -Wpragmas -Wstrict-aliasing=3 -ftree-vrp -Wjump-misses-init -Wdouble-promotion -Wformat=2 -Wtrampolines -Warray-bounds=2 -Wduplicated-cond -Wnull-dereference -fdelete-null-pointer-checks -Wshift-negative-value -Wshift-overflow=2 -Wunused-const-variable -Walloc-zero -Wduplicated-branches -Wformat-truncation=2 -Wimplicit-fallthrough -Wrestrict -Warith-conversion -Wenum-conversion -D_GNU_SOURCE  CMakeFiles/cmTC_78269.dir/CheckIncludeFile.c.o -o cmTC_78269 
gmake[1]: выход из каталога «/home/vitaliy/scand/build/CMakeFiles/CMakeScratch/TryCompile-tv3tUn»



Determining if files sys/select.h;sys/socket.h;sys/time.h;sys/types.h;arpa/inet.h;ifaddrs.h;libgen.h;net/if.h exist passed with the following output:
Change Dir: /home/vitaliy/scand/build/CMakeFiles/CMakeScratch/TryCompile-MsnKBV

Run Build Command(s):/usr/bin/gmake -f Makefile cmTC_749d6/fast && /usr/bin/gmake  -f CMakeFiles/cmTC_749d6.dir/build.make CMakeFiles/cmTC_749d6.dir/build
gmake[1]: вход в каталог «/home/vitaliy/scand/build/CMakeFiles/CMakeScratch/TryCompile-MsnKBV»
Building C object CMakeFiles/cmTC_749d6.dir/HAVE_NET_IF_H.c.o
/usr/bin/cc   -Werror-implicit-function-declaration -W -Wall -pedantic -Wbad-function-cast -Wconversion -Wmissing-declarations -Wmissing-prototypes -Wnested-externs -Wno-long-long -Wno-multichar -Wpointer-arith -Wshadow -Wsign-compare -Wundef -Wunused -Wwrite-strings -Waddress -Wattributes -Wcast-align -Wcast-qual -Wdeclaration-after-statement -Wdiv-by-zero -Wempty-body -Wendif-labels -Wfloat-equal -Wformat-security -Wignored-qualifiers -Wmissing-field-initializers -Wmissing-noreturn -Wno-format-nonliteral -Wno-sign-conversion -Wno-system-headers -Wold-style-definition -Wredundant-decls -Wstrict-prototypes -Wtype-limits -Wunreachable-code -Wunused-parameter -Wvla -Wclobbered -Wmissing-parameter-type -Wold-style-declaration -Wpragmas -Wstrict-aliasing=3 -ftree-vrp -Wjump-misses-init -Wdouble-promotion -Wformat=2 -Wtrampolines -Warray-bounds=2 -Wduplicated-cond -Wnull-dereference -fdelete-null-pointer-checks -Wshift-negative-value -Wshift-overflow=2 -Wunused-const-variable -Walloc-zero -Wduplicated-branches -Wformat-truncation=2 -Wimplicit-fallthrough -Wrestrict -Warith-conversion -Wenum-conversion -D_GNU_SOURCE  -o CMakeFiles/cmTC_749d6.dir/HAVE_NET_IF_H.c.o -c /home/vitaliy/scand/build/CMakeFiles/CMakeScratch/TryCompile-MsnKBV/HAVE_NET_IF_H.c
Linking C executable cmTC_749d6
/usr/bin/cmake -E cmake_link_script CMakeFiles/cmTC_749d6.dir/link.txt --verbose=1
/usr/bin/cc  -Werror-implicit-function-declaration -W -Wall -pedantic -Wbad-function-cast -Wconversion -Wmissing-declarations -Wmissing-prototypes -Wnested-externs -Wno-long-long -Wno-multichar -Wpointer-arith -Wshadow -Wsign-compare -Wundef -Wunused -Wwrite-strings -Waddress -Wattributes -Wcast-align -Wcast-qual -Wdeclaration-after-statement -Wdiv-by-zero -Wempty-body -Wendif-labels -Wfloat-equal -Wformat-security -Wignored-qualifiers -Wmissing-field-initializers -Wmissing-noreturn -Wno-format-nonliteral -Wno-sign-conversion -Wno-system-headers -Wold-style-definition -Wredundant-decls -Wstrict-prototypes -Wtype-limits -Wunreachable-code -Wunused-parameter -Wvla -Wclobbered -Wmissing-parameter-type -Wold-style-declaration -Wpragmas -Wstrict-aliasing=3 -ftree-vrp -Wjump-misses-init -Wdouble-promotion -Wformat=2 -Wtrampolines -Warray-bounds=2 -Wduplicated-cond -Wnull-dereference -fdelete-null-pointer-checks -Wshift-negative-value -Wshift-overflow=2 -Wunused-const-variable -Walloc-zero -Wduplicated-branches -Wformat-truncation=2 -Wimplicit-fallthrough -Wrestrict -Warith-conversion -Wenum-conversion -D_GNU_SOURCE  CMakeFiles/cmTC_749d6.dir/HAVE_NET_IF_H.c.o -o cmTC_749d6 
gmake[1]: выход из каталога «/home/vitaliy/scand/build/CMakeFiles/CMakeScratch/TryCompile-MsnKBV»



Determining if files sys/select.h;sys/socket.h;sys/time.h;sys/types.h;arpa/inet.h;ifaddrs.h;libgen.h;net/if.h;netdb.h exist passed with the following output:
Change Dir: /home/vitaliy/scand/build/CMakeFiles/CMakeScratch/TryCompile-nap16Y

Run Build Command(s):/usr/bin/gmake -f Makefile cmTC_38a23/fast && /usr/bin/gmake  -f CMakeFiles/cmTC_38a23.dir/build.make CMakeFiles/cmTC_38a23.dir/build
gmake[1]: вход в каталог «/home/vitaliy/scand/build/CMakeFiles/CMakeScratch/TryCompile-nap16Y»
Building C object CMakeFiles/cmTC_38a23.dir/HAVE_NETDB_H.c.o
/usr/bin/cc   -Werror-implicit-function-declaration -W -Wall -pedantic -Wbad-function-cast -Wconversion -Wmissing-declarations -Wmissing-prototypes -Wnested-externs -Wno-long-long -Wno-multichar -Wpointer-arith -Wshadow -Wsign-compare -Wundef -Wunused -Wwrite-strings -Waddress -Wattributes -Wcast-align -Wcast-qual -Wdeclaration-after-statement -Wdiv-by-zero -Wempty-body -Wendif-labels -Wfloat-equal -Wformat-security -Wignored-qualifiers -Wmissing-field-initializers -Wmissing-noreturn -Wno-format-nonliteral -Wno-sign-conversion -Wno-system-headers -Wold-style-definition -Wredundant-decls -Wstrict-prototypes -Wtype-limits -Wunreachable-code -Wunused-parameter -Wvla -Wclobbered -Wmissing-parameter-type -Wold-style-declaration -Wpragmas -Wstrict-aliasing=3 -ftree-vrp -Wjump-misses-init -Wdouble-promotion -Wformat=2 -Wtrampolines -Warray-bounds=2 -Wduplicated-cond -Wnull-dereference -fdelete-null-pointer-checks -Wshift-negative-value -Wshift-overflow=2 -Wunused-const-variable -Walloc-zero -Wduplicated-branches -Wformat-truncation=2 -Wimplicit-fallthrough -Wrestrict -Warith-conversion -Wenum-conversion -D_GNU_SOURCE  -o CMakeFiles/cmTC_38a23.dir/HAVE_NETDB_H.c.o -c /home/vitaliy/scand/build/CMakeFiles/CMakeScratch/TryCompile-nap16Y/HAVE_NETDB_H.c
Linking C executable cmTC_38a23
/usr/bin/cmake -E cmake_link_script CMakeFiles/cmTC_38a23.dir/link.txt --verbose=1
/usr/bin/cc  -Werror-implicit-function-declaration -W -Wall -pedantic -Wbad-function-cast -Wconversion -Wmissing-declarations -Wmissing-prototypes -Wnested-externs -Wno-long-long -Wno-multichar -Wpointer-arith -Wshadow -Wsign-compare -Wundef -Wunused -Wwrite-strings -Waddress -Wattributes -Wcast-align -Wcast-qual -Wdeclaration-after-statement -Wdiv-by-zero -Wempty-body -Wendif-labels -Wfloat-equal -Wformat-security -Wignored-qualifiers -Wmissing-field-initializers -Wmissing-noreturn -Wno-format-nonliteral -Wno-sign-conversion -Wno-system-headers -Wold-style-definition -Wredundant-decls -Wstrict-prototypes -Wtype-limits -Wunreachable-code -Wunused-parameter -Wvla -Wclobbered -Wmissing-parameter-type -Wold-style-declaration -Wpragmas -Wstrict-aliasing=3 -ftree-vrp -Wjump-misses-init -Wdouble-promotion -Wformat=2 -Wtrampolines -Warray-bounds=2 -Wduplicated-cond -Wnull-dereference -fdelete-null-pointer-checks -Wshift-negative-value -Wshift-overflow=2 -Wunused-const-variable -Walloc-zero -Wduplicated-branches -Wformat-truncation=2 -Wimplicit-fallthrough -Wrestrict -Warith-conversion -Wenum-conversion -D_GNU_SOURCE  CMakeFiles/cmTC_38a23.dir/HAVE_NETDB_H.c.o -o cmTC_38a23 
gmake[1]: выход из каталога «/home/vitaliy/scand/build/CMakeFiles/CMakeScratch/TryCompile-nap16Y»



Determining if files sys/select.h;sys/socket.h;sys/time.h;sys/types.h;arpa/inet.h;ifaddrs.h;libgen.h;net/if.h;netdb.h;netinet/in.h exist passed with the following output:
Change Dir: /home/vitaliy/scand/build/CMakeFiles/CMakeScratch/TryCompile-8IZZSF

Run Build Command(s):/usr/bin/gmake -f Makefile cmTC_3ded1/fast && /usr/bin/gmake  -f CMakeFiles/cmTC_3ded1.dir/build.make CMakeFiles/cmTC_3ded1.dir/build
gmake[1]: вход в каталог «/home/vitaliy/scand/build/CMakeFiles/CMakeScratch/TryCompile-8IZZSF»
Building C object CMakeFiles/cmTC_3ded1.dir/HAVE_NETINET_IN_H.c.o
/usr/bin/cc   -Werror-implicit-function-declaration -W -Wall -pedantic -Wbad-function-cast -Wconversion -Wmissing-declarations -Wmissing-prototypes -Wnested-externs -Wno-long-long -Wno-multichar -Wpointer-arith -Wshadow -Wsign-compare -Wundef -Wunused -Wwrite-strings -Waddress -Wattributes -Wcast-align -Wcast-qual -Wdeclaration-after-statement -Wdiv-by-zero -Wempty-body -Wendif-labels -Wfloat-equal -Wformat-security -Wignored-qualifiers -Wmissing-field-initializers -Wmissing-noreturn -Wno-format-nonliteral -Wno-sign-conversion -Wno-system-headers -Wold-style-definition -Wredundant-decls -Wstrict-prototypes -Wtype-limits -Wunreachable-code -Wunused-parameter -Wvla -Wclobbered -Wmissing-parameter-type -Wold-style-declaration -Wpragmas -Wstrict-aliasing=3 -ftree-vrp -Wjump-misses-init -Wdouble-promotion -Wformat=2 -Wtrampolines -Warray-bounds=2 -Wduplicated-cond -Wnull-dereference -fdelete-null-pointer-checks -Wshift-negative-value -Wshift-overflow=2 -Wunused-const-variable -Walloc-zero -Wduplicated-branches -Wformat-truncation=2 -Wimplicit-fallthrough -Wrestrict -Warith-conversion -Wenum-conversion -D_GNU_SOURCE  -o CMakeFiles/cmTC_3ded1.dir/HAVE_NETINET_IN_H.c.o -c /home/vitaliy/scand/build/CMakeFiles/CMakeScratch/TryCompile-8IZZSF/HAVE_NETINET_IN_H.c
Linking C executable cmTC_3ded1
/usr/bin/cmake -E cmake_link_script CMakeFiles/cmTC_3ded1.dir/link.txt --verbose=1
/usr/bin/cc  -Werror-implicit-function-declaration -W -Wall -pedantic -Wbad-function-cast -Wconversion -Wmissing-declarations -Wmissing-prototypes -Wnested-externs -Wno-long-long -Wno-multichar -Wpointer-arith -Wshadow -Wsign-compare -Wundef -Wunused -Wwrite-strings -Waddress -Wattributes -Wcast-align -Wcast-qual -Wdeclaration-after-statement -Wdiv-by-zero -Wempty-body -Wendif-labels -Wfloat-equal -Wformat-security -Wignored-qualifiers -Wmissing-field-initializers -Wmissing-noreturn -Wno-format-nonliteral -Wno-sign-conversion -Wno-system-headers -Wold-style-definition -Wredundant-decls -Wstrict-prototypes -Wtype-limits -Wunreachable-code -Wunused-parameter -Wvla -Wclobbered -Wmissing-parameter-type -Wold-style-declaration -Wpragmas -Wstrict-aliasing=3 -ftree-vrp -Wjump-misses-init -Wdouble-promotion -Wformat=2 -Wtrampolines -Warray-bounds=2 -Wduplicated-cond -Wnull-dereference -fdelete-null-pointer-checks -Wshift-negative-value -Wshift-overflow=2 -Wunused-const-variable -Walloc-zero -Wduplicated-branches -Wformat-truncation=2 -Wimplicit-fallthrough -Wrestrict -Warith-conversion -Wenum-conversion -D_GNU_SOURCE  CMakeFiles/cmTC_3ded1.dir/HAVE_NETINET_IN_H.c.o -o cmTC_3ded1 
gmake[1]: выход из каталога «/home/vitaliy/scand/build/CMakeFiles/CMakeScratch/TryCompile-8IZZSF»



Determining if files sys/select.h;sys/socket.h;sys/time.h;sys/types.h;arpa/inet.h;ifaddrs.h;libgen.h;net/if.h;netdb.h;netinet/in.h;netinet/tcp.h exist passed with the following output:
Change Dir: /home/vitaliy/scand/build/CMakeFiles/CMakeScratch/TryCompile-a0sveo

Run Build Command(s):/usr/bin/gmake -f Makefile cmTC_f854d/fast && /usr/bin/gmake  -f CMakeFiles/cmTC_f854d.dir/build.make CMakeFiles/cmTC_f854d.dir/build
gmake[1]: вход в каталог «/home/vitaliy/scand/build/CMakeFiles/CMakeScratch/TryCompile-a0sveo»
Building C object CMakeFiles/cmTC_f854d.dir/HAVE_NETINET_TCP_H.c.o
/usr/bin/cc   -Werror-implicit-function-declaration -W -Wall -pedantic -Wbad-function-cast -Wconversion -Wmissing-declarations -Wmissing-prototypes -Wnested-externs -Wno-long-long -Wno-multichar -Wpointer-arith -Wshadow -Wsign-compare -Wundef -Wunused -Wwrite-strings -Waddress -Wattributes -Wcast-align -Wcast-qual -Wdeclaration-after-statement -Wdiv-by-zero -Wempty-body -Wendif-labels -Wfloat-equal -Wformat-security -Wignored-qualifiers -Wmissing-field-initializers -Wmissing-noreturn -Wno-format-nonliteral -Wno-sign-conversion -Wno-system-headers -Wold-style-definition -Wredundant-decls -Wstrict-prototypes -Wtype-limits -Wunreachable-code -Wunused-parameter -Wvla -Wclobbered -Wmissing-parameter-type -Wold-style-declaration -Wpragmas -Wstrict-aliasing=3 -ftree-vrp -Wjump-misses-init -Wdouble-promotion -Wformat=2 -Wtrampolines -Warray-bounds=2 -Wduplicated-cond -Wnull-dereference -fdelete-null-pointer-checks -Wshift-negative-value -Wshift-overflow=2 -Wunused-const-variable -Walloc-zero -Wduplicated-branches -Wformat-truncation=2 -Wimplicit-fallthrough -Wrestrict -Warith-conversion -Wenum-conversion -D_GNU_SOURCE  -o CMakeFiles/cmTC_f854d.dir/HAVE_NETINET_TCP_H.c.o -c /home/vitaliy/scand/build/CMakeFiles/CMakeScratch/TryCompile-a0sveo/HAVE_NETINET_TCP_H.c
Linking C executable cmTC_f854d
/usr/bin/cmake -E cmake_link_script CMakeFiles/cmTC_f854d.dir/link.txt --verbose=1
/usr/bin/cc  -Werror-implicit-function-declaration -W -Wall -pedantic -Wbad-function-cast -Wconversion -Wmissing-declarations -Wmissing-prototypes -Wnested-externs -Wno-long-long -Wno-multichar -Wpointer-arith -Wshadow -Wsign-compare -Wundef -Wunused -Wwrite-strings -Waddress -Wattributes -Wcast-align -Wcast-qual -Wdeclaration-after-statement -Wdiv-by-zero -Wempty-body -Wendif-labels -Wfloat-equal -Wformat-security -Wignored-qualifiers -Wmissing-field-initializers -Wmissing-noreturn -Wno-format-nonliteral -Wno-sign-conversion -Wno-system-headers -Wold-style-definition -Wredundant-decls -Wstrict-prototypes -Wtype-limits -Wunreachable-code -Wunused-parameter -Wvla -Wclobbered -Wmissing-parameter-type -Wold-style-declaration -Wpragmas -Wstrict-aliasing=3 -ftree-vrp -Wjump-misses-init -Wdouble-promotion -Wformat=2 -Wtrampolines -Warray-bounds=2 -Wduplicated-cond -Wnull-dereference -fdelete-null-pointer-checks -Wshift-negative-value -Wshift-overflow=2 -Wunused-const-variable -Walloc-zero -Wduplicated-branches -Wformat-truncation=2 -Wimplicit-fallthrough -Wrestrict -Warith-conversion -Wenum-conversion -D_GNU_SOURCE  CMakeFiles/cmTC_f854d.dir/HAVE_NETINET_TCP_H.c.o -o cmTC_f854d 
gmake[1]: выход из каталога «/home/vitaliy/scand/build/CMakeFiles/CMakeScratch/TryCompile-a0sveo»



Determining if files sys/select.h;sys/socket.h;sys/time.h;sys/types.h;arpa/inet.h;ifaddrs.h;libgen.h;net/if.h;netdb.h;netinet/in.h;netinet/tcp.h;netinet/udp.h exist passed with the following output:
Change Dir: /home/vitaliy/scand/build/CMakeFiles/CMakeScratch/TryCompile-WAuwRq

Run Build Command(s):/usr/bin/gmake -f Makefile cmTC_14e10/fast && /usr/bin/gmake  -f CMakeFiles/cmTC_14e10.dir/build.make CMakeFiles/cmTC_14e10.dir/build
gmake[1]: вход в каталог «/home/vitaliy/scand/build/CMakeFiles/CMakeScratch/TryCompile-WAuwRq»
Building C object CMakeFiles/cmTC_14e10.dir/HAVE_NETINET_UDP_H.c.o
/usr/bin/cc   -Werror-implicit-function-declaration -W -Wall -pedantic -Wbad-function-cast -Wconversion -Wmissing-declarations -Wmissing-prototypes -Wnested-externs -Wno-long-long -Wno-multichar -Wpointer-arith -Wshadow -Wsign-compare -Wundef -Wunused -Wwrite-strings -Waddress -Wattributes -Wcast-align -Wcast-qual -Wdeclaration-after-statement -Wdiv-by-zero -Wempty-body -Wendif-labels -Wfloat-equal -Wformat-security -Wignored-qualifiers -Wmissing-field-initializers -Wmissing-noreturn -Wno-format-nonliteral -Wno-sign-conversion -Wno-system-headers -Wold-style-definition -Wredundant-decls -Wstrict-prototypes -Wtype-limits -Wunreachable-code -Wunused-parameter -Wvla -Wclobbered -Wmissing-parameter-type -Wold-style-declaration -Wpragmas -Wstrict-aliasing=3 -ftree-vrp -Wjump-misses-init -Wdouble-promotion -Wformat=2 -Wtrampolines -Warray-bounds=2 -Wduplicated-cond -Wnull-dereference -fdelete-null-pointer-checks -Wshift-negative-value -Wshift-overflow=2 -Wunused-const-variable -Walloc-zero -Wduplicated-branches -Wformat-truncation=2 -Wimplicit-fallthrough -Wrestrict -Warith-conversion -Wenum-conversion -D_GNU_SOURCE  -o CMakeFiles/cmTC_14e10.dir/HAVE_NETINET_UDP_H.c.o -c /home/vitaliy/scand/build/CMakeFiles/CMakeScratch/TryCompile-WAuwRq/HAVE_NETINET_UDP_H.c
Linking C executable cmTC_14e10
/usr/bin/cmake -E cmake_link_script CMakeFiles/cmTC_14e10.dir/link.txt --verbose=1
/usr/bin/cc  -Werror-implicit-function-declaration -W -Wall -pedantic -Wbad-function-cast -Wconversion -Wmissing-declarations -Wmissing-prototypes -Wnested-externs -Wno-long-long -Wno-multichar -Wpointer-arith -Wshadow -Wsign-compare -Wundef -Wunused -Wwrite-strings -Waddress -Wattributes -Wcast-align -Wcast-qual -Wdeclaration-after-statement -Wdiv-by-zero -Wempty-body -Wendif-labels -Wfloat-equal -Wformat-security -Wignored-qualifiers -Wmissing-field-initializers -Wmissing-noreturn -Wno-format-nonliteral -Wno-sign-conversion -Wno-system-headers -Wold-style-definition -Wredundant-decls -Wstrict-prototypes -Wtype-limits -Wunreachable-code -Wunused-parameter -Wvla -Wclobbered -Wmissing-parameter-type -Wold-style-declaration -Wpragmas -Wstrict-aliasing=3 -ftree-vrp -Wjump-misses-init -Wdouble-promotion -Wformat=2 -Wtrampolines -Warray-bounds=2 -Wduplicated-cond -Wnull-dereference -fdelete-null-pointer-checks -Wshift-negative-value -Wshift-overflow=2 -Wunused-const-variable -Walloc-zero -Wduplicated-branches -Wformat-truncation=2 -Wimplicit-fallthrough -Wrestrict -Warith-conversion -Wenum-conversion -D_GNU_SOURCE  CMakeFiles/cmTC_14e10.dir/HAVE_NETINET_UDP_H.c.o -o cmTC_14e10 
gmake[1]: выход из каталога «/home/vitaliy/scand/build/CMakeFiles/CMakeScratch/TryCompile-WAuwRq»



Determining if the include file poll.h exists passed with the following output:
Change Dir: /home/vitaliy/scand/build/CMakeFiles/CMakeScratch/TryCompile-zYhbQ9

Run Build Command(s):/usr/bin/gmake -f Makefile cmTC_af02e/fast && /usr/bin/gmake  -f CMakeFiles/cmTC_af02e.dir/build.make CMakeFiles/cmTC_af02e.dir/build
gmake[1]: вход в каталог «/home/vitaliy/scand/build/CMakeFiles/CMakeScratch/TryCompile-zYhbQ9»
Building C object CMakeFiles/cmTC_af02e.dir/CheckIncludeFile.c.o
/usr/bin/cc   -Werror-implicit-function-declaration -W -Wall -pedantic -Wbad-function-cast -Wconversion -Wmissing-declarations -Wmissing-prototypes -Wnested-externs -Wno-long-long -Wno-multichar -Wpointer-arith -Wshadow -Wsign-compare -Wundef -Wunused -Wwrite-strings -Waddress -Wattributes -Wcast-align -Wcast-qual -Wdeclaration-after-statement -Wdiv-by-zero -Wempty-body -Wendif-labels -Wfloat-equal -Wformat-security -Wignored-qualifiers -Wmissing-field-initializers -Wmissing-noreturn -Wno-format-nonliteral -Wno-sign-conversion -Wno-system-headers -Wold-style-definition -Wredundant-decls -Wstrict-prototypes -Wtype-limits -Wunreachable-code -Wunused-parameter -Wvla -Wclobbered -Wmissing-parameter-type -Wold-style-declaration -Wpragmas -Wstrict-aliasing=3 -ftree-vrp -Wjump-misses-init -Wdouble-promotion -Wformat=2 -Wtrampolines -Warray-bounds=2 -Wduplicated-cond -Wnull-dereference -fdelete-null-pointer-checks -Wshift-negative-value -Wshift-overflow=2 -Wunused-const-variable -Walloc-zero -Wduplicated-branches -Wformat-truncation=2 -Wimplicit-fallthrough -Wrestrict -Warith-conversion -Wenum-conversion -D_GNU_SOURCE  -o CMakeFiles/cmTC_af02e.dir/CheckIncludeFile.c.o -c /home/vitaliy/scand/build/CMakeFiles/CMakeScratch/TryCompile-zYhbQ9/CheckIncludeFile.c
Linking C executable cmTC_af02e
/usr/bin/cmake -E cmake_link_script CMakeFiles/cmTC_af02e.dir/link.txt --verbose=1
/usr/bin/cc  -Werror-implicit-function-declaration -W -Wall -pedantic -Wbad-function-cast -Wconversion -Wmissing-declarations -Wmissing-prototypes -Wnested-externs -Wno-long-long -Wno-multichar -Wpointer-arith -Wshadow -Wsign-compare -Wundef -Wunused -Wwrite-strings -Waddress -Wattributes -Wcast-align -Wcast-qual -Wdeclaration-after-statement -Wdiv-by-zero -Wempty-body -Wendif-labels -Wfloat-equal -Wformat-security -Wignored-qualifiers -Wmissing-field-initializers -Wmissing-noreturn -Wno-format-nonliteral -Wno-sign-conversion -Wno-system-headers -Wold-style-definition -Wredundant-decls -Wstrict-prototypes -Wtype-limits -Wunreachable-code -Wunused-parameter -Wvla -Wclobbered -Wmissing-parameter-type -Wold-style-declaration -Wpragmas -Wstrict-aliasing=3 -ftree-vrp -Wjump-misses-init -Wdouble-promotion -Wformat=2 -Wtrampolines -Warray-bounds=2 -Wduplicated-cond -Wnull-dereference -fdelete-null-pointer-checks -Wshift-negative-value -Wshift-overflow=2 -Wunused-const-variable -Walloc-zero -Wduplicated-branches -Wformat-truncation=2 -Wimplicit-fallthrough -Wrestrict -Warith-conversion -Wenum-conversion -D_GNU_SOURCE  CMakeFiles/cmTC_af02e.dir/CheckIncludeFile.c.o -o cmTC_af02e 
gmake[1]: выход из каталога «/home/vitaliy/scand/build/CMakeFiles/CMakeScratch/TryCompile-zYhbQ9»



Determining if the include file pwd.h exists passed with the following output:
Change Dir: /home/vitaliy/scand/build/CMakeFiles/CMakeScratch/TryCompile-MDxffG

Run Build Command(s):/usr/bin/gmake -f Makefile cmTC_01f03/fast && /usr/bin/gmake  -f CMakeFiles/cmTC_01f03.dir/build.make CMakeFiles/cmTC_01f03.dir/build
gmake[1]: вход в каталог «/home/vitaliy/scand/build/CMakeFiles/CMakeScratch/TryCompile-MDxffG»
Building C object CMakeFiles/cmTC_01f03.dir/CheckIncludeFile.c.o
/usr/bin/cc   -Werror-implicit-function-declaration -W -Wall -pedantic -Wbad-function-cast -Wconversion -Wmissing-declarations -Wmissing-prototypes -Wnested-externs -Wno-long-long -Wno-multichar -Wpointer-arith -Wshadow -Wsign-compare -Wundef -Wunused -Wwrite-strings -Waddress -Wattributes -Wcast-align -Wcast-qual -Wdeclaration-after-statement -Wdiv-by-zero -Wempty-body -Wendif-labels -Wfloat-equal -Wformat-security -Wignored-qualifiers -Wmissing-field-initializers -Wmissing-noreturn -Wno-format-nonliteral -Wno-sign-conversion -Wno-system-headers -Wold-style-definition -Wredundant-decls -Wstrict-prototypes -Wtype-limits -Wunreachable-code -Wunused-parameter -Wvla -Wclobbered -Wmissing-parameter-type -Wold-style-declaration -Wpragmas -Wstrict-aliasing=3 -ftree-vrp -Wjump-misses-init -Wdouble-promotion -Wformat=2 -Wtrampolines -Warray-bounds=2 -Wduplicated-cond -Wnull-dereference -fdelete-null-pointer-checks -Wshift-negative-value -Wshift-overflow=2 -Wunused-const-variable -Walloc-zero -Wduplicated-branches -Wformat-truncation=2 -Wimplicit-fallthrough -Wrestrict -Warith-conversion -Wenum-conversion -D_GNU_SOURCE  -o CMakeFiles/cmTC_01f03.dir/CheckIncludeFile.c.o -c /home/vitaliy/scand/build/CMakeFiles/CMakeScratch/TryCompile-MDxffG/CheckIncludeFile.c
Linking C executable cmTC_01f03
/usr/bin/cmake -E cmake_link_script CMakeFiles/cmTC_01f03.dir/link.txt --verbose=1
/usr/bin/cc  -Werror-implicit-function-declaration -W -Wall -pedantic -Wbad-function-cast -Wconversion -Wmissing-declarations -Wmissing-prototypes -Wnested-externs -Wno-long-long -Wno-multichar -Wpointer-arith -Wshadow -Wsign-compare -Wundef -Wunused -Wwrite-strings -Waddress -Wattributes -Wcast-align -Wcast-qual -Wdeclaration-after-statement -Wdiv-by-zero -Wempty-body -Wendif-labels -Wfloat-equal -Wformat-security -Wignored-qualifiers -Wmissing-field-initializers -Wmissing-noreturn -Wno-format-nonliteral -Wno-sign-conversion -Wno-system-headers -Wold-style-definition -Wredundant-decls -Wstrict-prototypes -Wtype-limits -Wunreachable-code -Wunused-parameter -Wvla -Wclobbered -Wmissing-parameter-type -Wold-style-declaration -Wpragmas -Wstrict-aliasing=3 -ftree-vrp -Wjump-misses-init -Wdouble-promotion -Wformat=2 -Wtrampolines -Warray-bounds=2 -Wduplicated-cond -Wnull-dereference -fdelete-null-pointer-checks -Wshift-negative-value -Wshift-overflow=2 -Wunused-const-variable -Walloc-zero -Wduplicated-branches -Wformat-truncation=2 -Wimplicit-fallthrough -Wrestrict -Warith-conversion -Wenum-conversion -D_GNU_SOURCE  CMakeFiles/cmTC_01f03.dir/CheckIncludeFile.c.o -o cmTC_01f03 
gmake[1]: выход из каталога «/home/vitaliy/scand/build/CMakeFiles/CMakeScratch/TryCompile-MDxffG»



Determining if the include file stdatomic.h exists passed with the following output:
Change Dir: /home/vitaliy/scand/build/CMakeFiles/CMakeScratch/TryCompile-r8I6jL

Run Build Command(s):/usr/bin/gmake -f Makefile cmTC_d6518/fast && /usr/bin/gmake  -f CMakeFiles/cmTC_d6518.dir/build.make CMakeFiles/cmTC_d6518.dir/build
gmake[1]: вход в каталог «/home/vitaliy/scand/build/CMakeFiles/CMakeScratch/TryCompile-r8I6jL»
Building C object CMakeFiles/cmTC_d6518.dir/CheckIncludeFile.c.o
/usr/bin/cc   -Werror-implicit-function-declaration -W -Wall -pedantic -Wbad-function-cast -Wconversion -Wmissing-declarations -Wmissing-prototypes -Wnested-externs -Wno-long-long -Wno-multichar -Wpointer-arith -Wshadow -Wsign-compare -Wundef -Wunused -Wwrite-strings -Waddress -Wattributes -Wcast-align -Wcast-qual -Wdeclaration-after-statement -Wdiv-by-zero -Wempty-body -Wendif-labels -Wfloat-equal -Wformat-security -Wignored-qualifiers -Wmissing-field-initializers -Wmissing-noreturn -Wno-format-nonliteral -Wno-sign-conversion -Wno-system-headers -Wold-style-definition -Wredundant-decls -Wstrict-prototypes -Wtype-limits -Wunreachable-code -Wunused-parameter -Wvla -Wclobbered -Wmissing-parameter-type -Wold-style-declaration -Wpragmas -Wstrict-aliasing=3 -ftree-vrp -Wjump-misses-init -Wdouble-promotion -Wformat=2 -Wtrampolines -Warray-bounds=2 -Wduplicated-cond -Wnull-dereference -fdelete-null-pointer-checks -Wshift-negative-value -Wshift-overflow=2 -Wunused-const-variable -Walloc-zero -Wduplicated-branches -Wformat-truncation=2 -Wimplicit-fallthrough -Wrestrict -Warith-conversion -Wenum-conversion -D_GNU_SOURCE  -o CMakeFiles/cmTC_d6518.dir/CheckIncludeFile.c.o -c /home/vitaliy/scand/build/CMakeFiles/CMakeScratch/TryCompile-r8I6jL/CheckIncludeFile.c
Linking C executable cmTC_d6518
/usr/bin/cmake -E cmake_link_script CMakeFiles/cmTC_d6518.dir/link.txt --verbose=1
/usr/bin/cc  -Werror-implicit-function-declaration -W -Wall -pedantic -Wbad-function-cast -Wconversion -Wmissing-declarations -Wmissing-prototypes -Wnested-externs -Wno-long-long -Wno-multichar -Wpointer-arith -Wshadow -Wsign-compare -Wundef -Wunused -Wwrite-strings -Waddress -Wattributes -Wcast-align -Wcast-qual -Wdeclaration-after-statement -Wdiv-by-zero -Wempty-body -Wendif-labels -Wfloat-equal -Wformat-security -Wignored-qualifiers -Wmissing-field-initializers -Wmissing-noreturn -Wno-format-nonliteral -Wno-sign-conversion -Wno-system-headers -Wold-style-definition -Wredundant-decls -Wstrict-prototypes -Wtype-limits -Wunreachable-code -Wunused-parameter -Wvla -Wclobbered -Wmissing-parameter-type -Wold-style-declaration -Wpragmas -Wstrict-aliasing=3 -ftree-vrp -Wjump-misses-init -Wdouble-promotion -Wformat=2 -Wtrampolines -Warray-bounds=2 -Wduplicated-cond -Wnull-dereference -fdelete-null-pointer-checks -Wshift-negative-value -Wshift-overflow=2 -Wunused-const-variable -Walloc-zero -Wduplicated-branches -Wformat-truncation=2 -Wimplicit-fallthrough -Wrestrict -Warith-conversion -Wenum-conversion -D_GNU_SOURCE  CMakeFiles/cmTC_d6518.dir/CheckIncludeFile.c.o -o cmTC_d6518 
gmake[1]: выход из каталога «/home/vitaliy/scand/build/CMakeFiles/CMakeScratch/TryCompile-r8I6jL»



Determining if the include file stdbool.h exists passed with the following output:
Change Dir: /home/vitaliy/scand/build/CMakeFiles/CMakeScratch/TryCompile-Qhzk8k

Run Build Command(s):/usr/bin/gmake -f Makefile cmTC_3fca9/fast && /usr/bin/gmake  -f CMakeFiles/cmTC_3fca9.dir/build.make CMakeFiles/cmTC_3fca9.dir/build
gmake[1]: вход в каталог «/home/vitaliy/scand/build/CMakeFiles/CMakeScratch/TryCompile-Qhzk8k»
Building C object CMakeFiles/cmTC_3fca9.dir/CheckIncludeFile.c.o
/usr/bin/cc   -Werror-implicit-function-declaration -W -Wall -pedantic -Wbad-function-cast -Wconversion -Wmissing-declarations -Wmissing-prototypes -Wnested-externs -Wno-long-long -Wno-multichar -Wpointer-arith -Wshadow -Wsign-compare -Wundef -Wunused -Wwrite-strings -Waddress -Wattributes -Wcast-align -Wcast-qual -Wdeclaration-after-statement -Wdiv-by-zero -Wempty-body -Wendif-labels -Wfloat-equal -Wformat-security -Wignored-qualifiers -Wmissing-field-initializers -Wmissing-noreturn -Wno-format-nonliteral -Wno-sign-conversion -Wno-system-headers -Wold-style-definition -Wredundant-decls -Wstrict-prototypes -Wtype-limits -Wunreachable-code -Wunused-parameter -Wvla -Wclobbered -Wmissing-parameter-type -Wold-style-declaration -Wpragmas -Wstrict-aliasing=3 -ftree-vrp -Wjump-misses-init -Wdouble-promotion -Wformat=2 -Wtrampolines -Warray-bounds=2 -Wduplicated-cond -Wnull-dereference -fdelete-null-pointer-checks -Wshift-negative-value -Wshift-overflow=2 -Wunused-const-variable -Walloc-zero -Wduplicated-branches -Wformat-truncation=2 -Wimplicit-fallthrough -Wrestrict -Warith-conversion -Wenum-conversion -D_GNU_SOURCE  -o CMakeFiles/cmTC_3fca9.dir/CheckIncludeFile.c.o -c /home/vitaliy/scand/build/CMakeFiles/CMakeScratch/TryCompile-Qhzk8k/CheckIncludeFile.c
Linking C executable cmTC_3fca9
/usr/bin/cmake -E cmake_link_script CMakeFiles/cmTC_3fca9.dir/link.txt --verbose=1
/usr/bin/cc  -Werror-implicit-function-declaration -W -Wall -pedantic -Wbad-function-cast -Wconversion -Wmissing-declarations -Wmissing-prototypes -Wnested-externs -Wno-long-long -Wno-multichar -Wpointer-arith -Wshadow -Wsign-compare -Wundef -Wunused -Wwrite-strings -Waddress -Wattributes -Wcast-align -Wcast-qual -Wdeclaration-after-statement -Wdiv-by-zero -Wempty-body -Wendif-labels -Wfloat-equal -Wformat-security -Wignored-qualifiers -Wmissing-field-initializers -Wmissing-noreturn -Wno-format-nonliteral -Wno-sign-conversion -Wno-system-headers -Wold-style-definition -Wredundant-decls -Wstrict-prototypes -Wtype-limits -Wunreachable-code -Wunused-parameter -Wvla -Wclobbered -Wmissing-parameter-type -Wold-style-declaration -Wpragmas -Wstrict-aliasing=3 -ftree-vrp -Wjump-misses-init -Wdouble-promotion -Wformat=2 -Wtrampolines -Warray-bounds=2 -Wduplicated-cond -Wnull-dereference -fdelete-null-pointer-checks -Wshift-negative-value -Wshift-overflow=2 -Wunused-const-variable -Walloc-zero -Wduplicated-branches -Wformat-truncation=2 -Wimplicit-fallthrough -Wrestrict -Warith-conversion -Wenum-conversion -D_GNU_SOURCE  CMakeFiles/cmTC_3fca9.dir/CheckIncludeFile.c.o -o cmTC_3fca9 
gmake[1]: выход из каталога «/home/vitaliy/scand/build/CMakeFiles/CMakeScratch/TryCompile-Qhzk8k»



Determining if the include file strings.h exists passed with the following output:
Change Dir: /home/vitaliy/scand/build/CMakeFiles/CMakeScratch/TryCompile-BaGhwm

Run Build Command(s):/usr/bin/gmake -f Makefile cmTC_fa623/fast && /usr/bin/gmake  -f CMakeFiles/cmTC_fa623.dir/build.make CMakeFiles/cmTC_fa623.dir/build
gmake[1]: вход в каталог «/home/vitaliy/scand/build/CMakeFiles/CMakeScratch/TryCompile-BaGhwm»
Building C object CMakeFiles/cmTC_fa623.dir/CheckIncludeFile.c.o
/usr/bin/cc   -Werror-implicit-function-declaration -W -Wall -pedantic -Wbad-function-cast -Wconversion -Wmissing-declarations -Wmissing-prototypes -Wnested-externs -Wno-long-long -Wno-multichar -Wpointer-arith -Wshadow -Wsign-compare -Wundef -Wunused -Wwrite-strings -Waddress -Wattributes -Wcast-align -Wcast-qual -Wdeclaration-after-statement -Wdiv-by-zero -Wempty-body -Wendif-labels -Wfloat-equal -Wformat-security -Wignored-qualifiers -Wmissing-field-initializers -Wmissing-noreturn -Wno-format-nonliteral -Wno-sign-conversion -Wno-system-headers -Wold-style-definition -Wredundant-decls -Wstrict-prototypes -Wtype-limits -Wunreachable-code -Wunused-parameter -Wvla -Wclobbered -Wmissing-parameter-type -Wold-style-declaration -Wpragmas -Wstrict-aliasing=3 -ftree-vrp -Wjump-misses-init -Wdouble-promotion -Wformat=2 -Wtrampolines -Warray-bounds=2 -Wduplicated-cond -Wnull-dereference -fdelete-null-pointer-checks -Wshift-negative-value -Wshift-overflow=2 -Wunused-const-variable -Walloc-zero -Wduplicated-branches -Wformat-truncation=2 -Wimplicit-fallthrough -Wrestrict -Warith-conversion -Wenum-conversion -D_GNU_SOURCE  -o CMakeFiles/cmTC_fa623.dir/CheckIncludeFile.c.o -c /home/vitaliy/scand/build/CMakeFiles/CMakeScratch/TryCompile-BaGhwm/CheckIncludeFile.c
Linking C executable cmTC_fa623
/usr/bin/cmake -E cmake_link_script CMakeFiles/cmTC_fa623.dir/link.txt --verbose=1
/usr/bin/cc  -Werror-implicit-function-declaration -W -Wall -pedantic -Wbad-function-cast -Wconversion -Wmissing-declarations -Wmissing-prototypes -Wnested-externs -Wno-long-long -Wno-multichar -Wpointer-arith -Wshadow -Wsign-compare -Wundef -Wunused -Wwrite-strings -Waddress -Wattributes -Wcast-align -Wcast-qual -Wdeclaration-after-statement -Wdiv-by-zero -Wempty-body -Wendif-labels -Wfloat-equal -Wformat-security -Wignored-qualifiers -Wmissing-field-initializers -Wmissing-noreturn -Wno-format-nonliteral -Wno-sign-conversion -Wno-system-headers -Wold-style-definition -Wredundant-decls -Wstrict-prototypes -Wtype-limits -Wunreachable-code -Wunused-parameter -Wvla -Wclobbered -Wmissing-parameter-type -Wold-style-declaration -Wpragmas -Wstrict-aliasing=3 -ftree-vrp -Wjump-misses-init -Wdouble-promotion -Wformat=2 -Wtrampolines -Warray-bounds=2 -Wduplicated-cond -Wnull-dereference -fdelete-null-pointer-checks -Wshift-negative-value -Wshift-overflow=2 -Wunused-const-variable -Walloc-zero -Wduplicated-branches -Wformat-truncation=2 -Wimplicit-fallthrough -Wrestrict -Warith-conversion -Wenum-conversion -D_GNU_SOURCE  CMakeFiles/cmTC_fa623.dir/CheckIncludeFile.c.o -o cmTC_fa623 
gmake[1]: выход из каталога «/home/vitaliy/scand/build/CMakeFiles/CMakeScratch/TryCompile-BaGhwm»



Determining if the include file termio.h exists passed with the following output:
Change Dir: /home/vitaliy/scand/build/CMakeFiles/CMakeScratch/TryCompile-9o9SNS

Run Build Command(s):/usr/bin/gmake -f Makefile cmTC_97828/fast && /usr/bin/gmake  -f CMakeFiles/cmTC_97828.dir/build.make CMakeFiles/cmTC_97828.dir/build
gmake[1]: вход в каталог «/home/vitaliy/scand/build/CMakeFiles/CMakeScratch/TryCompile-9o9SNS»
Building C object CMakeFiles/cmTC_97828.dir/CheckIncludeFile.c.o
/usr/bin/cc   -Werror-implicit-function-declaration -W -Wall -pedantic -Wbad-function-cast -Wconversion -Wmissing-declarations -Wmissing-prototypes -Wnested-externs -Wno-long-long -Wno-multichar -Wpointer-arith -Wshadow -Wsign-compare -Wundef -Wunused -Wwrite-strings -Waddress -Wattributes -Wcast-align -Wcast-qual -Wdeclaration-after-statement -Wdiv-by-zero -Wempty-body -Wendif-labels -Wfloat-equal -Wformat-security -Wignored-qualifiers -Wmissing-field-initializers -Wmissing-noreturn -Wno-format-nonliteral -Wno-sign-conversion -Wno-system-headers -Wold-style-definition -Wredundant-decls -Wstrict-prototypes -Wtype-limits -Wunreachable-code -Wunused-parameter -Wvla -Wclobbered -Wmissing-parameter-type -Wold-style-declaration -Wpragmas -Wstrict-aliasing=3 -ftree-vrp -Wjump-misses-init -Wdouble-promotion -Wformat=2 -Wtrampolines -Warray-bounds=2 -Wduplicated-cond -Wnull-dereference -fdelete-null-pointer-checks -Wshift-negative-value -Wshift-overflow=2 -Wunused-const-variable -Walloc-zero -Wduplicated-branches -Wformat-truncation=2 -Wimplicit-fallthrough -Wrestrict -Warith-conversion -Wenum-conversion -D_GNU_SOURCE  -o CMakeFiles/cmTC_97828.dir/CheckIncludeFile.c.o -c /home/vitaliy/scand/build/CMakeFiles/CMakeScratch/TryCompile-9o9SNS/CheckIncludeFile.c
Linking C executable cmTC_97828
/usr/bin/cmake -E cmake_link_script CMakeFiles/cmTC_97828.dir/link.txt --verbose=1
/usr/bin/cc  -Werror-implicit-function-declaration -W -Wall -pedantic -Wbad-function-cast -Wconversion -Wmissing-declarations -Wmissing-prototypes -Wnested-externs -Wno-long-long -Wno-multichar -Wpointer-arith -Wshadow -Wsign-compare -Wundef -Wunused -Wwrite-strings -Waddress -Wattributes -Wcast-align -Wcast-qual -Wdeclaration-after-statement -Wdiv-by-zero -Wempty-body -Wendif-labels -Wfloat-equal -Wformat-security -Wignored-qualifiers -Wmissing-field-initializers -Wmissing-noreturn -Wno-format-nonliteral -Wno-sign-conversion -Wno-system-headers -Wold-style-definition -Wredundant-decls -Wstrict-prototypes -Wtype-limits -Wunreachable-code -Wunused-parameter -Wvla -Wclobbered -Wmissing-parameter-type -Wold-style-declaration -Wpragmas -Wstrict-aliasing=3 -ftree-vrp -Wjump-misses-init -Wdouble-promotion -Wformat=2 -Wtrampolines -Warray-bounds=2 -Wduplicated-cond -Wnull-dereference -fdelete-null-pointer-checks -Wshift-negative-value -Wshift-overflow=2 -Wunused-const-variable -Walloc-zero -Wduplicated-branches -Wformat-truncation=2 -Wimplicit-fallthrough -Wrestrict -Warith-conversion -Wenum-conversion -D_GNU_SOURCE  CMakeFiles/cmTC_97828.dir/CheckIncludeFile.c.o -o cmTC_97828 
gmake[1]: выход из каталога «/home/vitaliy/scand/build/CMakeFiles/CMakeScratch/TryCompile-9o9SNS»



Determining if the include file termios.h exists passed with the following output:
Change Dir: /home/vitaliy/scand/build/CMakeFiles/CMakeScratch/TryCompile-X5pga1

Run Build Command(s):/usr/bin/gmake -f Makefile cmTC_44f05/fast && /usr/bin/gmake  -f CMakeFiles/cmTC_44f05.dir/build.make CMakeFiles/cmTC_44f05.dir/build
gmake[1]: вход в каталог «/home/vitaliy/scand/build/CMakeFiles/CMakeScratch/TryCompile-X5pga1»
Building C object CMakeFiles/cmTC_44f05.dir/CheckIncludeFile.c.o
/usr/bin/cc   -Werror-implicit-function-declaration -W -Wall -pedantic -Wbad-function-cast -Wconversion -Wmissing-declarations -Wmissing-prototypes -Wnested-externs -Wno-long-long -Wno-multichar -Wpointer-arith -Wshadow -Wsign-compare -Wundef -Wunused -Wwrite-strings -Waddress -Wattributes -Wcast-align -Wcast-qual -Wdeclaration-after-statement -Wdiv-by-zero -Wempty-body -Wendif-labels -Wfloat-equal -Wformat-security -Wignored-qualifiers -Wmissing-field-initializers -Wmissing-noreturn -Wno-format-nonliteral -Wno-sign-conversion -Wno-system-headers -Wold-style-definition -Wredundant-decls -Wstrict-prototypes -Wtype-limits -Wunreachable-code -Wunused-parameter -Wvla -Wclobbered -Wmissing-parameter-type -Wold-style-declaration -Wpragmas -Wstrict-aliasing=3 -ftree-vrp -Wjump-misses-init -Wdouble-promotion -Wformat=2 -Wtrampolines -Warray-bounds=2 -Wduplicated-cond -Wnull-dereference -fdelete-null-pointer-checks -Wshift-negative-value -Wshift-overflow=2 -Wunused-const-variable -Walloc-zero -Wduplicated-branches -Wformat-truncation=2 -Wimplicit-fallthrough -Wrestrict -Warith-conversion -Wenum-conversion -D_GNU_SOURCE  -o CMakeFiles/cmTC_44f05.dir/CheckIncludeFile.c.o -c /home/vitaliy/scand/build/CMakeFiles/CMakeScratch/TryCompile-X5pga1/CheckIncludeFile.c
Linking C executable cmTC_44f05
/usr/bin/cmake -E cmake_link_script CMakeFiles/cmTC_44f05.dir/link.txt --verbose=1
/usr/bin/cc  -Werror-implicit-function-declaration -W -Wall -pedantic -Wbad-function-cast -Wconversion -Wmissing-declarations -Wmissing-prototypes -Wnested-externs -Wno-long-long -Wno-multichar -Wpointer-arith -Wshadow -Wsign-compare -Wundef -Wunused -Wwrite-strings -Waddress -Wattributes -Wcast-align -Wcast-qual -Wdeclaration-after-statement -Wdiv-by-zero -Wempty-body -Wendif-labels -Wfloat-equal -Wformat-security -Wignored-qualifiers -Wmissing-field-initializers -Wmissing-noreturn -Wno-format-nonliteral -Wno-sign-conversion -Wno-system-headers -Wold-style-definition -Wredundant-decls -Wstrict-prototypes -Wtype-limits -Wunreachable-code -Wunused-parameter -Wvla -Wclobbered -Wmissing-parameter-type -Wold-style-declaration -Wpragmas -Wstrict-aliasing=3 -ftree-vrp -Wjump-misses-init -Wdouble-promotion -Wformat=2 -Wtrampolines -Warray-bounds=2 -Wduplicated-cond -Wnull-dereference -fdelete-null-pointer-checks -Wshift-negative-value -Wshift-overflow=2 -Wunused-const-variable -Walloc-zero -Wduplicated-branches -Wformat-truncation=2 -Wimplicit-fallthrough -Wrestrict -Warith-conversion -Wenum-conversion -D_GNU_SOURCE  CMakeFiles/cmTC_44f05.dir/CheckIncludeFile.c.o -o cmTC_44f05 
gmake[1]: выход из каталога «/home/vitaliy/scand/build/CMakeFiles/CMakeScratch/TryCompile-X5pga1»



Determining if the include file utime.h exists passed with the following output:
Change Dir: /home/vitaliy/scand/build/CMakeFiles/CMakeScratch/TryCompile-hcpAdd

Run Build Command(s):/usr/bin/gmake -f Makefile cmTC_a0cbb/fast && /usr/bin/gmake  -f CMakeFiles/cmTC_a0cbb.dir/build.make CMakeFiles/cmTC_a0cbb.dir/build
gmake[1]: вход в каталог «/home/vitaliy/scand/build/CMakeFiles/CMakeScratch/TryCompile-hcpAdd»
Building C object CMakeFiles/cmTC_a0cbb.dir/CheckIncludeFile.c.o
/usr/bin/cc   -Werror-implicit-function-declaration -W -Wall -pedantic -Wbad-function-cast -Wconversion -Wmissing-declarations -Wmissing-prototypes -Wnested-externs -Wno-long-long -Wno-multichar -Wpointer-arith -Wshadow -Wsign-compare -Wundef -Wunused -Wwrite-strings -Waddress -Wattributes -Wcast-align -Wcast-qual -Wdeclaration-after-statement -Wdiv-by-zero -Wempty-body -Wendif-labels -Wfloat-equal -Wformat-security -Wignored-qualifiers -Wmissing-field-initializers -Wmissing-noreturn -Wno-format-nonliteral -Wno-sign-conversion -Wno-system-headers -Wold-style-definition -Wredundant-decls -Wstrict-prototypes -Wtype-limits -Wunreachable-code -Wunused-parameter -Wvla -Wclobbered -Wmissing-parameter-type -Wold-style-declaration -Wpragmas -Wstrict-aliasing=3 -ftree-vrp -Wjump-misses-init -Wdouble-promotion -Wformat=2 -Wtrampolines -Warray-bounds=2 -Wduplicated-cond -Wnull-dereference -fdelete-null-pointer-checks -Wshift-negative-value -Wshift-overflow=2 -Wunused-const-variable -Walloc-zero -Wduplicated-branches -Wformat-truncation=2 -Wimplicit-fallthrough -Wrestrict -Warith-conversion -Wenum-conversion -D_GNU_SOURCE  -o CMakeFiles/cmTC_a0cbb.dir/CheckIncludeFile.c.o -c /home/vitaliy/scand/build/CMakeFiles/CMakeScratch/TryCompile-hcpAdd/CheckIncludeFile.c
Linking C executable cmTC_a0cbb
/usr/bin/cmake -E cmake_link_script CMakeFiles/cmTC_a0cbb.dir/link.txt --verbose=1
/usr/bin/cc  -Werror-implicit-function-declaration -W -Wall -pedantic -Wbad-function-cast -Wconversion -Wmissing-declarations -Wmissing-prototypes -Wnested-externs -Wno-long-long -Wno-multichar -Wpointer-arith -Wshadow -Wsign-compare -Wundef -Wunused -Wwrite-strings -Waddress -Wattributes -Wcast-align -Wcast-qual -Wdeclaration-after-statement -Wdiv-by-zero -Wempty-body -Wendif-labels -Wfloat-equal -Wformat-security -Wignored-qualifiers -Wmissing-field-initializers -Wmissing-noreturn -Wno-format-nonliteral -Wno-sign-conversion -Wno-system-headers -Wold-style-definition -Wredundant-decls -Wstrict-prototypes -Wtype-limits -Wunreachable-code -Wunused-parameter -Wvla -Wclobbered -Wmissing-parameter-type -Wold-style-declaration -Wpragmas -Wstrict-aliasing=3 -ftree-vrp -Wjump-misses-init -Wdouble-promotion -Wformat=2 -Wtrampolines -Warray-bounds=2 -Wduplicated-cond -Wnull-dereference -fdelete-null-pointer-checks -Wshift-negative-value -Wshift-overflow=2 -Wunused-const-variable -Walloc-zero -Wduplicated-branches -Wformat-truncation=2 -Wimplicit-fallthrough -Wrestrict -Warith-conversion -Wenum-conversion -D_GNU_SOURCE  CMakeFiles/cmTC_a0cbb.dir/CheckIncludeFile.c.o -o cmTC_a0cbb 
gmake[1]: выход из каталога «/home/vitaliy/scand/build/CMakeFiles/CMakeScratch/TryCompile-hcpAdd»



Determining size of size_t passed with the following output:
Change Dir: /home/vitaliy/scand/build/CMakeFiles/CMakeScratch/TryCompile-DUlVEr

Run Build Command(s):/usr/bin/gmake -f Makefile cmTC_59941/fast && /usr/bin/gmake  -f CMakeFiles/cmTC_59941.dir/build.make CMakeFiles/cmTC_59941.dir/build
gmake[1]: вход в каталог «/home/vitaliy/scand/build/CMakeFiles/CMakeScratch/TryCompile-DUlVEr»
Building C object CMakeFiles/cmTC_59941.dir/SIZEOF_SIZE_T.c.o
/usr/bin/cc   -Werror-implicit-function-declaration -W -Wall -pedantic -Wbad-function-cast -Wconversion -Wmissing-declarations -Wmissing-prototypes -Wnested-externs -Wno-long-long -Wno-multichar -Wpointer-arith -Wshadow -Wsign-compare -Wundef -Wunused -Wwrite-strings -Waddress -Wattributes -Wcast-align -Wcast-qual -Wdeclaration-after-statement -Wdiv-by-zero -Wempty-body -Wendif-labels -Wfloat-equal -Wformat-security -Wignored-qualifiers -Wmissing-field-initializers -Wmissing-noreturn -Wno-format-nonliteral -Wno-sign-conversion -Wno-system-headers -Wold-style-definition -Wredundant-decls -Wstrict-prototypes -Wtype-limits -Wunreachable-code -Wunused-parameter -Wvla -Wclobbered -Wmissing-parameter-type -Wold-style-declaration -Wpragmas -Wstrict-aliasing=3 -ftree-vrp -Wjump-misses-init -Wdouble-promotion -Wformat=2 -Wtrampolines -Warray-bounds=2 -Wduplicated-cond -Wnull-dereference -fdelete-null-pointer-checks -Wshift-negative-value -Wshift-overflow=2 -Wunused-const-variable -Walloc-zero -Wduplicated-branches -Wformat-truncation=2 -Wimplicit-fallthrough -Wrestrict -Warith-conversion -Wenum-conversion -D_GNU_SOURCE  -o CMakeFiles/cmTC_59941.dir/SIZEOF_SIZE_T.c.o -c /home/vitaliy/scand/build/CMakeFiles/CMakeScratch/TryCompile-DUlVEr/SIZEOF_SIZE_T.c
Linking C executable cmTC_59941
/usr/bin/cmake -E cmake_link_script CMakeFiles/cmTC_59941.dir/link.txt --verbose=1
/usr/bin/cc  -Werror-implicit-function-declaration -W -Wall -pedantic -Wbad-function-cast -Wconversion -Wmissing-declarations -Wmissing-prototypes -Wnested-externs -Wno-long-long -Wno-multichar -Wpointer-arith -Wshadow -Wsign-compare -Wundef -Wunused -Wwrite-strings -Waddress -Wattributes -Wcast-align -Wcast-qual -Wdeclaration-after-statement -Wdiv-by-zero -Wempty-body -Wendif-labels -Wfloat-equal -Wformat-security -Wignored-qualifiers -Wmissing-field-initializers -Wmissing-noreturn -Wno-format-nonliteral -Wno-sign-conversion -Wno-system-headers -Wold-style-definition -Wredundant-decls -Wstrict-prototypes -Wtype-limits -Wunreachable-code -Wunused-parameter -Wvla -Wclobbered -Wmissing-parameter-type -Wold-style-declaration -Wpragmas -Wstrict-aliasing=3 -ftree-vrp -Wjump-misses-init -Wdouble-promotion -Wformat=2 -Wtrampolines -Warray-bounds=2 -Wduplicated-cond -Wnull-dereference -fdelete-null-pointer-checks -Wshift-negative-value -Wshift-overflow=2 -Wunused-const-variable -Walloc-zero -Wduplicated-branches -Wformat-truncation=2 -Wimplicit-fallthrough -Wrestrict -Warith-conversion -Wenum-conversion -D_GNU_SOURCE  CMakeFiles/cmTC_59941.dir/SIZEOF_SIZE_T.c.o -o cmTC_59941 
gmake[1]: выход из каталога «/home/vitaliy/scand/build/CMakeFiles/CMakeScratch/TryCompile-DUlVEr»



Determining size of ssize_t passed with the following output:
Change Dir: /home/vitaliy/scand/build/CMakeFiles/CMakeScratch/TryCompile-ArEo1d

Run Build Command(s):/usr/bin/gmake -f Makefile cmTC_1760c/fast && /usr/bin/gmake  -f CMakeFiles/cmTC_1760c.dir/build.make CMakeFiles/cmTC_1760c.dir/build
gmake[1]: вход в каталог «/home/vitaliy/scand/build/CMakeFiles/CMakeScratch/TryCompile-ArEo1d»
Building C object CMakeFiles/cmTC_1760c.dir/SIZEOF_SSIZE_T.c.o
/usr/bin/cc   -Werror-implicit-function-declaration -W -Wall -pedantic -Wbad-function-cast -Wconversion -Wmissing-declarations -Wmissing-prototypes -Wnested-externs -Wno-long-long -Wno-multichar -Wpointer-arith -Wshadow -Wsign-compare -Wundef -Wunused -Wwrite-strings -Waddress -Wattributes -Wcast-align -Wcast-qual -Wdeclaration-after-statement -Wdiv-by-zero -Wempty-body -Wendif-labels -Wfloat-equal -Wformat-security -Wignored-qualifiers -Wmissing-field-initializers -Wmissing-noreturn -Wno-format-nonliteral -Wno-sign-conversion -Wno-system-headers -Wold-style-definition -Wredundant-decls -Wstrict-prototypes -Wtype-limits -Wunreachable-code -Wunused-parameter -Wvla -Wclobbered -Wmissing-parameter-type -Wold-style-declaration -Wpragmas -Wstrict-aliasing=3 -ftree-vrp -Wjump-misses-init -Wdouble-promotion -Wformat=2 -Wtrampolines -Warray-bounds=2 -Wduplicated-cond -Wnull-dereference -fdelete-null-pointer-checks -Wshift-negative-value -Wshift-overflow=2 -Wunused-const-variable -Walloc-zero -Wduplicated-branches -Wformat-truncation=2 -Wimplicit-fallthrough -Wrestrict -Warith-conversion -Wenum-conversion -D_GNU_SOURCE  -o CMakeFiles/cmTC_1760c.dir/SIZEOF_SSIZE_T.c.o -c /home/vitaliy/scand/build/CMakeFiles/CMakeScratch/TryCompile-ArEo1d/SIZEOF_SSIZE_T.c
Linking C executable cmTC_1760c
/usr/bin/cmake -E cmake_link_script CMakeFiles/cmTC_1760c.dir/link.txt --verbose=1
/usr/bin/cc  -Werror-implicit-function-declaration -W -Wall -pedantic -Wbad-function-cast -Wconversion -Wmissing-declarations -Wmissing-prototypes -Wnested-externs -Wno-long-long -Wno-multichar -Wpointer-arith -Wshadow -Wsign-compare -Wundef -Wunused -Wwrite-strings -Waddress -Wattributes -Wcast-align -Wcast-qual -Wdeclaration-after-statement -Wdiv-by-zero -Wempty-body -Wendif-labels -Wfloat-equal -Wformat-security -Wignored-qualifiers -Wmissing-field-initializers -Wmissing-noreturn -Wno-format-nonliteral -Wno-sign-conversion -Wno-system-headers -Wold-style-definition -Wredundant-decls -Wstrict-prototypes -Wtype-limits -Wunreachable-code -Wunused-parameter -Wvla -Wclobbered -Wmissing-parameter-type -Wold-style-declaration -Wpragmas -Wstrict-aliasing=3 -ftree-vrp -Wjump-misses-init -Wdouble-promotion -Wformat=2 -Wtrampolines -Warray-bounds=2 -Wduplicated-cond -Wnull-dereference -fdelete-null-pointer-checks -Wshift-negative-value -Wshift-overflow=2 -Wunused-const-variable -Walloc-zero -Wduplicated-branches -Wformat-truncation=2 -Wimplicit-fallthrough -Wrestrict -Warith-conversion -Wenum-conversion -D_GNU_SOURCE  CMakeFiles/cmTC_1760c.dir/SIZEOF_SSIZE_T.c.o -o cmTC_1760c 
gmake[1]: выход из каталога «/home/vitaliy/scand/build/CMakeFiles/CMakeScratch/TryCompile-ArEo1d»



Determining size of long long passed with the following output:
Change Dir: /home/vitaliy/scand/build/CMakeFiles/CMakeScratch/TryCompile-EZ3fQk

Run Build Command(s):/usr/bin/gmake -f Makefile cmTC_92fed/fast && /usr/bin/gmake  -f CMakeFiles/cmTC_92fed.dir/build.make CMakeFiles/cmTC_92fed.dir/build
gmake[1]: вход в каталог «/home/vitaliy/scand/build/CMakeFiles/CMakeScratch/TryCompile-EZ3fQk»
Building C object CMakeFiles/cmTC_92fed.dir/SIZEOF_LONG_LONG.c.o
/usr/bin/cc   -Werror-implicit-function-declaration -W -Wall -pedantic -Wbad-function-cast -Wconversion -Wmissing-declarations -Wmissing-prototypes -Wnested-externs -Wno-long-long -Wno-multichar -Wpointer-arith -Wshadow -Wsign-compare -Wundef -Wunused -Wwrite-strings -Waddress -Wattributes -Wcast-align -Wcast-qual -Wdeclaration-after-statement -Wdiv-by-zero -Wempty-body -Wendif-labels -Wfloat-equal -Wformat-security -Wignored-qualifiers -Wmissing-field-initializers -Wmissing-noreturn -Wno-format-nonliteral -Wno-sign-conversion -Wno-system-headers -Wold-style-definition -Wredundant-decls -Wstrict-prototypes -Wtype-limits -Wunreachable-code -Wunused-parameter -Wvla -Wclobbered -Wmissing-parameter-type -Wold-style-declaration -Wpragmas -Wstrict-aliasing=3 -ftree-vrp -Wjump-misses-init -Wdouble-promotion -Wformat=2 -Wtrampolines -Warray-bounds=2 -Wduplicated-cond -Wnull-dereference -fdelete-null-pointer-checks -Wshift-negative-value -Wshift-overflow=2 -Wunused-const-variable -Walloc-zero -Wduplicated-branches -Wformat-truncation=2 -Wimplicit-fallthrough -Wrestrict -Warith-conversion -Wenum-conversion -D_GNU_SOURCE  -o CMakeFiles/cmTC_92fed.dir/SIZEOF_LONG_LONG.c.o -c /home/vitaliy/scand/build/CMakeFiles/CMakeScratch/TryCompile-EZ3fQk/SIZEOF_LONG_LONG.c
Linking C executable cmTC_92fed
/usr/bin/cmake -E cmake_link_script CMakeFiles/cmTC_92fed.dir/link.txt --verbose=1
/usr/bin/cc  -Werror-implicit-function-declaration -W -Wall -pedantic -Wbad-function-cast -Wconversion -Wmissing-declarations -Wmissing-prototypes -Wnested-externs -Wno-long-long -Wno-multichar -Wpointer-arith -Wshadow -Wsign-compare -Wundef -Wunused -Wwrite-strings -Waddress -Wattributes -Wcast-align -Wcast-qual -Wdeclaration-after-statement -Wdiv-by-zero -Wempty-body -Wendif-labels -Wfloat-equal -Wformat-security -Wignored-qualifiers -Wmissing-field-initializers -Wmissing-noreturn -Wno-format-nonliteral -Wno-sign-conversion -Wno-system-headers -Wold-style-definition -Wredundant-decls -Wstrict-prototypes -Wtype-limits -Wunreachable-code -Wunused-parameter -Wvla -Wclobbered -Wmissing-parameter-type -Wold-style-declaration -Wpragmas -Wstrict-aliasing=3 -ftree-vrp -Wjump-misses-init -Wdouble-promotion -Wformat=2 -Wtrampolines -Warray-bounds=2 -Wduplicated-cond -Wnull-dereference -fdelete-null-pointer-checks -Wshift-negative-value -Wshift-overflow=2 -Wunused-const-variable -Walloc-zero -Wduplicated-branches -Wformat-truncation=2 -Wimplicit-fallthrough -Wrestrict -Warith-conversion -Wenum-conversion -D_GNU_SOURCE  CMakeFiles/cmTC_92fed.dir/SIZEOF_LONG_LONG.c.o -o cmTC_92fed 
gmake[1]: выход из каталога «/home/vitaliy/scand/build/CMakeFiles/CMakeScratch/TryCompile-EZ3fQk»



Determining size of long passed with the following output:
Change Dir: /home/vitaliy/scand/build/CMakeFiles/CMakeScratch/TryCompile-YT4eq8

Run Build Command(s):/usr/bin/gmake -f Makefile cmTC_d1a8e/fast && /usr/bin/gmake  -f CMakeFiles/cmTC_d1a8e.dir/build.make CMakeFiles/cmTC_d1a8e.dir/build
gmake[1]: вход в каталог «/home/vitaliy/scand/build/CMakeFiles/CMakeScratch/TryCompile-YT4eq8»
Building C object CMakeFiles/cmTC_d1a8e.dir/SIZEOF_LONG.c.o
/usr/bin/cc   -Werror-implicit-function-declaration -W -Wall -pedantic -Wbad-function-cast -Wconversion -Wmissing-declarations -Wmissing-prototypes -Wnested-externs -Wno-long-long -Wno-multichar -Wpointer-arith -Wshadow -Wsign-compare -Wundef -Wunused -Wwrite-strings -Waddress -Wattributes -Wcast-align -Wcast-qual -Wdeclaration-after-statement -Wdiv-by-zero -Wempty-body -Wendif-labels -Wfloat-equal -Wformat-security -Wignored-qualifiers -Wmissing-field-initializers -Wmissing-noreturn -Wno-format-nonliteral -Wno-sign-conversion -Wno-system-headers -Wold-style-definition -Wredundant-decls -Wstrict-prototypes -Wtype-limits -Wunreachable-code -Wunused-parameter -Wvla -Wclobbered -Wmissing-parameter-type -Wold-style-declaration -Wpragmas -Wstrict-aliasing=3 -ftree-vrp -Wjump-misses-init -Wdouble-promotion -Wformat=2 -Wtrampolines -Warray-bounds=2 -Wduplicated-cond -Wnull-dereference -fdelete-null-pointer-checks -Wshift-negative-value -Wshift-overflow=2 -Wunused-const-variable -Walloc-zero -Wduplicated-branches -Wformat-truncation=2 -Wimplicit-fallthrough -Wrestrict -Warith-conversion -Wenum-conversion -D_GNU_SOURCE  -o CMakeFiles/cmTC_d1a8e.dir/SIZEOF_LONG.c.o -c /home/vitaliy/scand/build/CMakeFiles/CMakeScratch/TryCompile-YT4eq8/SIZEOF_LONG.c
Linking C executable cmTC_d1a8e
/usr/bin/cmake -E cmake_link_script CMakeFiles/cmTC_d1a8e.dir/link.txt --verbose=1
/usr/bin/cc  -Werror-implicit-function-declaration -W -Wall -pedantic -Wbad-function-cast -Wconversion -Wmissing-declarations -Wmissing-prototypes -Wnested-externs -Wno-long-long -Wno-multichar -Wpointer-arith -Wshadow -Wsign-compare -Wundef -Wunused -Wwrite-strings -Waddress -Wattributes -Wcast-align -Wcast-qual -Wdeclaration-after-statement -Wdiv-by-zero -Wempty-body -Wendif-labels -Wfloat-equal -Wformat-security -Wignored-qualifiers -Wmissing-field-initializers -Wmissing-noreturn -Wno-format-nonliteral -Wno-sign-conversion -Wno-system-headers -Wold-style-definition -Wredundant-decls -Wstrict-prototypes -Wtype-limits -Wunreachable-code -Wunused-parameter -Wvla -Wclobbered -Wmissing-parameter-type -Wold-style-declaration -Wpragmas -Wstrict-aliasing=3 -ftree-vrp -Wjump-misses-init -Wdouble-promotion -Wformat=2 -Wtrampolines -Warray-bounds=2 -Wduplicated-cond -Wnull-dereference -fdelete-null-pointer-checks -Wshift-negative-value -Wshift-overflow=2 -Wunused-const-variable -Walloc-zero -Wduplicated-branches -Wformat-truncation=2 -Wimplicit-fallthrough -Wrestrict -Warith-conversion -Wenum-conversion -D_GNU_SOURCE  CMakeFiles/cmTC_d1a8e.dir/SIZEOF_LONG.c.o -o cmTC_d1a8e 
gmake[1]: выход из каталога «/home/vitaliy/scand/build/CMakeFiles/CMakeScratch/TryCompile-YT4eq8»



Determining size of int passed with the following output:
Change Dir: /home/vitaliy/scand/build/CMakeFiles/CMakeScratch/TryCompile-pE1tYu

Run Build Command(s):/usr/bin/gmake -f Makefile cmTC_22c0f/fast && /usr/bin/gmake  -f CMakeFiles/cmTC_22c0f.dir/build.make CMakeFiles/cmTC_22c0f.dir/build
gmake[1]: вход в каталог «/home/vitaliy/scand/build/CMakeFiles/CMakeScratch/TryCompile-pE1tYu»
Building C object CMakeFiles/cmTC_22c0f.dir/SIZEOF_INT.c.o
/usr/bin/cc   -Werror-implicit-function-declaration -W -Wall -pedantic -Wbad-function-cast -Wconversion -Wmissing-declarations -Wmissing-prototypes -Wnested-externs -Wno-long-long -Wno-multichar -Wpointer-arith -Wshadow -Wsign-compare -Wundef -Wunused -Wwrite-strings -Waddress -Wattributes -Wcast-align -Wcast-qual -Wdeclaration-after-statement -Wdiv-by-zero -Wempty-body -Wendif-labels -Wfloat-equal -Wformat-security -Wignored-qualifiers -Wmissing-field-initializers -Wmissing-noreturn -Wno-format-nonliteral -Wno-sign-conversion -Wno-system-headers -Wold-style-definition -Wredundant-decls -Wstrict-prototypes -Wtype-limits -Wunreachable-code -Wunused-parameter -Wvla -Wclobbered -Wmissing-parameter-type -Wold-style-declaration -Wpragmas -Wstrict-aliasing=3 -ftree-vrp -Wjump-misses-init -Wdouble-promotion -Wformat=2 -Wtrampolines -Warray-bounds=2 -Wduplicated-cond -Wnull-dereference -fdelete-null-pointer-checks -Wshift-negative-value -Wshift-overflow=2 -Wunused-const-variable -Walloc-zero -Wduplicated-branches -Wformat-truncation=2 -Wimplicit-fallthrough -Wrestrict -Warith-conversion -Wenum-conversion -D_GNU_SOURCE  -o CMakeFiles/cmTC_22c0f.dir/SIZEOF_INT.c.o -c /home/vitaliy/scand/build/CMakeFiles/CMakeScratch/TryCompile-pE1tYu/SIZEOF_INT.c
Linking C executable cmTC_22c0f
/usr/bin/cmake -E cmake_link_script CMakeFiles/cmTC_22c0f.dir/link.txt --verbose=1
/usr/bin/cc  -Werror-implicit-function-declaration -W -Wall -pedantic -Wbad-function-cast -Wconversion -Wmissing-declarations -Wmissing-prototypes -Wnested-externs -Wno-long-long -Wno-multichar -Wpointer-arith -Wshadow -Wsign-compare -Wundef -Wunused -Wwrite-strings -Waddress -Wattributes -Wcast-align -Wcast-qual -Wdeclaration-after-statement -Wdiv-by-zero -Wempty-body -Wendif-labels -Wfloat-equal -Wformat-security -Wignored-qualifiers -Wmissing-field-initializers -Wmissing-noreturn -Wno-format-nonliteral -Wno-sign-conversion -Wno-system-headers -Wold-style-definition -Wredundant-decls -Wstrict-prototypes -Wtype-limits -Wunreachable-code -Wunused-parameter -Wvla -Wclobbered -Wmissing-parameter-type -Wold-style-declaration -Wpragmas -Wstrict-aliasing=3 -ftree-vrp -Wjump-misses-init -Wdouble-promotion -Wformat=2 -Wtrampolines -Warray-bounds=2 -Wduplicated-cond -Wnull-dereference -fdelete-null-pointer-checks -Wshift-negative-value -Wshift-overflow=2 -Wunused-const-variable -Walloc-zero -Wduplicated-branches -Wformat-truncation=2 -Wimplicit-fallthrough -Wrestrict -Warith-conversion -Wenum-conversion -D_GNU_SOURCE  CMakeFiles/cmTC_22c0f.dir/SIZEOF_INT.c.o -o cmTC_22c0f 
gmake[1]: выход из каталога «/home/vitaliy/scand/build/CMakeFiles/CMakeScratch/TryCompile-pE1tYu»



Determining size of time_t passed with the following output:
Change Dir: /home/vitaliy/scand/build/CMakeFiles/CMakeScratch/TryCompile-bsCIyC

Run Build Command(s):/usr/bin/gmake -f Makefile cmTC_5128b/fast && /usr/bin/gmake  -f CMakeFiles/cmTC_5128b.dir/build.make CMakeFiles/cmTC_5128b.dir/build
gmake[1]: вход в каталог «/home/vitaliy/scand/build/CMakeFiles/CMakeScratch/TryCompile-bsCIyC»
Building C object CMakeFiles/cmTC_5128b.dir/SIZEOF_TIME_T.c.o
/usr/bin/cc   -Werror-implicit-function-declaration -W -Wall -pedantic -Wbad-function-cast -Wconversion -Wmissing-declarations -Wmissing-prototypes -Wnested-externs -Wno-long-long -Wno-multichar -Wpointer-arith -Wshadow -Wsign-compare -Wundef -Wunused -Wwrite-strings -Waddress -Wattributes -Wcast-align -Wcast-qual -Wdeclaration-after-statement -Wdiv-by-zero -Wempty-body -Wendif-labels -Wfloat-equal -Wformat-security -Wignored-qualifiers -Wmissing-field-initializers -Wmissing-noreturn -Wno-format-nonliteral -Wno-sign-conversion -Wno-system-headers -Wold-style-definition -Wredundant-decls -Wstrict-prototypes -Wtype-limits -Wunreachable-code -Wunused-parameter -Wvla -Wclobbered -Wmissing-parameter-type -Wold-style-declaration -Wpragmas -Wstrict-aliasing=3 -ftree-vrp -Wjump-misses-init -Wdouble-promotion -Wformat=2 -Wtrampolines -Warray-bounds=2 -Wduplicated-cond -Wnull-dereference -fdelete-null-pointer-checks -Wshift-negative-value -Wshift-overflow=2 -Wunused-const-variable -Walloc-zero -Wduplicated-branches -Wformat-truncation=2 -Wimplicit-fallthrough -Wrestrict -Warith-conversion -Wenum-conversion -D_GNU_SOURCE  -o CMakeFiles/cmTC_5128b.dir/SIZEOF_TIME_T.c.o -c /home/vitaliy/scand/build/CMakeFiles/CMakeScratch/TryCompile-bsCIyC/SIZEOF_TIME_T.c
Linking C executable cmTC_5128b
/usr/bin/cmake -E cmake_link_script CMakeFiles/cmTC_5128b.dir/link.txt --verbose=1
/usr/bin/cc  -Werror-implicit-function-declaration -W -Wall -pedantic -Wbad-function-cast -Wconversion -Wmissing-declarations -Wmissing-prototypes -Wnested-externs -Wno-long-long -Wno-multichar -Wpointer-arith -Wshadow -Wsign-compare -Wundef -Wunused -Wwrite-strings -Waddress -Wattributes -Wcast-align -Wcast-qual -Wdeclaration-after-statement -Wdiv-by-zero -Wempty-body -Wendif-labels -Wfloat-equal -Wformat-security -Wignored-qualifiers -Wmissing-field-initializers -Wmissing-noreturn -Wno-format-nonliteral -Wno-sign-conversion -Wno-system-headers -Wold-style-definition -Wredundant-decls -Wstrict-prototypes -Wtype-limits -Wunreachable-code -Wunused-parameter -Wvla -Wclobbered -Wmissing-parameter-type -Wold-style-declaration -Wpragmas -Wstrict-aliasing=3 -ftree-vrp -Wjump-misses-init -Wdouble-promotion -Wformat=2 -Wtrampolines -Warray-bounds=2 -Wduplicated-cond -Wnull-dereference -fdelete-null-pointer-checks -Wshift-negative-value -Wshift-overflow=2 -Wunused-const-variable -Walloc-zero -Wduplicated-branches -Wformat-truncation=2 -Wimplicit-fallthrough -Wrestrict -Warith-conversion -Wenum-conversion -D_GNU_SOURCE  CMakeFiles/cmTC_5128b.dir/SIZEOF_TIME_T.c.o -o cmTC_5128b 
gmake[1]: выход из каталога «/home/vitaliy/scand/build/CMakeFiles/CMakeScratch/TryCompile-bsCIyC»



Determining size of suseconds_t passed with the following output:
Change Dir: /home/vitaliy/scand/build/CMakeFiles/CMakeScratch/TryCompile-K7b018

Run Build Command(s):/usr/bin/gmake -f Makefile cmTC_1a807/fast && /usr/bin/gmake  -f CMakeFiles/cmTC_1a807.dir/build.make CMakeFiles/cmTC_1a807.dir/build
gmake[1]: вход в каталог «/home/vitaliy/scand/build/CMakeFiles/CMakeScratch/TryCompile-K7b018»
Building C object CMakeFiles/cmTC_1a807.dir/SIZEOF_SUSECONDS_T.c.o
/usr/bin/cc   -Werror-implicit-function-declaration -W -Wall -pedantic -Wbad-function-cast -Wconversion -Wmissing-declarations -Wmissing-prototypes -Wnested-externs -Wno-long-long -Wno-multichar -Wpointer-arith -Wshadow -Wsign-compare -Wundef -Wunused -Wwrite-strings -Waddress -Wattributes -Wcast-align -Wcast-qual -Wdeclaration-after-statement -Wdiv-by-zero -Wempty-body -Wendif-labels -Wfloat-equal -Wformat-security -Wignored-qualifiers -Wmissing-field-initializers -Wmissing-noreturn -Wno-format-nonliteral -Wno-sign-conversion -Wno-system-headers -Wold-style-definition -Wredundant-decls -Wstrict-prototypes -Wtype-limits -Wunreachable-code -Wunused-parameter -Wvla -Wclobbered -Wmissing-parameter-type -Wold-style-declaration -Wpragmas -Wstrict-aliasing=3 -ftree-vrp -Wjump-misses-init -Wdouble-promotion -Wformat=2 -Wtrampolines -Warray-bounds=2 -Wduplicated-cond -Wnull-dereference -fdelete-null-pointer-checks -Wshift-negative-value -Wshift-overflow=2 -Wunused-const-variable -Walloc-zero -Wduplicated-branches -Wformat-truncation=2 -Wimplicit-fallthrough -Wrestrict -Warith-conversion -Wenum-conversion -D_GNU_SOURCE  -o CMakeFiles/cmTC_1a807.dir/SIZEOF_SUSECONDS_T.c.o -c /home/vitaliy/scand/build/CMakeFiles/CMakeScratch/TryCompile-K7b018/SIZEOF_SUSECONDS_T.c
Linking C executable cmTC_1a807
/usr/bin/cmake -E cmake_link_script CMakeFiles/cmTC_1a807.dir/link.txt --verbose=1
/usr/bin/cc  -Werror-implicit-function-declaration -W -Wall -pedantic -Wbad-function-cast -Wconversion -Wmissing-declarations -Wmissing-prototypes -Wnested-externs -Wno-long-long -Wno-multichar -Wpointer-arith -Wshadow -Wsign-compare -Wundef -Wunused -Wwrite-strings -Waddress -Wattributes -Wcast-align -Wcast-qual -Wdeclaration-after-statement -Wdiv-by-zero -Wempty-body -Wendif-labels -Wfloat-equal -Wformat-security -Wignored-qualifiers -Wmissing-field-initializers -Wmissing-noreturn -Wno-format-nonliteral -Wno-sign-conversion -Wno-system-headers -Wold-style-definition -Wredundant-decls -Wstrict-prototypes -Wtype-limits -Wunreachable-code -Wunused-parameter -Wvla -Wclobbered -Wmissing-parameter-type -Wold-style-declaration -Wpragmas -Wstrict-aliasing=3 -ftree-vrp -Wjump-misses-init -Wdouble-promotion -Wformat=2 -Wtrampolines -Warray-bounds=2 -Wduplicated-cond -Wnull-dereference -fdelete-null-pointer-checks -Wshift-negative-value -Wshift-overflow=2 -Wunused-const-variable -Walloc-zero -Wduplicated-branches -Wformat-truncation=2 -Wimplicit-fallthrough -Wrestrict -Warith-conversion -Wenum-conversion -D_GNU_SOURCE  CMakeFiles/cmTC_1a807.dir/SIZEOF_SUSECONDS_T.c.o -o cmTC_1a807 
gmake[1]: выход из каталога «/home/vitaliy/scand/build/CMakeFiles/CMakeScratch/TryCompile-K7b018»



Determining if the function fnmatch exists passed with the following output:
Change Dir: /home/vitaliy/scand/build/CMakeFiles/CMakeScratch/TryCompile-hr6h9j

Run Build Command(s):/usr/bin/gmake -f Makefile cmTC_aff9a/fast && /usr/bin/gmake  -f CMakeFiles/cmTC_aff9a.dir/build.make CMakeFiles/cmTC_aff9a.dir/build
gmake[1]: вход в каталог «/home/vitaliy/scand/build/CMakeFiles/CMakeScratch/TryCompile-hr6h9j»
Building C object CMakeFiles/cmTC_aff9a.dir/CheckFunctionExists.c.o
/usr/bin/cc   -Werror-implicit-function-declaration -W -Wall -pedantic -Wbad-function-cast -Wconversion -Wmissing-declarations -Wmissing-prototypes -Wnested-externs -Wno-long-long -Wno-multichar -Wpointer-arith -Wshadow -Wsign-compare -Wundef -Wunused -Wwrite-strings -Waddress -Wattributes -Wcast-align -Wcast-qual -Wdeclaration-after-statement -Wdiv-by-zero -Wempty-body -Wendif-labels -Wfloat-equal -Wformat-security -Wignored-qualifiers -Wmissing-field-initializers -Wmissing-noreturn -Wno-format-nonliteral -Wno-sign-conversion -Wno-system-headers -Wold-style-definition -Wredundant-decls -Wstrict-prototypes -Wtype-limits -Wunreachable-code -Wunused-parameter -Wvla -Wclobbered -Wmissing-parameter-type -Wold-style-declaration -Wpragmas -Wstrict-aliasing=3 -ftree-vrp -Wjump-misses-init -Wdouble-promotion -Wformat=2 -Wtrampolines -Warray-bounds=2 -Wduplicated-cond -Wnull-dereference -fdelete-null-pointer-checks -Wshift-negative-value -Wshift-overflow=2 -Wunused-const-variable -Walloc-zero -Wduplicated-branches -Wformat-truncation=2 -Wimplicit-fallthrough -Wrestrict -Warith-conversion -Wenum-conversion -D_GNU_SOURCE -DCHECK_FUNCTION_EXISTS=fnmatch -o CMakeFiles/cmTC_aff9a.dir/CheckFunctionExists.c.o -c /home/vitaliy/scand/build/CMakeFiles/CMakeScratch/TryCompile-hr6h9j/CheckFunctionExists.c
Linking C executable cmTC_aff9a
/usr/bin/cmake -E cmake_link_script CMakeFiles/cmTC_aff9a.dir/link.txt --verbose=1
/usr/bin/cc  -Werror-implicit-function-declaration -W -Wall -pedantic -Wbad-function-cast -Wconversion -Wmissing-declarations -Wmissing-prototypes -Wnested-externs -Wno-long-long -Wno-multichar -Wpointer-arith -Wshadow -Wsign-compare -Wundef -Wunused -Wwrite-strings -Waddress -Wattributes -Wcast-align -Wcast-qual -Wdeclaration-after-statement -Wdiv-by-zero -Wempty-body -Wendif-labels -Wfloat-equal -Wformat-security -Wignored-qualifiers -Wmissing-field-initializers -Wmissing-noreturn -Wno-format-nonliteral -Wno-sign-conversion -Wno-system-headers -Wold-style-definition -Wredundant-decls -Wstrict-prototypes -Wtype-limits -Wunreachable-code -Wunused-parameter -Wvla -Wclobbered -Wmissing-parameter-type -Wold-style-declaration -Wpragmas -Wstrict-aliasing=3 -ftree-vrp -Wjump-misses-init -Wdouble-promotion -Wformat=2 -Wtrampolines -Warray-bounds=2 -Wduplicated-cond -Wnull-dereference -fdelete-null-pointer-checks -Wshift-negative-value -Wshift-overflow=2 -Wunused-const-variable -Walloc-zero -Wduplicated-branches -Wformat-truncation=2 -Wimplicit-fallthrough -Wrestrict -Warith-conversion -Wenum-conversion -D_GNU_SOURCE -DCHECK_FUNCTION_EXISTS=fnmatch CMakeFiles/cmTC_aff9a.dir/CheckFunctionExists.c.o -o cmTC_aff9a 
gmake[1]: выход из каталога «/home/vitaliy/scand/build/CMakeFiles/CMakeScratch/TryCompile-hr6h9j»



Determining if the basename exist passed with the following output:
Change Dir: /home/vitaliy/scand/build/CMakeFiles/CMakeScratch/TryCompile-WFDwsq

Run Build Command(s):/usr/bin/gmake -f Makefile cmTC_7a192/fast && /usr/bin/gmake  -f CMakeFiles/cmTC_7a192.dir/build.make CMakeFiles/cmTC_7a192.dir/build
gmake[1]: вход в каталог «/home/vitaliy/scand/build/CMakeFiles/CMakeScratch/TryCompile-WFDwsq»
Building C object CMakeFiles/cmTC_7a192.dir/CheckSymbolExists.c.o
/usr/bin/cc   -Werror-implicit-function-declaration -W -Wall -pedantic -Wbad-function-cast -Wconversion -Wmissing-declarations -Wmissing-prototypes -Wnested-externs -Wno-long-long -Wno-multichar -Wpointer-arith -Wshadow -Wsign-compare -Wundef -Wunused -Wwrite-strings -Waddress -Wattributes -Wcast-align -Wcast-qual -Wdeclaration-after-statement -Wdiv-by-zero -Wempty-body -Wendif-labels -Wfloat-equal -Wformat-security -Wignored-qualifiers -Wmissing-field-initializers -Wmissing-noreturn -Wno-format-nonliteral -Wno-sign-conversion -Wno-system-headers -Wold-style-definition -Wredundant-decls -Wstrict-prototypes -Wtype-limits -Wunreachable-code -Wunused-parameter -Wvla -Wclobbered -Wmissing-parameter-type -Wold-style-declaration -Wpragmas -Wstrict-aliasing=3 -ftree-vrp -Wjump-misses-init -Wdouble-promotion -Wformat=2 -Wtrampolines -Warray-bounds=2 -Wduplicated-cond -Wnull-dereference -fdelete-null-pointer-checks -Wshift-negative-value -Wshift-overflow=2 -Wunused-const-variable -Walloc-zero -Wduplicated-branches -Wformat-truncation=2 -Wimplicit-fallthrough -Wrestrict -Warith-conversion -Wenum-conversion -D_GNU_SOURCE  -o CMakeFiles/cmTC_7a192.dir/CheckSymbolExists.c.o -c /home/vitaliy/scand/build/CMakeFiles/CMakeScratch/TryCompile-WFDwsq/CheckSymbolExists.c
Linking C executable cmTC_7a192
/usr/bin/cmake -E cmake_link_script CMakeFiles/cmTC_7a192.dir/link.txt --verbose=1
/usr/bin/cc  -Werror-implicit-function-declaration -W -Wall -pedantic -Wbad-function-cast -Wconversion -Wmissing-declarations -Wmissing-prototypes -Wnested-externs -Wno-long-long -Wno-multichar -Wpointer-arith -Wshadow -Wsign-compare -Wundef -Wunused -Wwrite-strings -Waddress -Wattributes -Wcast-align -Wcast-qual -Wdeclaration-after-statement -Wdiv-by-zero -Wempty-body -Wendif-labels -Wfloat-equal -Wformat-security -Wignored-qualifiers -Wmissing-field-initializers -Wmissing-noreturn -Wno-format-nonliteral -Wno-sign-conversion -Wno-system-headers -Wold-style-definition -Wredundant-decls -Wstrict-prototypes -Wtype-limits -Wunreachable-code -Wunused-parameter -Wvla -Wclobbered -Wmissing-parameter-type -Wold-style-declaration -Wpragmas -Wstrict-aliasing=3 -ftree-vrp -Wjump-misses-init -Wdouble-promotion -Wformat=2 -Wtrampolines -Warray-bounds=2 -Wduplicated-cond -Wnull-dereference -fdelete-null-pointer-checks -Wshift-negative-value -Wshift-overflow=2 -Wunused-const-variable -Walloc-zero -Wduplicated-branches -Wformat-truncation=2 -Wimplicit-fallthrough -Wrestrict -Warith-conversion -Wenum-conversion -D_GNU_SOURCE  CMakeFiles/cmTC_7a192.dir/CheckSymbolExists.c.o -o cmTC_7a192 
gmake[1]: выход из каталога «/home/vitaliy/scand/build/CMakeFiles/CMakeScratch/TryCompile-WFDwsq»


File CheckSymbolExists.c:
/* */
#include <sys/select.h>
#include <sys/socket.h>
#include <sys/time.h>
#include <sys/types.h>
#include <arpa/inet.h>
#include <ifaddrs.h>
#include <libgen.h>
#include <net/if.h>
#include <netdb.h>
#include <netinet/in.h>
#include <netinet/tcp.h>
#include <netinet/udp.h>
#include <unistd.h>
#include <string.h>

int main(int argc, char** argv)
{
  (void)argv;
#ifndef basename
  return ((int*)(&basename))[argc];
#else
  (void)argc;
  return 0;
#endif
}
Determining if the opendir exist passed with the following output:
Change Dir: /home/vitaliy/scand/build/CMakeFiles/CMakeScratch/TryCompile-NCtZ3D

Run Build Command(s):/usr/bin/gmake -f Makefile cmTC_7df77/fast && /usr/bin/gmake  -f CMakeFiles/cmTC_7df77.dir/build.make CMakeFiles/cmTC_7df77.dir/build
gmake[1]: вход в каталог «/home/vitaliy/scand/build/CMakeFiles/CMakeScratch/TryCompile-NCtZ3D»
Building C object CMakeFiles/cmTC_7df77.dir/CheckSymbolExists.c.o
/usr/bin/cc   -Werror-implicit-function-declaration -W -Wall -pedantic -Wbad-function-cast -Wconversion -Wmissing-declarations -Wmissing-prototypes -Wnested-externs -Wno-long-long -Wno-multichar -Wpointer-arith -Wshadow -Wsign-compare -Wundef -Wunused -Wwrite-strings -Waddress -Wattributes -Wcast-align -Wcast-qual -Wdeclaration-after-statement -Wdiv-by-zero -Wempty-body -Wendif-labels -Wfloat-equal -Wformat-security -Wignored-qualifiers -Wmissing-field-initializers -Wmissing-noreturn -Wno-format-nonliteral -Wno-sign-conversion -Wno-system-headers -Wold-style-definition -Wredundant-decls -Wstrict-prototypes -Wtype-limits -Wunreachable-code -Wunused-parameter -Wvla -Wclobbered -Wmissing-parameter-type -Wold-style-declaration -Wpragmas -Wstrict-aliasing=3 -ftree-vrp -Wjump-misses-init -Wdouble-promotion -Wformat=2 -Wtrampolines -Warray-bounds=2 -Wduplicated-cond -Wnull-dereference -fdelete-null-pointer-checks -Wshift-negative-value -Wshift-overflow=2 -Wunused-const-variable -Walloc-zero -Wduplicated-branches -Wformat-truncation=2 -Wimplicit-fallthrough -Wrestrict -Warith-conversion -Wenum-conversion -D_GNU_SOURCE  -o CMakeFiles/cmTC_7df77.dir/CheckSymbolExists.c.o -c /home/vitaliy/scand/build/CMakeFiles/CMakeScratch/TryCompile-NCtZ3D/CheckSymbolExists.c
/home/vitaliy/scand/build/CMakeFiles/CMakeScratch/TryCompile-NCtZ3D/CheckSymbolExists.c: In function ‘main’:
/home/vitaliy/scand/build/CMakeFiles/CMakeScratch/TryCompile-NCtZ3D/CheckSymbolExists.c:8:11: warning: ISO C forbids conversion of function pointer to object pointer type [-Wpedantic]
    8 |   return ((int*)(&opendir))[argc];
      |           ^
Linking C executable cmTC_7df77
/usr/bin/cmake -E cmake_link_script CMakeFiles/cmTC_7df77.dir/link.txt --verbose=1
/usr/bin/cc  -Werror-implicit-function-declaration -W -Wall -pedantic -Wbad-function-cast -Wconversion -Wmissing-declarations -Wmissing-prototypes -Wnested-externs -Wno-long-long -Wno-multichar -Wpointer-arith -Wshadow -Wsign-compare -Wundef -Wunused -Wwrite-strings -Waddress -Wattributes -Wcast-align -Wcast-qual -Wdeclaration-after-statement -Wdiv-by-zero -Wempty-body -Wendif-labels -Wfloat-equal -Wformat-security -Wignored-qualifiers -Wmissing-field-initializers -Wmissing-noreturn -Wno-format-nonliteral -Wno-sign-conversion -Wno-system-headers -Wold-style-definition -Wredundant-decls -Wstrict-prototypes -Wtype-limits -Wunreachable-code -Wunused-parameter -Wvla -Wclobbered -Wmissing-parameter-type -Wold-style-declaration -Wpragmas -Wstrict-aliasing=3 -ftree-vrp -Wjump-misses-init -Wdouble-promotion -Wformat=2 -Wtrampolines -Warray-bounds=2 -Wduplicated-cond -Wnull-dereference -fdelete-null-pointer-checks -Wshift-negative-value -Wshift-overflow=2 -Wunused-const-variable -Walloc-zero -Wduplicated-branches -Wformat-truncation=2 -Wimplicit-fallthrough -Wrestrict -Warith-conversion -Wenum-conversion -D_GNU_SOURCE  CMakeFiles/cmTC_7df77.dir/CheckSymbolExists.c.o -o cmTC_7df77 
gmake[1]: выход из каталога «/home/vitaliy/scand/build/CMakeFiles/CMakeScratch/TryCompile-NCtZ3D»


File CheckSymbolExists.c:
/* */
#include <dirent.h>

int main(int argc, char** argv)
{
  (void)argv;
#ifndef opendir
  return ((int*)(&opendir))[argc];
#else
  (void)argc;
  return 0;
#endif
}
Determining if the function poll exists passed with the following output:
Change Dir: /home/vitaliy/scand/build/CMakeFiles/CMakeScratch/TryCompile-tiF3yD

Run Build Command(s):/usr/bin/gmake -f Makefile cmTC_8c9f0/fast && /usr/bin/gmake  -f CMakeFiles/cmTC_8c9f0.dir/build.make CMakeFiles/cmTC_8c9f0.dir/build
gmake[1]: вход в каталог «/home/vitaliy/scand/build/CMakeFiles/CMakeScratch/TryCompile-tiF3yD»
Building C object CMakeFiles/cmTC_8c9f0.dir/CheckFunctionExists.c.o
/usr/bin/cc   -Werror-implicit-function-declaration -W -Wall -pedantic -Wbad-function-cast -Wconversion -Wmissing-declarations -Wmissing-prototypes -Wnested-externs -Wno-long-long -Wno-multichar -Wpointer-arith -Wshadow -Wsign-compare -Wundef -Wunused -Wwrite-strings -Waddress -Wattributes -Wcast-align -Wcast-qual -Wdeclaration-after-statement -Wdiv-by-zero -Wempty-body -Wendif-labels -Wfloat-equal -Wformat-security -Wignored-qualifiers -Wmissing-field-initializers -Wmissing-noreturn -Wno-format-nonliteral -Wno-sign-conversion -Wno-system-headers -Wold-style-definition -Wredundant-decls -Wstrict-prototypes -Wtype-limits -Wunreachable-code -Wunused-parameter -Wvla -Wclobbered -Wmissing-parameter-type -Wold-style-declaration -Wpragmas -Wstrict-aliasing=3 -ftree-vrp -Wjump-misses-init -Wdouble-promotion -Wformat=2 -Wtrampolines -Warray-bounds=2 -Wduplicated-cond -Wnull-dereference -fdelete-null-pointer-checks -Wshift-negative-value -Wshift-overflow=2 -Wunused-const-variable -Walloc-zero -Wduplicated-branches -Wformat-truncation=2 -Wimplicit-fallthrough -Wrestrict -Warith-conversion -Wenum-conversion -D_GNU_SOURCE -DCHECK_FUNCTION_EXISTS=poll -o CMakeFiles/cmTC_8c9f0.dir/CheckFunctionExists.c.o -c /home/vitaliy/scand/build/CMakeFiles/CMakeScratch/TryCompile-tiF3yD/CheckFunctionExists.c
Linking C executable cmTC_8c9f0
/usr/bin/cmake -E cmake_link_script CMakeFiles/cmTC_8c9f0.dir/link.txt --verbose=1
/usr/bin/cc  -Werror-implicit-function-declaration -W -Wall -pedantic -Wbad-function-cast -Wconversion -Wmissing-declarations -Wmissing-prototypes -Wnested-externs -Wno-long-long -Wno-multichar -Wpointer-arith -Wshadow -Wsign-compare -Wundef -Wunused -Wwrite-strings -Waddress -Wattributes -Wcast-align -Wcast-qual -Wdeclaration-after-statement -Wdiv-by-zero -Wempty-body -Wendif-labels -Wfloat-equal -Wformat-security -Wignored-qualifiers -Wmissing-field-initializers -Wmissing-noreturn -Wno-format-nonliteral -Wno-sign-conversion -Wno-system-headers -Wold-style-definition -Wredundant-decls -Wstrict-prototypes -Wtype-limits -Wunreachable-code -Wunused-parameter -Wvla -Wclobbered -Wmissing-parameter-type -Wold-style-declaration -Wpragmas -Wstrict-aliasing=3 -ftree-vrp -Wjump-misses-init -Wdouble-promotion -Wformat=2 -Wtrampolines -Warray-bounds=2 -Wduplicated-cond -Wnull-dereference -fdelete-null-pointer-checks -Wshift-negative-value -Wshift-overflow=2 -Wunused-const-variable -Walloc-zero -Wduplicated-branches -Wformat-truncation=2 -Wimplicit-fallthrough -Wrestrict -Warith-conversion -Wenum-conversion -D_GNU_SOURCE -DCHECK_FUNCTION_EXISTS=poll CMakeFiles/cmTC_8c9f0.dir/CheckFunctionExists.c.o -o cmTC_8c9f0 
gmake[1]: выход из каталога «/home/vitaliy/scand/build/CMakeFiles/CMakeScratch/TryCompile-tiF3yD»



Determining if the socket exist passed with the following output:
Change Dir: /home/vitaliy/scand/build/CMakeFiles/CMakeScratch/TryCompile-w5ZDbn

Run Build Command(s):/usr/bin/gmake -f Makefile cmTC_a4d3f/fast && /usr/bin/gmake  -f CMakeFiles/cmTC_a4d3f.dir/build.make CMakeFiles/cmTC_a4d3f.dir/build
gmake[1]: вход в каталог «/home/vitaliy/scand/build/CMakeFiles/CMakeScratch/TryCompile-w5ZDbn»
Building C object CMakeFiles/cmTC_a4d3f.dir/CheckSymbolExists.c.o
/usr/bin/cc   -Werror-implicit-function-declaration -W -Wall -pedantic -Wbad-function-cast -Wconversion -Wmissing-declarations -Wmissing-prototypes -Wnested-externs -Wno-long-long -Wno-multichar -Wpointer-arith -Wshadow -Wsign-compare -Wundef -Wunused -Wwrite-strings -Waddress -Wattributes -Wcast-align -Wcast-qual -Wdeclaration-after-statement -Wdiv-by-zero -Wempty-body -Wendif-labels -Wfloat-equal -Wformat-security -Wignored-qualifiers -Wmissing-field-initializers -Wmissing-noreturn -Wno-format-nonliteral -Wno-sign-conversion -Wno-system-headers -Wold-style-definition -Wredundant-decls -Wstrict-prototypes -Wtype-limits -Wunreachable-code -Wunused-parameter -Wvla -Wclobbered -Wmissing-parameter-type -Wold-style-declaration -Wpragmas -Wstrict-aliasing=3 -ftree-vrp -Wjump-misses-init -Wdouble-promotion -Wformat=2 -Wtrampolines -Warray-bounds=2 -Wduplicated-cond -Wnull-dereference -fdelete-null-pointer-checks -Wshift-negative-value -Wshift-overflow=2 -Wunused-const-variable -Walloc-zero -Wduplicated-branches -Wformat-truncation=2 -Wimplicit-fallthrough -Wrestrict -Warith-conversion -Wenum-conversion -D_GNU_SOURCE  -o CMakeFiles/cmTC_a4d3f.dir/CheckSymbolExists.c.o -c /home/vitaliy/scand/build/CMakeFiles/CMakeScratch/TryCompile-w5ZDbn/CheckSymbolExists.c
/home/vitaliy/scand/build/CMakeFiles/CMakeScratch/TryCompile-w5ZDbn/CheckSymbolExists.c: In function ‘main’:
/home/vitaliy/scand/build/CMakeFiles/CMakeScratch/TryCompile-w5ZDbn/CheckSymbolExists.c:20:11: warning: ISO C forbids conversion of function pointer to object pointer type [-Wpedantic]
   20 |   return ((int*)(&socket))[argc];
      |           ^
Linking C executable cmTC_a4d3f
/usr/bin/cmake -E cmake_link_script CMakeFiles/cmTC_a4d3f.dir/link.txt --verbose=1
/usr/bin/cc  -Werror-implicit-function-declaration -W -Wall -pedantic -Wbad-function-cast -Wconversion -Wmissing-declarations -Wmissing-prototypes -Wnested-externs -Wno-long-long -Wno-multichar -Wpointer-arith -Wshadow -Wsign-compare -Wundef -Wunused -Wwrite-strings -Waddress -Wattributes -Wcast-align -Wcast-qual -Wdeclaration-after-statement -Wdiv-by-zero -Wempty-body -Wendif-labels -Wfloat-equal -Wformat-security -Wignored-qualifiers -Wmissing-field-initializers -Wmissing-noreturn -Wno-format-nonliteral -Wno-sign-conversion -Wno-system-headers -Wold-style-definition -Wredundant-decls -Wstrict-prototypes -Wtype-limits -Wunreachable-code -Wunused-parameter -Wvla -Wclobbered -Wmissing-parameter-type -Wold-style-declaration -Wpragmas -Wstrict-aliasing=3 -ftree-vrp -Wjump-misses-init -Wdouble-promotion -Wformat=2 -Wtrampolines -Warray-bounds=2 -Wduplicated-cond -Wnull-dereference -fdelete-null-pointer-checks -Wshift-negative-value -Wshift-overflow=2 -Wunused-const-variable -Walloc-zero -Wduplicated-branches -Wformat-truncation=2 -Wimplicit-fallthrough -Wrestrict -Warith-conversion -Wenum-conversion -D_GNU_SOURCE  CMakeFiles/cmTC_a4d3f.dir/CheckSymbolExists.c.o -o cmTC_a4d3f 
gmake[1]: выход из каталога «/home/vitaliy/scand/build/CMakeFiles/CMakeScratch/TryCompile-w5ZDbn»


File CheckSymbolExists.c:
/* */
#include <sys/select.h>
#include <sys/socket.h>
#include <sys/time.h>
#include <sys/types.h>
#include <arpa/inet.h>
#include <ifaddrs.h>
#include <libgen.h>
#include <net/if.h>
#include <netdb.h>
#include <netinet/in.h>
#include <netinet/tcp.h>
#include <netinet/udp.h>
#include <unistd.h>

int main(int argc, char** argv)
{
  (void)argv;
#ifndef socket
  return ((int*)(&socket))[argc];
#else
  (void)argc;
  return 0;
#endif
}
Determining if the socketpair exist passed with the following output:
Change Dir: /home/vitaliy/scand/build/CMakeFiles/CMakeScratch/TryCompile-HyZNcP

Run Build Command(s):/usr/bin/gmake -f Makefile cmTC_a413f/fast && /usr/bin/gmake  -f CMakeFiles/cmTC_a413f.dir/build.make CMakeFiles/cmTC_a413f.dir/build
gmake[1]: вход в каталог «/home/vitaliy/scand/build/CMakeFiles/CMakeScratch/TryCompile-HyZNcP»
Building C object CMakeFiles/cmTC_a413f.dir/CheckSymbolExists.c.o
/usr/bin/cc   -Werror-implicit-function-declaration -W -Wall -pedantic -Wbad-function-cast -Wconversion -Wmissing-declarations -Wmissing-prototypes -Wnested-externs -Wno-long-long -Wno-multichar -Wpointer-arith -Wshadow -Wsign-compare -Wundef -Wunused -Wwrite-strings -Waddress -Wattributes -Wcast-align -Wcast-qual -Wdeclaration-after-statement -Wdiv-by-zero -Wempty-body -Wendif-labels -Wfloat-equal -Wformat-security -Wignored-qualifiers -Wmissing-field-initializers -Wmissing-noreturn -Wno-format-nonliteral -Wno-sign-conversion -Wno-system-headers -Wold-style-definition -Wredundant-decls -Wstrict-prototypes -Wtype-limits -Wunreachable-code -Wunused-parameter -Wvla -Wclobbered -Wmissing-parameter-type -Wold-style-declaration -Wpragmas -Wstrict-aliasing=3 -ftree-vrp -Wjump-misses-init -Wdouble-promotion -Wformat=2 -Wtrampolines -Warray-bounds=2 -Wduplicated-cond -Wnull-dereference -fdelete-null-pointer-checks -Wshift-negative-value -Wshift-overflow=2 -Wunused-const-variable -Walloc-zero -Wduplicated-branches -Wformat-truncation=2 -Wimplicit-fallthrough -Wrestrict -Warith-conversion -Wenum-conversion -D_GNU_SOURCE  -o CMakeFiles/cmTC_a413f.dir/CheckSymbolExists.c.o -c /home/vitaliy/scand/build/CMakeFiles/CMakeScratch/TryCompile-HyZNcP/CheckSymbolExists.c
/home/vitaliy/scand/build/CMakeFiles/CMakeScratch/TryCompile-HyZNcP/CheckSymbolExists.c: In function ‘main’:
/home/vitaliy/scand/build/CMakeFiles/CMakeScratch/TryCompile-HyZNcP/CheckSymbolExists.c:20:11: warning: ISO C forbids conversion of function pointer to object pointer type [-Wpedantic]
   20 |   return ((int*)(&socketpair))[argc];
      |           ^
Linking C executable cmTC_a413f
/usr/bin/cmake -E cmake_link_script CMakeFiles/cmTC_a413f.dir/link.txt --verbose=1
/usr/bin/cc  -Werror-implicit-function-declaration -W -Wall -pedantic -Wbad-function-cast -Wconversion -Wmissing-declarations -Wmissing-prototypes -Wnested-externs -Wno-long-long -Wno-multichar -Wpointer-arith -Wshadow -Wsign-compare -Wundef -Wunused -Wwrite-strings -Waddress -Wattributes -Wcast-align -Wcast-qual -Wdeclaration-after-statement -Wdiv-by-zero -Wempty-body -Wendif-labels -Wfloat-equal -Wformat-security -Wignored-qualifiers -Wmissing-field-initializers -Wmissing-noreturn -Wno-format-nonliteral -Wno-sign-conversion -Wno-system-headers -Wold-style-definition -Wredundant-decls -Wstrict-prototypes -Wtype-limits -Wunreachable-code -Wunused-parameter -Wvla -Wclobbered -Wmissing-parameter-type -Wold-style-declaration -Wpragmas -Wstrict-aliasing=3 -ftree-vrp -Wjump-misses-init -Wdouble-promotion -Wformat=2 -Wtrampolines -Warray-bounds=2 -Wduplicated-cond -Wnull-dereference -fdelete-null-pointer-checks -Wshift-negative-value -Wshift-overflow=2 -Wunused-const-variable -Walloc-zero -Wduplicated-branches -Wformat-truncation=2 -Wimplicit-fallthrough -Wrestrict -Warith-conversion -Wenum-conversion -D_GNU_SOURCE  CMakeFiles/cmTC_a413f.dir/CheckSymbolExists.c.o -o cmTC_a413f 
gmake[1]: выход из каталога «/home/vitaliy/scand/build/CMakeFiles/CMakeScratch/TryCompile-HyZNcP»


File CheckSymbolExists.c:
/* */
#include <sys/select.h>
#include <sys/socket.h>
#include <sys/time.h>
#include <sys/types.h>
#include <arpa/inet.h>
#include <ifaddrs.h>
#include <libgen.h>
#include <net/if.h>
#include <netdb.h>
#include <netinet/in.h>
#include <netinet/tcp.h>
#include <netinet/udp.h>
#include <unistd.h>

int main(int argc, char** argv)
{
  (void)argv;
#ifndef socketpair
  return ((int*)(&socketpair))[argc];
#else
  (void)argc;
  return 0;
#endif
}
Determining if the recv exist passed with the following output:
Change Dir: /home/vitaliy/scand/build/CMakeFiles/CMakeScratch/TryCompile-1oTaZL

Run Build Command(s):/usr/bin/gmake -f Makefile cmTC_53b84/fast && /usr/bin/gmake  -f CMakeFiles/cmTC_53b84.dir/build.make CMakeFiles/cmTC_53b84.dir/build
gmake[1]: вход в каталог «/home/vitaliy/scand/build/CMakeFiles/CMakeScratch/TryCompile-1oTaZL»
Building C object CMakeFiles/cmTC_53b84.dir/CheckSymbolExists.c.o
/usr/bin/cc   -Werror-implicit-function-declaration -W -Wall -pedantic -Wbad-function-cast -Wconversion -Wmissing-declarations -Wmissing-prototypes -Wnested-externs -Wno-long-long -Wno-multichar -Wpointer-arith -Wshadow -Wsign-compare -Wundef -Wunused -Wwrite-strings -Waddress -Wattributes -Wcast-align -Wcast-qual -Wdeclaration-after-statement -Wdiv-by-zero -Wempty-body -Wendif-labels -Wfloat-equal -Wformat-security -Wignored-qualifiers -Wmissing-field-initializers -Wmissing-noreturn -Wno-format-nonliteral -Wno-sign-conversion -Wno-system-headers -Wold-style-definition -Wredundant-decls -Wstrict-prototypes -Wtype-limits -Wunreachable-code -Wunused-parameter -Wvla -Wclobbered -Wmissing-parameter-type -Wold-style-declaration -Wpragmas -Wstrict-aliasing=3 -ftree-vrp -Wjump-misses-init -Wdouble-promotion -Wformat=2 -Wtrampolines -Warray-bounds=2 -Wduplicated-cond -Wnull-dereference -fdelete-null-pointer-checks -Wshift-negative-value -Wshift-overflow=2 -Wunused-const-variable -Walloc-zero -Wduplicated-branches -Wformat-truncation=2 -Wimplicit-fallthrough -Wrestrict -Warith-conversion -Wenum-conversion -D_GNU_SOURCE  -o CMakeFiles/cmTC_53b84.dir/CheckSymbolExists.c.o -c /home/vitaliy/scand/build/CMakeFiles/CMakeScratch/TryCompile-1oTaZL/CheckSymbolExists.c
/home/vitaliy/scand/build/CMakeFiles/CMakeScratch/TryCompile-1oTaZL/CheckSymbolExists.c: In function ‘main’:
/home/vitaliy/scand/build/CMakeFiles/CMakeScratch/TryCompile-1oTaZL/CheckSymbolExists.c:20:11: warning: ISO C forbids conversion of function pointer to object pointer type [-Wpedantic]
   20 |   return ((int*)(&recv))[argc];
      |           ^
Linking C executable cmTC_53b84
/usr/bin/cmake -E cmake_link_script CMakeFiles/cmTC_53b84.dir/link.txt --verbose=1
/usr/bin/cc  -Werror-implicit-function-declaration -W -Wall -pedantic -Wbad-function-cast -Wconversion -Wmissing-declarations -Wmissing-prototypes -Wnested-externs -Wno-long-long -Wno-multichar -Wpointer-arith -Wshadow -Wsign-compare -Wundef -Wunused -Wwrite-strings -Waddress -Wattributes -Wcast-align -Wcast-qual -Wdeclaration-after-statement -Wdiv-by-zero -Wempty-body -Wendif-labels -Wfloat-equal -Wformat-security -Wignored-qualifiers -Wmissing-field-initializers -Wmissing-noreturn -Wno-format-nonliteral -Wno-sign-conversion -Wno-system-headers -Wold-style-definition -Wredundant-decls -Wstrict-prototypes -Wtype-limits -Wunreachable-code -Wunused-parameter -Wvla -Wclobbered -Wmissing-parameter-type -Wold-style-declaration -Wpragmas -Wstrict-aliasing=3 -ftree-vrp -Wjump-misses-init -Wdouble-promotion -Wformat=2 -Wtrampolines -Warray-bounds=2 -Wduplicated-cond -Wnull-dereference -fdelete-null-pointer-checks -Wshift-negative-value -Wshift-overflow=2 -Wunused-const-variable -Walloc-zero -Wduplicated-branches -Wformat-truncation=2 -Wimplicit-fallthrough -Wrestrict -Warith-conversion -Wenum-conversion -D_GNU_SOURCE  CMakeFiles/cmTC_53b84.dir/CheckSymbolExists.c.o -o cmTC_53b84 
gmake[1]: выход из каталога «/home/vitaliy/scand/build/CMakeFiles/CMakeScratch/TryCompile-1oTaZL»


File CheckSymbolExists.c:
/* */
#include <sys/select.h>
#include <sys/socket.h>
#include <sys/time.h>
#include <sys/types.h>
#include <arpa/inet.h>
#include <ifaddrs.h>
#include <libgen.h>
#include <net/if.h>
#include <netdb.h>
#include <netinet/in.h>
#include <netinet/tcp.h>
#include <netinet/udp.h>
#include <unistd.h>

int main(int argc, char** argv)
{
  (void)argv;
#ifndef recv
  return ((int*)(&recv))[argc];
#else
  (void)argc;
  return 0;
#endif
}
Determining if the send exist passed with the following output:
Change Dir: /home/vitaliy/scand/build/CMakeFiles/CMakeScratch/TryCompile-pOc9TH

Run Build Command(s):/usr/bin/gmake -f Makefile cmTC_3ef39/fast && /usr/bin/gmake  -f CMakeFiles/cmTC_3ef39.dir/build.make CMakeFiles/cmTC_3ef39.dir/build
gmake[1]: вход в каталог «/home/vitaliy/scand/build/CMakeFiles/CMakeScratch/TryCompile-pOc9TH»
Building C object CMakeFiles/cmTC_3ef39.dir/CheckSymbolExists.c.o
/usr/bin/cc   -Werror-implicit-function-declaration -W -Wall -pedantic -Wbad-function-cast -Wconversion -Wmissing-declarations -Wmissing-prototypes -Wnested-externs -Wno-long-long -Wno-multichar -Wpointer-arith -Wshadow -Wsign-compare -Wundef -Wunused -Wwrite-strings -Waddress -Wattributes -Wcast-align -Wcast-qual -Wdeclaration-after-statement -Wdiv-by-zero -Wempty-body -Wendif-labels -Wfloat-equal -Wformat-security -Wignored-qualifiers -Wmissing-field-initializers -Wmissing-noreturn -Wno-format-nonliteral -Wno-sign-conversion -Wno-system-headers -Wold-style-definition -Wredundant-decls -Wstrict-prototypes -Wtype-limits -Wunreachable-code -Wunused-parameter -Wvla -Wclobbered -Wmissing-parameter-type -Wold-style-declaration -Wpragmas -Wstrict-aliasing=3 -ftree-vrp -Wjump-misses-init -Wdouble-promotion -Wformat=2 -Wtrampolines -Warray-bounds=2 -Wduplicated-cond -Wnull-dereference -fdelete-null-pointer-checks -Wshift-negative-value -Wshift-overflow=2 -Wunused-const-variable -Walloc-zero -Wduplicated-branches -Wformat-truncation=2 -Wimplicit-fallthrough -Wrestrict -Warith-conversion -Wenum-conversion -D_GNU_SOURCE  -o CMakeFiles/cmTC_3ef39.dir/CheckSymbolExists.c.o -c /home/vitaliy/scand/build/CMakeFiles/CMakeScratch/TryCompile-pOc9TH/CheckSymbolExists.c
/home/vitaliy/scand/build/CMakeFiles/CMakeScratch/TryCompile-pOc9TH/CheckSymbolExists.c: In function ‘main’:
/home/vitaliy/scand/build/CMakeFiles/CMakeScratch/TryCompile-pOc9TH/CheckSymbolExists.c:20:11: warning: ISO C forbids conversion of function pointer to object pointer type [-Wpedantic]
   20 |   return ((int*)(&send))[argc];
      |           ^
Linking C executable cmTC_3ef39
/usr/bin/cmake -E cmake_link_script CMakeFiles/cmTC_3ef39.dir/link.txt --verbose=1
/usr/bin/cc  -Werror-implicit-function-declaration -W -Wall -pedantic -Wbad-function-cast -Wconversion -Wmissing-declarations -Wmissing-prototypes -Wnested-externs -Wno-long-long -Wno-multichar -Wpointer-arith -Wshadow -Wsign-compare -Wundef -Wunused -Wwrite-strings -Waddress -Wattributes -Wcast-align -Wcast-qual -Wdeclaration-after-statement -Wdiv-by-zero -Wempty-body -Wendif-labels -Wfloat-equal -Wformat-security -Wignored-qualifiers -Wmissing-field-initializers -Wmissing-noreturn -Wno-format-nonliteral -Wno-sign-conversion -Wno-system-headers -Wold-style-definition -Wredundant-decls -Wstrict-prototypes -Wtype-limits -Wunreachable-code -Wunused-parameter -Wvla -Wclobbered -Wmissing-parameter-type -Wold-style-declaration -Wpragmas -Wstrict-aliasing=3 -ftree-vrp -Wjump-misses-init -Wdouble-promotion -Wformat=2 -Wtrampolines -Warray-bounds=2 -Wduplicated-cond -Wnull-dereference -fdelete-null-pointer-checks -Wshift-negative-value -Wshift-overflow=2 -Wunused-const-variable -Walloc-zero -Wduplicated-branches -Wformat-truncation=2 -Wimplicit-fallthrough -Wrestrict -Warith-conversion -Wenum-conversion -D_GNU_SOURCE  CMakeFiles/cmTC_3ef39.dir/CheckSymbolExists.c.o -o cmTC_3ef39 
gmake[1]: выход из каталога «/home/vitaliy/scand/build/CMakeFiles/CMakeScratch/TryCompile-pOc9TH»


File CheckSymbolExists.c:
/* */
#include <sys/select.h>
#include <sys/socket.h>
#include <sys/time.h>
#include <sys/types.h>
#include <arpa/inet.h>
#include <ifaddrs.h>
#include <libgen.h>
#include <net/if.h>
#include <netdb.h>
#include <netinet/in.h>
#include <netinet/tcp.h>
#include <netinet/udp.h>
#include <unistd.h>

int main(int argc, char** argv)
{
  (void)argv;
#ifndef send
  return ((int*)(&send))[argc];
#else
  (void)argc;
  return 0;
#endif
}
Determining if the function sendmsg exists passed with the following output:
Change Dir: /home/vitaliy/scand/build/CMakeFiles/CMakeScratch/TryCompile-Uiqmm1

Run Build Command(s):/usr/bin/gmake -f Makefile cmTC_f8fc1/fast && /usr/bin/gmake  -f CMakeFiles/cmTC_f8fc1.dir/build.make CMakeFiles/cmTC_f8fc1.dir/build
gmake[1]: вход в каталог «/home/vitaliy/scand/build/CMakeFiles/CMakeScratch/TryCompile-Uiqmm1»
Building C object CMakeFiles/cmTC_f8fc1.dir/CheckFunctionExists.c.o
/usr/bin/cc   -Werror-implicit-function-declaration -W -Wall -pedantic -Wbad-function-cast -Wconversion -Wmissing-declarations -Wmissing-prototypes -Wnested-externs -Wno-long-long -Wno-multichar -Wpointer-arith -Wshadow -Wsign-compare -Wundef -Wunused -Wwrite-strings -Waddress -Wattributes -Wcast-align -Wcast-qual -Wdeclaration-after-statement -Wdiv-by-zero -Wempty-body -Wendif-labels -Wfloat-equal -Wformat-security -Wignored-qualifiers -Wmissing-field-initializers -Wmissing-noreturn -Wno-format-nonliteral -Wno-sign-conversion -Wno-system-headers -Wold-style-definition -Wredundant-decls -Wstrict-prototypes -Wtype-limits -Wunreachable-code -Wunused-parameter -Wvla -Wclobbered -Wmissing-parameter-type -Wold-style-declaration -Wpragmas -Wstrict-aliasing=3 -ftree-vrp -Wjump-misses-init -Wdouble-promotion -Wformat=2 -Wtrampolines -Warray-bounds=2 -Wduplicated-cond -Wnull-dereference -fdelete-null-pointer-checks -Wshift-negative-value -Wshift-overflow=2 -Wunused-const-variable -Walloc-zero -Wduplicated-branches -Wformat-truncation=2 -Wimplicit-fallthrough -Wrestrict -Warith-conversion -Wenum-conversion -D_GNU_SOURCE -DCHECK_FUNCTION_EXISTS=sendmsg -o CMakeFiles/cmTC_f8fc1.dir/CheckFunctionExists.c.o -c /home/vitaliy/scand/build/CMakeFiles/CMakeScratch/TryCompile-Uiqmm1/CheckFunctionExists.c
Linking C executable cmTC_f8fc1
/usr/bin/cmake -E cmake_link_script CMakeFiles/cmTC_f8fc1.dir/link.txt --verbose=1
/usr/bin/cc  -Werror-implicit-function-declaration -W -Wall -pedantic -Wbad-function-cast -Wconversion -Wmissing-declarations -Wmissing-prototypes -Wnested-externs -Wno-long-long -Wno-multichar -Wpointer-arith -Wshadow -Wsign-compare -Wundef -Wunused -Wwrite-strings -Waddress -Wattributes -Wcast-align -Wcast-qual -Wdeclaration-after-statement -Wdiv-by-zero -Wempty-body -Wendif-labels -Wfloat-equal -Wformat-security -Wignored-qualifiers -Wmissing-field-initializers -Wmissing-noreturn -Wno-format-nonliteral -Wno-sign-conversion -Wno-system-headers -Wold-style-definition -Wredundant-decls -Wstrict-prototypes -Wtype-limits -Wunreachable-code -Wunused-parameter -Wvla -Wclobbered -Wmissing-parameter-type -Wold-style-declaration -Wpragmas -Wstrict-aliasing=3 -ftree-vrp -Wjump-misses-init -Wdouble-promotion -Wformat=2 -Wtrampolines -Warray-bounds=2 -Wduplicated-cond -Wnull-dereference -fdelete-null-pointer-checks -Wshift-negative-value -Wshift-overflow=2 -Wunused-const-variable -Walloc-zero -Wduplicated-branches -Wformat-truncation=2 -Wimplicit-fallthrough -Wrestrict -Warith-conversion -Wenum-conversion -D_GNU_SOURCE -DCHECK_FUNCTION_EXISTS=sendmsg CMakeFiles/cmTC_f8fc1.dir/CheckFunctionExists.c.o -o cmTC_f8fc1 
gmake[1]: выход из каталога «/home/vitaliy/scand/build/CMakeFiles/CMakeScratch/TryCompile-Uiqmm1»



Determining if the function sendmmsg exists passed with the following output:
Change Dir: /home/vitaliy/scand/build/CMakeFiles/CMakeScratch/TryCompile-cZMpGh

Run Build Command(s):/usr/bin/gmake -f Makefile cmTC_1571e/fast && /usr/bin/gmake  -f CMakeFiles/cmTC_1571e.dir/build.make CMakeFiles/cmTC_1571e.dir/build
gmake[1]: вход в каталог «/home/vitaliy/scand/build/CMakeFiles/CMakeScratch/TryCompile-cZMpGh»
Building C object CMakeFiles/cmTC_1571e.dir/CheckFunctionExists.c.o
/usr/bin/cc   -Werror-implicit-function-declaration -W -Wall -pedantic -Wbad-function-cast -Wconversion -Wmissing-declarations -Wmissing-prototypes -Wnested-externs -Wno-long-long -Wno-multichar -Wpointer-arith -Wshadow -Wsign-compare -Wundef -Wunused -Wwrite-strings -Waddress -Wattributes -Wcast-align -Wcast-qual -Wdeclaration-after-statement -Wdiv-by-zero -Wempty-body -Wendif-labels -Wfloat-equal -Wformat-security -Wignored-qualifiers -Wmissing-field-initializers -Wmissing-noreturn -Wno-format-nonliteral -Wno-sign-conversion -Wno-system-headers -Wold-style-definition -Wredundant-decls -Wstrict-prototypes -Wtype-limits -Wunreachable-code -Wunused-parameter -Wvla -Wclobbered -Wmissing-parameter-type -Wold-style-declaration -Wpragmas -Wstrict-aliasing=3 -ftree-vrp -Wjump-misses-init -Wdouble-promotion -Wformat=2 -Wtrampolines -Warray-bounds=2 -Wduplicated-cond -Wnull-dereference -fdelete-null-pointer-checks -Wshift-negative-value -Wshift-overflow=2 -Wunused-const-variable -Walloc-zero -Wduplicated-branches -Wformat-truncation=2 -Wimplicit-fallthrough -Wrestrict -Warith-conversion -Wenum-conversion -D_GNU_SOURCE -DCHECK_FUNCTION_EXISTS=sendmmsg -o CMakeFiles/cmTC_1571e.dir/CheckFunctionExists.c.o -c /home/vitaliy/scand/build/CMakeFiles/CMakeScratch/TryCompile-cZMpGh/CheckFunctionExists.c
Linking C executable cmTC_1571e
/usr/bin/cmake -E cmake_link_script CMakeFiles/cmTC_1571e.dir/link.txt --verbose=1
/usr/bin/cc  -Werror-implicit-function-declaration -W -Wall -pedantic -Wbad-function-cast -Wconversion -Wmissing-declarations -Wmissing-prototypes -Wnested-externs -Wno-long-long -Wno-multichar -Wpointer-arith -Wshadow -Wsign-compare -Wundef -Wunused -Wwrite-strings -Waddress -Wattributes -Wcast-align -Wcast-qual -Wdeclaration-after-statement -Wdiv-by-zero -Wempty-body -Wendif-labels -Wfloat-equal -Wformat-security -Wignored-qualifiers -Wmissing-field-initializers -Wmissing-noreturn -Wno-format-nonliteral -Wno-sign-conversion -Wno-system-headers -Wold-style-definition -Wredundant-decls -Wstrict-prototypes -Wtype-limits -Wunreachable-code -Wunused-parameter -Wvla -Wclobbered -Wmissing-parameter-type -Wold-style-declaration -Wpragmas -Wstrict-aliasing=3 -ftree-vrp -Wjump-misses-init -Wdouble-promotion -Wformat=2 -Wtrampolines -Warray-bounds=2 -Wduplicated-cond -Wnull-dereference -fdelete-null-pointer-checks -Wshift-negative-value -Wshift-overflow=2 -Wunused-const-variable -Walloc-zero -Wduplicated-branches -Wformat-truncation=2 -Wimplicit-fallthrough -Wrestrict -Warith-conversion -Wenum-conversion -D_GNU_SOURCE -DCHECK_FUNCTION_EXISTS=sendmmsg CMakeFiles/cmTC_1571e.dir/CheckFunctionExists.c.o -o cmTC_1571e 
gmake[1]: выход из каталога «/home/vitaliy/scand/build/CMakeFiles/CMakeScratch/TryCompile-cZMpGh»



Determining if the select exist passed with the following output:
Change Dir: /home/vitaliy/scand/build/CMakeFiles/CMakeScratch/TryCompile-i6JojQ

Run Build Command(s):/usr/bin/gmake -f Makefile cmTC_c8a51/fast && /usr/bin/gmake  -f CMakeFiles/cmTC_c8a51.dir/build.make CMakeFiles/cmTC_c8a51.dir/build
gmake[1]: вход в каталог «/home/vitaliy/scand/build/CMakeFiles/CMakeScratch/TryCompile-i6JojQ»
Building C object CMakeFiles/cmTC_c8a51.dir/CheckSymbolExists.c.o
/usr/bin/cc   -Werror-implicit-function-declaration -W -Wall -pedantic -Wbad-function-cast -Wconversion -Wmissing-declarations -Wmissing-prototypes -Wnested-externs -Wno-long-long -Wno-multichar -Wpointer-arith -Wshadow -Wsign-compare -Wundef -Wunused -Wwrite-strings -Waddress -Wattributes -Wcast-align -Wcast-qual -Wdeclaration-after-statement -Wdiv-by-zero -Wempty-body -Wendif-labels -Wfloat-equal -Wformat-security -Wignored-qualifiers -Wmissing-field-initializers -Wmissing-noreturn -Wno-format-nonliteral -Wno-sign-conversion -Wno-system-headers -Wold-style-definition -Wredundant-decls -Wstrict-prototypes -Wtype-limits -Wunreachable-code -Wunused-parameter -Wvla -Wclobbered -Wmissing-parameter-type -Wold-style-declaration -Wpragmas -Wstrict-aliasing=3 -ftree-vrp -Wjump-misses-init -Wdouble-promotion -Wformat=2 -Wtrampolines -Warray-bounds=2 -Wduplicated-cond -Wnull-dereference -fdelete-null-pointer-checks -Wshift-negative-value -Wshift-overflow=2 -Wunused-const-variable -Walloc-zero -Wduplicated-branches -Wformat-truncation=2 -Wimplicit-fallthrough -Wrestrict -Warith-conversion -Wenum-conversion -D_GNU_SOURCE  -o CMakeFiles/cmTC_c8a51.dir/CheckSymbolExists.c.o -c /home/vitaliy/scand/build/CMakeFiles/CMakeScratch/TryCompile-i6JojQ/CheckSymbolExists.c
/home/vitaliy/scand/build/CMakeFiles/CMakeScratch/TryCompile-i6JojQ/CheckSymbolExists.c: In function ‘main’:
/home/vitaliy/scand/build/CMakeFiles/CMakeScratch/TryCompile-i6JojQ/CheckSymbolExists.c:20:11: warning: ISO C forbids conversion of function pointer to object pointer type [-Wpedantic]
   20 |   return ((int*)(&select))[argc];
      |           ^
Linking C executable cmTC_c8a51
/usr/bin/cmake -E cmake_link_script CMakeFiles/cmTC_c8a51.dir/link.txt --verbose=1
/usr/bin/cc  -Werror-implicit-function-declaration -W -Wall -pedantic -Wbad-function-cast -Wconversion -Wmissing-declarations -Wmissing-prototypes -Wnested-externs -Wno-long-long -Wno-multichar -Wpointer-arith -Wshadow -Wsign-compare -Wundef -Wunused -Wwrite-strings -Waddress -Wattributes -Wcast-align -Wcast-qual -Wdeclaration-after-statement -Wdiv-by-zero -Wempty-body -Wendif-labels -Wfloat-equal -Wformat-security -Wignored-qualifiers -Wmissing-field-initializers -Wmissing-noreturn -Wno-format-nonliteral -Wno-sign-conversion -Wno-system-headers -Wold-style-definition -Wredundant-decls -Wstrict-prototypes -Wtype-limits -Wunreachable-code -Wunused-parameter -Wvla -Wclobbered -Wmissing-parameter-type -Wold-style-declaration -Wpragmas -Wstrict-aliasing=3 -ftree-vrp -Wjump-misses-init -Wdouble-promotion -Wformat=2 -Wtrampolines -Warray-bounds=2 -Wduplicated-cond -Wnull-dereference -fdelete-null-pointer-checks -Wshift-negative-value -Wshift-overflow=2 -Wunused-const-variable -Walloc-zero -Wduplicated-branches -Wformat-truncation=2 -Wimplicit-fallthrough -Wrestrict -Warith-conversion -Wenum-conversion -D_GNU_SOURCE  CMakeFiles/cmTC_c8a51.dir/CheckSymbolExists.c.o -o cmTC_c8a51 
gmake[1]: выход из каталога «/home/vitaliy/scand/build/CMakeFiles/CMakeScratch/TryCompile-i6JojQ»


File CheckSymbolExists.c:
/* */
#include <sys/select.h>
#include <sys/socket.h>
#include <sys/time.h>
#include <sys/types.h>
#include <arpa/inet.h>
#include <ifaddrs.h>
#include <libgen.h>
#include <net/if.h>
#include <netdb.h>
#include <netinet/in.h>
#include <netinet/tcp.h>
#include <netinet/udp.h>
#include <unistd.h>

int main(int argc, char** argv)
{
  (void)argv;
#ifndef select
  return ((int*)(&select))[argc];
#else
  (void)argc;
  return 0;
#endif
}
Determining if the strdup exist passed with the following output:
Change Dir: /home/vitaliy/scand/build/CMakeFiles/CMakeScratch/TryCompile-62dEBA

Run Build Command(s):/usr/bin/gmake -f Makefile cmTC_3b143/fast && /usr/bin/gmake  -f CMakeFiles/cmTC_3b143.dir/build.make CMakeFiles/cmTC_3b143.dir/build
gmake[1]: вход в каталог «/home/vitaliy/scand/build/CMakeFiles/CMakeScratch/TryCompile-62dEBA»
Building C object CMakeFiles/cmTC_3b143.dir/CheckSymbolExists.c.o
/usr/bin/cc   -Werror-implicit-function-declaration -W -Wall -pedantic -Wbad-function-cast -Wconversion -Wmissing-declarations -Wmissing-prototypes -Wnested-externs -Wno-long-long -Wno-multichar -Wpointer-arith -Wshadow -Wsign-compare -Wundef -Wunused -Wwrite-strings -Waddress -Wattributes -Wcast-align -Wcast-qual -Wdeclaration-after-statement -Wdiv-by-zero -Wempty-body -Wendif-labels -Wfloat-equal -Wformat-security -Wignored-qualifiers -Wmissing-field-initializers -Wmissing-noreturn -Wno-format-nonliteral -Wno-sign-conversion -Wno-system-headers -Wold-style-definition -Wredundant-decls -Wstrict-prototypes -Wtype-limits -Wunreachable-code -Wunused-parameter -Wvla -Wclobbered -Wmissing-parameter-type -Wold-style-declaration -Wpragmas -Wstrict-aliasing=3 -ftree-vrp -Wjump-misses-init -Wdouble-promotion -Wformat=2 -Wtrampolines -Warray-bounds=2 -Wduplicated-cond -Wnull-dereference -fdelete-null-pointer-checks -Wshift-negative-value -Wshift-overflow=2 -Wunused-const-variable -Walloc-zero -Wduplicated-branches -Wformat-truncation=2 -Wimplicit-fallthrough -Wrestrict -Warith-conversion -Wenum-conversion -D_GNU_SOURCE  -o CMakeFiles/cmTC_3b143.dir/CheckSymbolExists.c.o -c /home/vitaliy/scand/build/CMakeFiles/CMakeScratch/TryCompile-62dEBA/CheckSymbolExists.c
/home/vitaliy/scand/build/CMakeFiles/CMakeScratch/TryCompile-62dEBA/CheckSymbolExists.c: In function ‘main’:
/home/vitaliy/scand/build/CMakeFiles/CMakeScratch/TryCompile-62dEBA/CheckSymbolExists.c:8:11: warning: ISO C forbids conversion of function pointer to object pointer type [-Wpedantic]
    8 |   return ((int*)(&strdup))[argc];
      |           ^
Linking C executable cmTC_3b143
/usr/bin/cmake -E cmake_link_script CMakeFiles/cmTC_3b143.dir/link.txt --verbose=1
/usr/bin/cc  -Werror-implicit-function-declaration -W -Wall -pedantic -Wbad-function-cast -Wconversion -Wmissing-declarations -Wmissing-prototypes -Wnested-externs -Wno-long-long -Wno-multichar -Wpointer-arith -Wshadow -Wsign-compare -Wundef -Wunused -Wwrite-strings -Waddress -Wattributes -Wcast-align -Wcast-qual -Wdeclaration-after-statement -Wdiv-by-zero -Wempty-body -Wendif-labels -Wfloat-equal -Wformat-security -Wignored-qualifiers -Wmissing-field-initializers -Wmissing-noreturn -Wno-format-nonliteral -Wno-sign-conversion -Wno-system-headers -Wold-style-definition -Wredundant-decls -Wstrict-prototypes -Wtype-limits -Wunreachable-code -Wunused-parameter -Wvla -Wclobbered -Wmissing-parameter-type -Wold-style-declaration -Wpragmas -Wstrict-aliasing=3 -ftree-vrp -Wjump-misses-init -Wdouble-promotion -Wformat=2 -Wtrampolines -Warray-bounds=2 -Wduplicated-cond -Wnull-dereference -fdelete-null-pointer-checks -Wshift-negative-value -Wshift-overflow=2 -Wunused-const-variable -Walloc-zero -Wduplicated-branches -Wformat-truncation=2 -Wimplicit-fallthrough -Wrestrict -Warith-conversion -Wenum-conversion -D_GNU_SOURCE  CMakeFiles/cmTC_3b143.dir/CheckSymbolExists.c.o -o cmTC_3b143 
gmake[1]: выход из каталога «/home/vitaliy/scand/build/CMakeFiles/CMakeScratch/TryCompile-62dEBA»


File CheckSymbolExists.c:
/* */
#include <string.h>

int main(int argc, char** argv)
{
  (void)argv;
#ifndef strdup
  return ((int*)(&strdup))[argc];
#else
  (void)argc;
  return 0;
#endif
}
Determining if the memrchr exist passed with the following output:
Change Dir: /home/vitaliy/scand/build/CMakeFiles/CMakeScratch/TryCompile-TAK55x

Run Build Command(s):/usr/bin/gmake -f Makefile cmTC_4629b/fast && /usr/bin/gmake  -f CMakeFiles/cmTC_4629b.dir/build.make CMakeFiles/cmTC_4629b.dir/build
gmake[1]: вход в каталог «/home/vitaliy/scand/build/CMakeFiles/CMakeScratch/TryCompile-TAK55x»
Building C object CMakeFiles/cmTC_4629b.dir/CheckSymbolExists.c.o
/usr/bin/cc   -Werror-implicit-function-declaration -W -Wall -pedantic -Wbad-function-cast -Wconversion -Wmissing-declarations -Wmissing-prototypes -Wnested-externs -Wno-long-long -Wno-multichar -Wpointer-arith -Wshadow -Wsign-compare -Wundef -Wunused -Wwrite-strings -Waddress -Wattributes -Wcast-align -Wcast-qual -Wdeclaration-after-statement -Wdiv-by-zero -Wempty-body -Wendif-labels -Wfloat-equal -Wformat-security -Wignored-qualifiers -Wmissing-field-initializers -Wmissing-noreturn -Wno-format-nonliteral -Wno-sign-conversion -Wno-system-headers -Wold-style-definition -Wredundant-decls -Wstrict-prototypes -Wtype-limits -Wunreachable-code -Wunused-parameter -Wvla -Wclobbered -Wmissing-parameter-type -Wold-style-declaration -Wpragmas -Wstrict-aliasing=3 -ftree-vrp -Wjump-misses-init -Wdouble-promotion -Wformat=2 -Wtrampolines -Warray-bounds=2 -Wduplicated-cond -Wnull-dereference -fdelete-null-pointer-checks -Wshift-negative-value -Wshift-overflow=2 -Wunused-const-variable -Walloc-zero -Wduplicated-branches -Wformat-truncation=2 -Wimplicit-fallthrough -Wrestrict -Warith-conversion -Wenum-conversion -D_GNU_SOURCE  -o CMakeFiles/cmTC_4629b.dir/CheckSymbolExists.c.o -c /home/vitaliy/scand/build/CMakeFiles/CMakeScratch/TryCompile-TAK55x/CheckSymbolExists.c
/home/vitaliy/scand/build/CMakeFiles/CMakeScratch/TryCompile-TAK55x/CheckSymbolExists.c: In function ‘main’:
/home/vitaliy/scand/build/CMakeFiles/CMakeScratch/TryCompile-TAK55x/CheckSymbolExists.c:8:11: warning: ISO C forbids conversion of function pointer to object pointer type [-Wpedantic]
    8 |   return ((int*)(&memrchr))[argc];
      |           ^
Linking C executable cmTC_4629b
/usr/bin/cmake -E cmake_link_script CMakeFiles/cmTC_4629b.dir/link.txt --verbose=1
/usr/bin/cc  -Werror-implicit-function-declaration -W -Wall -pedantic -Wbad-function-cast -Wconversion -Wmissing-declarations -Wmissing-prototypes -Wnested-externs -Wno-long-long -Wno-multichar -Wpointer-arith -Wshadow -Wsign-compare -Wundef -Wunused -Wwrite-strings -Waddress -Wattributes -Wcast-align -Wcast-qual -Wdeclaration-after-statement -Wdiv-by-zero -Wempty-body -Wendif-labels -Wfloat-equal -Wformat-security -Wignored-qualifiers -Wmissing-field-initializers -Wmissing-noreturn -Wno-format-nonliteral -Wno-sign-conversion -Wno-system-headers -Wold-style-definition -Wredundant-decls -Wstrict-prototypes -Wtype-limits -Wunreachable-code -Wunused-parameter -Wvla -Wclobbered -Wmissing-parameter-type -Wold-style-declaration -Wpragmas -Wstrict-aliasing=3 -ftree-vrp -Wjump-misses-init -Wdouble-promotion -Wformat=2 -Wtrampolines -Warray-bounds=2 -Wduplicated-cond -Wnull-dereference -fdelete-null-pointer-checks -Wshift-negative-value -Wshift-overflow=2 -Wunused-const-variable -Walloc-zero -Wduplicated-branches -Wformat-truncation=2 -Wimplicit-fallthrough -Wrestrict -Warith-conversion -Wenum-conversion -D_GNU_SOURCE  CMakeFiles/cmTC_4629b.dir/CheckSymbolExists.c.o -o cmTC_4629b 
gmake[1]: выход из каталога «/home/vitaliy/scand/build/CMakeFiles/CMakeScratch/TryCompile-TAK55x»


File CheckSymbolExists.c:
/* */
#include <string.h>

int main(int argc, char** argv)
{
  (void)argv;
#ifndef memrchr
  return ((int*)(&memrchr))[argc];
#else
  (void)argc;
  return 0;
#endif
}
Determining if the alarm exist passed with the following output:
Change Dir: /home/vitaliy/scand/build/CMakeFiles/CMakeScratch/TryCompile-K69pmd

Run Build Command(s):/usr/bin/gmake -f Makefile cmTC_30516/fast && /usr/bin/gmake  -f CMakeFiles/cmTC_30516.dir/build.make CMakeFiles/cmTC_30516.dir/build
gmake[1]: вход в каталог «/home/vitaliy/scand/build/CMakeFiles/CMakeScratch/TryCompile-K69pmd»
Building C object CMakeFiles/cmTC_30516.dir/CheckSymbolExists.c.o
/usr/bin/cc   -Werror-implicit-function-declaration -W -Wall -pedantic -Wbad-function-cast -Wconversion -Wmissing-declarations -Wmissing-prototypes -Wnested-externs -Wno-long-long -Wno-multichar -Wpointer-arith -Wshadow -Wsign-compare -Wundef -Wunused -Wwrite-strings -Waddress -Wattributes -Wcast-align -Wcast-qual -Wdeclaration-after-statement -Wdiv-by-zero -Wempty-body -Wendif-labels -Wfloat-equal -Wformat-security -Wignored-qualifiers -Wmissing-field-initializers -Wmissing-noreturn -Wno-format-nonliteral -Wno-sign-conversion -Wno-system-headers -Wold-style-definition -Wredundant-decls -Wstrict-prototypes -Wtype-limits -Wunreachable-code -Wunused-parameter -Wvla -Wclobbered -Wmissing-parameter-type -Wold-style-declaration -Wpragmas -Wstrict-aliasing=3 -ftree-vrp -Wjump-misses-init -Wdouble-promotion -Wformat=2 -Wtrampolines -Warray-bounds=2 -Wduplicated-cond -Wnull-dereference -fdelete-null-pointer-checks -Wshift-negative-value -Wshift-overflow=2 -Wunused-const-variable -Walloc-zero -Wduplicated-branches -Wformat-truncation=2 -Wimplicit-fallthrough -Wrestrict -Warith-conversion -Wenum-conversion -D_GNU_SOURCE  -o CMakeFiles/cmTC_30516.dir/CheckSymbolExists.c.o -c /home/vitaliy/scand/build/CMakeFiles/CMakeScratch/TryCompile-K69pmd/CheckSymbolExists.c
/home/vitaliy/scand/build/CMakeFiles/CMakeScratch/TryCompile-K69pmd/CheckSymbolExists.c: In function ‘main’:
/home/vitaliy/scand/build/CMakeFiles/CMakeScratch/TryCompile-K69pmd/CheckSymbolExists.c:8:11: warning: ISO C forbids conversion of function pointer to object pointer type [-Wpedantic]
    8 |   return ((int*)(&alarm))[argc];
      |           ^
Linking C executable cmTC_30516
/usr/bin/cmake -E cmake_link_script CMakeFiles/cmTC_30516.dir/link.txt --verbose=1
/usr/bin/cc  -Werror-implicit-function-declaration -W -Wall -pedantic -Wbad-function-cast -Wconversion -Wmissing-declarations -Wmissing-prototypes -Wnested-externs -Wno-long-long -Wno-multichar -Wpointer-arith -Wshadow -Wsign-compare -Wundef -Wunused -Wwrite-strings -Waddress -Wattributes -Wcast-align -Wcast-qual -Wdeclaration-after-statement -Wdiv-by-zero -Wempty-body -Wendif-labels -Wfloat-equal -Wformat-security -Wignored-qualifiers -Wmissing-field-initializers -Wmissing-noreturn -Wno-format-nonliteral -Wno-sign-conversion -Wno-system-headers -Wold-style-definition -Wredundant-decls -Wstrict-prototypes -Wtype-limits -Wunreachable-code -Wunused-parameter -Wvla -Wclobbered -Wmissing-parameter-type -Wold-style-declaration -Wpragmas -Wstrict-aliasing=3 -ftree-vrp -Wjump-misses-init -Wdouble-promotion -Wformat=2 -Wtrampolines -Warray-bounds=2 -Wduplicated-cond -Wnull-dereference -fdelete-null-pointer-checks -Wshift-negative-value -Wshift-overflow=2 -Wunused-const-variable -Walloc-zero -Wduplicated-branches -Wformat-truncation=2 -Wimplicit-fallthrough -Wrestrict -Warith-conversion -Wenum-conversion -D_GNU_SOURCE  CMakeFiles/cmTC_30516.dir/CheckSymbolExists.c.o -o cmTC_30516 
gmake[1]: выход из каталога «/home/vitaliy/scand/build/CMakeFiles/CMakeScratch/TryCompile-K69pmd»


File CheckSymbolExists.c:
/* */
#include <unistd.h>

int main(int argc, char** argv)
{
  (void)argv;
#ifndef alarm
  return ((int*)(&alarm))[argc];
#else
  (void)argc;
  return 0;
#endif
}
Determining if the fcntl exist passed with the following output:
Change Dir: /home/vitaliy/scand/build/CMakeFiles/CMakeScratch/TryCompile-fJvCnF

Run Build Command(s):/usr/bin/gmake -f Makefile cmTC_5e953/fast && /usr/bin/gmake  -f CMakeFiles/cmTC_5e953.dir/build.make CMakeFiles/cmTC_5e953.dir/build
gmake[1]: вход в каталог «/home/vitaliy/scand/build/CMakeFiles/CMakeScratch/TryCompile-fJvCnF»
Building C object CMakeFiles/cmTC_5e953.dir/CheckSymbolExists.c.o
/usr/bin/cc   -Werror-implicit-function-declaration -W -Wall -pedantic -Wbad-function-cast -Wconversion -Wmissing-declarations -Wmissing-prototypes -Wnested-externs -Wno-long-long -Wno-multichar -Wpointer-arith -Wshadow -Wsign-compare -Wundef -Wunused -Wwrite-strings -Waddress -Wattributes -Wcast-align -Wcast-qual -Wdeclaration-after-statement -Wdiv-by-zero -Wempty-body -Wendif-labels -Wfloat-equal -Wformat-security -Wignored-qualifiers -Wmissing-field-initializers -Wmissing-noreturn -Wno-format-nonliteral -Wno-sign-conversion -Wno-system-headers -Wold-style-definition -Wredundant-decls -Wstrict-prototypes -Wtype-limits -Wunreachable-code -Wunused-parameter -Wvla -Wclobbered -Wmissing-parameter-type -Wold-style-declaration -Wpragmas -Wstrict-aliasing=3 -ftree-vrp -Wjump-misses-init -Wdouble-promotion -Wformat=2 -Wtrampolines -Warray-bounds=2 -Wduplicated-cond -Wnull-dereference -fdelete-null-pointer-checks -Wshift-negative-value -Wshift-overflow=2 -Wunused-const-variable -Walloc-zero -Wduplicated-branches -Wformat-truncation=2 -Wimplicit-fallthrough -Wrestrict -Warith-conversion -Wenum-conversion -D_GNU_SOURCE  -o CMakeFiles/cmTC_5e953.dir/CheckSymbolExists.c.o -c /home/vitaliy/scand/build/CMakeFiles/CMakeScratch/TryCompile-fJvCnF/CheckSymbolExists.c
/home/vitaliy/scand/build/CMakeFiles/CMakeScratch/TryCompile-fJvCnF/CheckSymbolExists.c: In function ‘main’:
/home/vitaliy/scand/build/CMakeFiles/CMakeScratch/TryCompile-fJvCnF/CheckSymbolExists.c:8:11: warning: ISO C forbids conversion of function pointer to object pointer type [-Wpedantic]
    8 |   return ((int*)(&fcntl))[argc];
      |           ^
Linking C executable cmTC_5e953
/usr/bin/cmake -E cmake_link_script CMakeFiles/cmTC_5e953.dir/link.txt --verbose=1
/usr/bin/cc  -Werror-implicit-function-declaration -W -Wall -pedantic -Wbad-function-cast -Wconversion -Wmissing-declarations -Wmissing-prototypes -Wnested-externs -Wno-long-long -Wno-multichar -Wpointer-arith -Wshadow -Wsign-compare -Wundef -Wunused -Wwrite-strings -Waddress -Wattributes -Wcast-align -Wcast-qual -Wdeclaration-after-statement -Wdiv-by-zero -Wempty-body -Wendif-labels -Wfloat-equal -Wformat-security -Wignored-qualifiers -Wmissing-field-initializers -Wmissing-noreturn -Wno-format-nonliteral -Wno-sign-conversion -Wno-system-headers -Wold-style-definition -Wredundant-decls -Wstrict-prototypes -Wtype-limits -Wunreachable-code -Wunused-parameter -Wvla -Wclobbered -Wmissing-parameter-type -Wold-style-declaration -Wpragmas -Wstrict-aliasing=3 -ftree-vrp -Wjump-misses-init -Wdouble-promotion -Wformat=2 -Wtrampolines -Warray-bounds=2 -Wduplicated-cond -Wnull-dereference -fdelete-null-pointer-checks -Wshift-negative-value -Wshift-overflow=2 -Wunused-const-variable -Walloc-zero -Wduplicated-branches -Wformat-truncation=2 -Wimplicit-fallthrough -Wrestrict -Warith-conversion -Wenum-conversion -D_GNU_SOURCE  CMakeFiles/cmTC_5e953.dir/CheckSymbolExists.c.o -o cmTC_5e953 
gmake[1]: выход из каталога «/home/vitaliy/scand/build/CMakeFiles/CMakeScratch/TryCompile-fJvCnF»


File CheckSymbolExists.c:
/* */
#include <fcntl.h>

int main(int argc, char** argv)
{
  (void)argv;
#ifndef fcntl
  return ((int*)(&fcntl))[argc];
#else
  (void)argc;
  return 0;
#endif
}
Determining if the function getppid exists passed with the following output:
Change Dir: /home/vitaliy/scand/build/CMakeFiles/CMakeScratch/TryCompile-fXkspK

Run Build Command(s):/usr/bin/gmake -f Makefile cmTC_18b9a/fast && /usr/bin/gmake  -f CMakeFiles/cmTC_18b9a.dir/build.make CMakeFiles/cmTC_18b9a.dir/build
gmake[1]: вход в каталог «/home/vitaliy/scand/build/CMakeFiles/CMakeScratch/TryCompile-fXkspK»
Building C object CMakeFiles/cmTC_18b9a.dir/CheckFunctionExists.c.o
/usr/bin/cc   -Werror-implicit-function-declaration -W -Wall -pedantic -Wbad-function-cast -Wconversion -Wmissing-declarations -Wmissing-prototypes -Wnested-externs -Wno-long-long -Wno-multichar -Wpointer-arith -Wshadow -Wsign-compare -Wundef -Wunused -Wwrite-strings -Waddress -Wattributes -Wcast-align -Wcast-qual -Wdeclaration-after-statement -Wdiv-by-zero -Wempty-body -Wendif-labels -Wfloat-equal -Wformat-security -Wignored-qualifiers -Wmissing-field-initializers -Wmissing-noreturn -Wno-format-nonliteral -Wno-sign-conversion -Wno-system-headers -Wold-style-definition -Wredundant-decls -Wstrict-prototypes -Wtype-limits -Wunreachable-code -Wunused-parameter -Wvla -Wclobbered -Wmissing-parameter-type -Wold-style-declaration -Wpragmas -Wstrict-aliasing=3 -ftree-vrp -Wjump-misses-init -Wdouble-promotion -Wformat=2 -Wtrampolines -Warray-bounds=2 -Wduplicated-cond -Wnull-dereference -fdelete-null-pointer-checks -Wshift-negative-value -Wshift-overflow=2 -Wunused-const-variable -Walloc-zero -Wduplicated-branches -Wformat-truncation=2 -Wimplicit-fallthrough -Wrestrict -Warith-conversion -Wenum-conversion -D_GNU_SOURCE -DCHECK_FUNCTION_EXISTS=getppid -o CMakeFiles/cmTC_18b9a.dir/CheckFunctionExists.c.o -c /home/vitaliy/scand/build/CMakeFiles/CMakeScratch/TryCompile-fXkspK/CheckFunctionExists.c
Linking C executable cmTC_18b9a
/usr/bin/cmake -E cmake_link_script CMakeFiles/cmTC_18b9a.dir/link.txt --verbose=1
/usr/bin/cc  -Werror-implicit-function-declaration -W -Wall -pedantic -Wbad-function-cast -Wconversion -Wmissing-declarations -Wmissing-prototypes -Wnested-externs -Wno-long-long -Wno-multichar -Wpointer-arith -Wshadow -Wsign-compare -Wundef -Wunused -Wwrite-strings -Waddress -Wattributes -Wcast-align -Wcast-qual -Wdeclaration-after-statement -Wdiv-by-zero -Wempty-body -Wendif-labels -Wfloat-equal -Wformat-security -Wignored-qualifiers -Wmissing-field-initializers -Wmissing-noreturn -Wno-format-nonliteral -Wno-sign-conversion -Wno-system-headers -Wold-style-definition -Wredundant-decls -Wstrict-prototypes -Wtype-limits -Wunreachable-code -Wunused-parameter -Wvla -Wclobbered -Wmissing-parameter-type -Wold-style-declaration -Wpragmas -Wstrict-aliasing=3 -ftree-vrp -Wjump-misses-init -Wdouble-promotion -Wformat=2 -Wtrampolines -Warray-bounds=2 -Wduplicated-cond -Wnull-dereference -fdelete-null-pointer-checks -Wshift-negative-value -Wshift-overflow=2 -Wunused-const-variable -Walloc-zero -Wduplicated-branches -Wformat-truncation=2 -Wimplicit-fallthrough -Wrestrict -Warith-conversion -Wenum-conversion -D_GNU_SOURCE -DCHECK_FUNCTION_EXISTS=getppid CMakeFiles/cmTC_18b9a.dir/CheckFunctionExists.c.o -o cmTC_18b9a 
gmake[1]: выход из каталога «/home/vitaliy/scand/build/CMakeFiles/CMakeScratch/TryCompile-fXkspK»



Determining if the function utimes exists passed with the following output:
Change Dir: /home/vitaliy/scand/build/CMakeFiles/CMakeScratch/TryCompile-zsy1XJ

Run Build Command(s):/usr/bin/gmake -f Makefile cmTC_bef7f/fast && /usr/bin/gmake  -f CMakeFiles/cmTC_bef7f.dir/build.make CMakeFiles/cmTC_bef7f.dir/build
gmake[1]: вход в каталог «/home/vitaliy/scand/build/CMakeFiles/CMakeScratch/TryCompile-zsy1XJ»
Building C object CMakeFiles/cmTC_bef7f.dir/CheckFunctionExists.c.o
/usr/bin/cc   -Werror-implicit-function-declaration -W -Wall -pedantic -Wbad-function-cast -Wconversion -Wmissing-declarations -Wmissing-prototypes -Wnested-externs -Wno-long-long -Wno-multichar -Wpointer-arith -Wshadow -Wsign-compare -Wundef -Wunused -Wwrite-strings -Waddress -Wattributes -Wcast-align -Wcast-qual -Wdeclaration-after-statement -Wdiv-by-zero -Wempty-body -Wendif-labels -Wfloat-equal -Wformat-security -Wignored-qualifiers -Wmissing-field-initializers -Wmissing-noreturn -Wno-format-nonliteral -Wno-sign-conversion -Wno-system-headers -Wold-style-definition -Wredundant-decls -Wstrict-prototypes -Wtype-limits -Wunreachable-code -Wunused-parameter -Wvla -Wclobbered -Wmissing-parameter-type -Wold-style-declaration -Wpragmas -Wstrict-aliasing=3 -ftree-vrp -Wjump-misses-init -Wdouble-promotion -Wformat=2 -Wtrampolines -Warray-bounds=2 -Wduplicated-cond -Wnull-dereference -fdelete-null-pointer-checks -Wshift-negative-value -Wshift-overflow=2 -Wunused-const-variable -Walloc-zero -Wduplicated-branches -Wformat-truncation=2 -Wimplicit-fallthrough -Wrestrict -Warith-conversion -Wenum-conversion -D_GNU_SOURCE -DCHECK_FUNCTION_EXISTS=utimes -o CMakeFiles/cmTC_bef7f.dir/CheckFunctionExists.c.o -c /home/vitaliy/scand/build/CMakeFiles/CMakeScratch/TryCompile-zsy1XJ/CheckFunctionExists.c
Linking C executable cmTC_bef7f
/usr/bin/cmake -E cmake_link_script CMakeFiles/cmTC_bef7f.dir/link.txt --verbose=1
/usr/bin/cc  -Werror-implicit-function-declaration -W -Wall -pedantic -Wbad-function-cast -Wconversion -Wmissing-declarations -Wmissing-prototypes -Wnested-externs -Wno-long-long -Wno-multichar -Wpointer-arith -Wshadow -Wsign-compare -Wundef -Wunused -Wwrite-strings -Waddress -Wattributes -Wcast-align -Wcast-qual -Wdeclaration-after-statement -Wdiv-by-zero -Wempty-body -Wendif-labels -Wfloat-equal -Wformat-security -Wignored-qualifiers -Wmissing-field-initializers -Wmissing-noreturn -Wno-format-nonliteral -Wno-sign-conversion -Wno-system-headers -Wold-style-definition -Wredundant-decls -Wstrict-prototypes -Wtype-limits -Wunreachable-code -Wunused-parameter -Wvla -Wclobbered -Wmissing-parameter-type -Wold-style-declaration -Wpragmas -Wstrict-aliasing=3 -ftree-vrp -Wjump-misses-init -Wdouble-promotion -Wformat=2 -Wtrampolines -Warray-bounds=2 -Wduplicated-cond -Wnull-dereference -fdelete-null-pointer-checks -Wshift-negative-value -Wshift-overflow=2 -Wunused-const-variable -Walloc-zero -Wduplicated-branches -Wformat-truncation=2 -Wimplicit-fallthrough -Wrestrict -Warith-conversion -Wenum-conversion -D_GNU_SOURCE -DCHECK_FUNCTION_EXISTS=utimes CMakeFiles/cmTC_bef7f.dir/CheckFunctionExists.c.o -o cmTC_bef7f 
gmake[1]: выход из каталога «/home/vitaliy/scand/build/CMakeFiles/CMakeScratch/TryCompile-zsy1XJ»



Determining if the function gettimeofday exists passed with the following output:
Change Dir: /home/vitaliy/scand/build/CMakeFiles/CMakeScratch/TryCompile-7Vo42T

Run Build Command(s):/usr/bin/gmake -f Makefile cmTC_1a8b3/fast && /usr/bin/gmake  -f CMakeFiles/cmTC_1a8b3.dir/build.make CMakeFiles/cmTC_1a8b3.dir/build
gmake[1]: вход в каталог «/home/vitaliy/scand/build/CMakeFiles/CMakeScratch/TryCompile-7Vo42T»
Building C object CMakeFiles/cmTC_1a8b3.dir/CheckFunctionExists.c.o
/usr/bin/cc   -Werror-implicit-function-declaration -W -Wall -pedantic -Wbad-function-cast -Wconversion -Wmissing-declarations -Wmissing-prototypes -Wnested-externs -Wno-long-long -Wno-multichar -Wpointer-arith -Wshadow -Wsign-compare -Wundef -Wunused -Wwrite-strings -Waddress -Wattributes -Wcast-align -Wcast-qual -Wdeclaration-after-statement -Wdiv-by-zero -Wempty-body -Wendif-labels -Wfloat-equal -Wformat-security -Wignored-qualifiers -Wmissing-field-initializers -Wmissing-noreturn -Wno-format-nonliteral -Wno-sign-conversion -Wno-system-headers -Wold-style-definition -Wredundant-decls -Wstrict-prototypes -Wtype-limits -Wunreachable-code -Wunused-parameter -Wvla -Wclobbered -Wmissing-parameter-type -Wold-style-declaration -Wpragmas -Wstrict-aliasing=3 -ftree-vrp -Wjump-misses-init -Wdouble-promotion -Wformat=2 -Wtrampolines -Warray-bounds=2 -Wduplicated-cond -Wnull-dereference -fdelete-null-pointer-checks -Wshift-negative-value -Wshift-overflow=2 -Wunused-const-variable -Walloc-zero -Wduplicated-branches -Wformat-truncation=2 -Wimplicit-fallthrough -Wrestrict -Warith-conversion -Wenum-conversion -D_GNU_SOURCE -DCHECK_FUNCTION_EXISTS=gettimeofday -o CMakeFiles/cmTC_1a8b3.dir/CheckFunctionExists.c.o -c /home/vitaliy/scand/build/CMakeFiles/CMakeScratch/TryCompile-7Vo42T/CheckFunctionExists.c
Linking C executable cmTC_1a8b3
/usr/bin/cmake -E cmake_link_script CMakeFiles/cmTC_1a8b3.dir/link.txt --verbose=1
/usr/bin/cc  -Werror-implicit-function-declaration -W -Wall -pedantic -Wbad-function-cast -Wconversion -Wmissing-declarations -Wmissing-prototypes -Wnested-externs -Wno-long-long -Wno-multichar -Wpointer-arith -Wshadow -Wsign-compare -Wundef -Wunused -Wwrite-strings -Waddress -Wattributes -Wcast-align -Wcast-qual -Wdeclaration-after-statement -Wdiv-by-zero -Wempty-body -Wendif-labels -Wfloat-equal -Wformat-security -Wignored-qualifiers -Wmissing-field-initializers -Wmissing-noreturn -Wno-format-nonliteral -Wno-sign-conversion -Wno-system-headers -Wold-style-definition -Wredundant-decls -Wstrict-prototypes -Wtype-limits -Wunreachable-code -Wunused-parameter -Wvla -Wclobbered -Wmissing-parameter-type -Wold-style-declaration -Wpragmas -Wstrict-aliasing=3 -ftree-vrp -Wjump-misses-init -Wdouble-promotion -Wformat=2 -Wtrampolines -Warray-bounds=2 -Wduplicated-cond -Wnull-dereference -fdelete-null-pointer-checks -Wshift-negative-value -Wshift-overflow=2 -Wunused-const-variable -Walloc-zero -Wduplicated-branches -Wformat-truncation=2 -Wimplicit-fallthrough -Wrestrict -Warith-conversion -Wenum-conversion -D_GNU_SOURCE -DCHECK_FUNCTION_EXISTS=gettimeofday CMakeFiles/cmTC_1a8b3.dir/CheckFunctionExists.c.o -o cmTC_1a8b3 
gmake[1]: выход из каталога «/home/vitaliy/scand/build/CMakeFiles/CMakeScratch/TryCompile-7Vo42T»



Determining if the sigsetjmp exist passed with the following output:
Change Dir: /home/vitaliy/scand/build/CMakeFiles/CMakeScratch/TryCompile-O8xyrj

Run Build Command(s):/usr/bin/gmake -f Makefile cmTC_6b336/fast && /usr/bin/gmake  -f CMakeFiles/cmTC_6b336.dir/build.make CMakeFiles/cmTC_6b336.dir/build
gmake[1]: вход в каталог «/home/vitaliy/scand/build/CMakeFiles/CMakeScratch/TryCompile-O8xyrj»
Building C object CMakeFiles/cmTC_6b336.dir/CheckSymbolExists.c.o
/usr/bin/cc   -Werror-implicit-function-declaration -W -Wall -pedantic -Wbad-function-cast -Wconversion -Wmissing-declarations -Wmissing-prototypes -Wnested-externs -Wno-long-long -Wno-multichar -Wpointer-arith -Wshadow -Wsign-compare -Wundef -Wunused -Wwrite-strings -Waddress -Wattributes -Wcast-align -Wcast-qual -Wdeclaration-after-statement -Wdiv-by-zero -Wempty-body -Wendif-labels -Wfloat-equal -Wformat-security -Wignored-qualifiers -Wmissing-field-initializers -Wmissing-noreturn -Wno-format-nonliteral -Wno-sign-conversion -Wno-system-headers -Wold-style-definition -Wredundant-decls -Wstrict-prototypes -Wtype-limits -Wunreachable-code -Wunused-parameter -Wvla -Wclobbered -Wmissing-parameter-type -Wold-style-declaration -Wpragmas -Wstrict-aliasing=3 -ftree-vrp -Wjump-misses-init -Wdouble-promotion -Wformat=2 -Wtrampolines -Warray-bounds=2 -Wduplicated-cond -Wnull-dereference -fdelete-null-pointer-checks -Wshift-negative-value -Wshift-overflow=2 -Wunused-const-variable -Walloc-zero -Wduplicated-branches -Wformat-truncation=2 -Wimplicit-fallthrough -Wrestrict -Warith-conversion -Wenum-conversion -D_GNU_SOURCE  -o CMakeFiles/cmTC_6b336.dir/CheckSymbolExists.c.o -c /home/vitaliy/scand/build/CMakeFiles/CMakeScratch/TryCompile-O8xyrj/CheckSymbolExists.c
Linking C executable cmTC_6b336
/usr/bin/cmake -E cmake_link_script CMakeFiles/cmTC_6b336.dir/link.txt --verbose=1
/usr/bin/cc  -Werror-implicit-function-declaration -W -Wall -pedantic -Wbad-function-cast -Wconversion -Wmissing-declarations -Wmissing-prototypes -Wnested-externs -Wno-long-long -Wno-multichar -Wpointer-arith -Wshadow -Wsign-compare -Wundef -Wunused -Wwrite-strings -Waddress -Wattributes -Wcast-align -Wcast-qual -Wdeclaration-after-statement -Wdiv-by-zero -Wempty-body -Wendif-labels -Wfloat-equal -Wformat-security -Wignored-qualifiers -Wmissing-field-initializers -Wmissing-noreturn -Wno-format-nonliteral -Wno-sign-conversion -Wno-system-headers -Wold-style-definition -Wredundant-decls -Wstrict-prototypes -Wtype-limits -Wunreachable-code -Wunused-parameter -Wvla -Wclobbered -Wmissing-parameter-type -Wold-style-declaration -Wpragmas -Wstrict-aliasing=3 -ftree-vrp -Wjump-misses-init -Wdouble-promotion -Wformat=2 -Wtrampolines -Warray-bounds=2 -Wduplicated-cond -Wnull-dereference -fdelete-null-pointer-checks -Wshift-negative-value -Wshift-overflow=2 -Wunused-const-variable -Walloc-zero -Wduplicated-branches -Wformat-truncation=2 -Wimplicit-fallthrough -Wrestrict -Warith-conversion -Wenum-conversion -D_GNU_SOURCE  CMakeFiles/cmTC_6b336.dir/CheckSymbolExists.c.o -o cmTC_6b336 
gmake[1]: выход из каталога «/home/vitaliy/scand/build/CMakeFiles/CMakeScratch/TryCompile-O8xyrj»


File CheckSymbolExists.c:
/* */
#include <setjmp.h>

int main(int argc, char** argv)
{
  (void)argv;
#ifndef sigsetjmp
  return ((int*)(&sigsetjmp))[argc];
#else
  (void)argc;
  return 0;
#endif
}
Determining if the function getpwuid exists passed with the following output:
Change Dir: /home/vitaliy/scand/build/CMakeFiles/CMakeScratch/TryCompile-E6DfdB

Run Build Command(s):/usr/bin/gmake -f Makefile cmTC_73c39/fast && /usr/bin/gmake  -f CMakeFiles/cmTC_73c39.dir/build.make CMakeFiles/cmTC_73c39.dir/build
gmake[1]: вход в каталог «/home/vitaliy/scand/build/CMakeFiles/CMakeScratch/TryCompile-E6DfdB»
Building C object CMakeFiles/cmTC_73c39.dir/CheckFunctionExists.c.o
/usr/bin/cc   -Werror-implicit-function-declaration -W -Wall -pedantic -Wbad-function-cast -Wconversion -Wmissing-declarations -Wmissing-prototypes -Wnested-externs -Wno-long-long -Wno-multichar -Wpointer-arith -Wshadow -Wsign-compare -Wundef -Wunused -Wwrite-strings -Waddress -Wattributes -Wcast-align -Wcast-qual -Wdeclaration-after-statement -Wdiv-by-zero -Wempty-body -Wendif-labels -Wfloat-equal -Wformat-security -Wignored-qualifiers -Wmissing-field-initializers -Wmissing-noreturn -Wno-format-nonliteral -Wno-sign-conversion -Wno-system-headers -Wold-style-definition -Wredundant-decls -Wstrict-prototypes -Wtype-limits -Wunreachable-code -Wunused-parameter -Wvla -Wclobbered -Wmissing-parameter-type -Wold-style-declaration -Wpragmas -Wstrict-aliasing=3 -ftree-vrp -Wjump-misses-init -Wdouble-promotion -Wformat=2 -Wtrampolines -Warray-bounds=2 -Wduplicated-cond -Wnull-dereference -fdelete-null-pointer-checks -Wshift-negative-value -Wshift-overflow=2 -Wunused-const-variable -Walloc-zero -Wduplicated-branches -Wformat-truncation=2 -Wimplicit-fallthrough -Wrestrict -Warith-conversion -Wenum-conversion -D_GNU_SOURCE -DCHECK_FUNCTION_EXISTS=getpwuid -o CMakeFiles/cmTC_73c39.dir/CheckFunctionExists.c.o -c /home/vitaliy/scand/build/CMakeFiles/CMakeScratch/TryCompile-E6DfdB/CheckFunctionExists.c
Linking C executable cmTC_73c39
/usr/bin/cmake -E cmake_link_script CMakeFiles/cmTC_73c39.dir/link.txt --verbose=1
/usr/bin/cc  -Werror-implicit-function-declaration -W -Wall -pedantic -Wbad-function-cast -Wconversion -Wmissing-declarations -Wmissing-prototypes -Wnested-externs -Wno-long-long -Wno-multichar -Wpointer-arith -Wshadow -Wsign-compare -Wundef -Wunused -Wwrite-strings -Waddress -Wattributes -Wcast-align -Wcast-qual -Wdeclaration-after-statement -Wdiv-by-zero -Wempty-body -Wendif-labels -Wfloat-equal -Wformat-security -Wignored-qualifiers -Wmissing-field-initializers -Wmissing-noreturn -Wno-format-nonliteral -Wno-sign-conversion -Wno-system-headers -Wold-style-definition -Wredundant-decls -Wstrict-prototypes -Wtype-limits -Wunreachable-code -Wunused-parameter -Wvla -Wclobbered -Wmissing-parameter-type -Wold-style-declaration -Wpragmas -Wstrict-aliasing=3 -ftree-vrp -Wjump-misses-init -Wdouble-promotion -Wformat=2 -Wtrampolines -Warray-bounds=2 -Wduplicated-cond -Wnull-dereference -fdelete-null-pointer-checks -Wshift-negative-value -Wshift-overflow=2 -Wunused-const-variable -Walloc-zero -Wduplicated-branches -Wformat-truncation=2 -Wimplicit-fallthrough -Wrestrict -Warith-conversion -Wenum-conversion -D_GNU_SOURCE -DCHECK_FUNCTION_EXISTS=getpwuid CMakeFiles/cmTC_73c39.dir/CheckFunctionExists.c.o -o cmTC_73c39 
gmake[1]: выход из каталога «/home/vitaliy/scand/build/CMakeFiles/CMakeScratch/TryCompile-E6DfdB»



Determining if the function getpwuid_r exists passed with the following output:
Change Dir: /home/vitaliy/scand/build/CMakeFiles/CMakeScratch/TryCompile-S4XiKF

Run Build Command(s):/usr/bin/gmake -f Makefile cmTC_480b1/fast && /usr/bin/gmake  -f CMakeFiles/cmTC_480b1.dir/build.make CMakeFiles/cmTC_480b1.dir/build
gmake[1]: вход в каталог «/home/vitaliy/scand/build/CMakeFiles/CMakeScratch/TryCompile-S4XiKF»
Building C object CMakeFiles/cmTC_480b1.dir/CheckFunctionExists.c.o
/usr/bin/cc   -Werror-implicit-function-declaration -W -Wall -pedantic -Wbad-function-cast -Wconversion -Wmissing-declarations -Wmissing-prototypes -Wnested-externs -Wno-long-long -Wno-multichar -Wpointer-arith -Wshadow -Wsign-compare -Wundef -Wunused -Wwrite-strings -Waddress -Wattributes -Wcast-align -Wcast-qual -Wdeclaration-after-statement -Wdiv-by-zero -Wempty-body -Wendif-labels -Wfloat-equal -Wformat-security -Wignored-qualifiers -Wmissing-field-initializers -Wmissing-noreturn -Wno-format-nonliteral -Wno-sign-conversion -Wno-system-headers -Wold-style-definition -Wredundant-decls -Wstrict-prototypes -Wtype-limits -Wunreachable-code -Wunused-parameter -Wvla -Wclobbered -Wmissing-parameter-type -Wold-style-declaration -Wpragmas -Wstrict-aliasing=3 -ftree-vrp -Wjump-misses-init -Wdouble-promotion -Wformat=2 -Wtrampolines -Warray-bounds=2 -Wduplicated-cond -Wnull-dereference -fdelete-null-pointer-checks -Wshift-negative-value -Wshift-overflow=2 -Wunused-const-variable -Walloc-zero -Wduplicated-branches -Wformat-truncation=2 -Wimplicit-fallthrough -Wrestrict -Warith-conversion -Wenum-conversion -D_GNU_SOURCE -DCHECK_FUNCTION_EXISTS=getpwuid_r -o CMakeFiles/cmTC_480b1.dir/CheckFunctionExists.c.o -c /home/vitaliy/scand/build/CMakeFiles/CMakeScratch/TryCompile-S4XiKF/CheckFunctionExists.c
Linking C executable cmTC_480b1
/usr/bin/cmake -E cmake_link_script CMakeFiles/cmTC_480b1.dir/link.txt --verbose=1
/usr/bin/cc  -Werror-implicit-function-declaration -W -Wall -pedantic -Wbad-function-cast -Wconversion -Wmissing-declarations -Wmissing-prototypes -Wnested-externs -Wno-long-long -Wno-multichar -Wpointer-arith -Wshadow -Wsign-compare -Wundef -Wunused -Wwrite-strings -Waddress -Wattributes -Wcast-align -Wcast-qual -Wdeclaration-after-statement -Wdiv-by-zero -Wempty-body -Wendif-labels -Wfloat-equal -Wformat-security -Wignored-qualifiers -Wmissing-field-initializers -Wmissing-noreturn -Wno-format-nonliteral -Wno-sign-conversion -Wno-system-headers -Wold-style-definition -Wredundant-decls -Wstrict-prototypes -Wtype-limits -Wunreachable-code -Wunused-parameter -Wvla -Wclobbered -Wmissing-parameter-type -Wold-style-declaration -Wpragmas -Wstrict-aliasing=3 -ftree-vrp -Wjump-misses-init -Wdouble-promotion -Wformat=2 -Wtrampolines -Warray-bounds=2 -Wduplicated-cond -Wnull-dereference -fdelete-null-pointer-checks -Wshift-negative-value -Wshift-overflow=2 -Wunused-const-variable -Walloc-zero -Wduplicated-branches -Wformat-truncation=2 -Wimplicit-fallthrough -Wrestrict -Warith-conversion -Wenum-conversion -D_GNU_SOURCE -DCHECK_FUNCTION_EXISTS=getpwuid_r CMakeFiles/cmTC_480b1.dir/CheckFunctionExists.c.o -o cmTC_480b1 
gmake[1]: выход из каталога «/home/vitaliy/scand/build/CMakeFiles/CMakeScratch/TryCompile-S4XiKF»



Determining if the function geteuid exists passed with the following output:
Change Dir: /home/vitaliy/scand/build/CMakeFiles/CMakeScratch/TryCompile-9JC0wz

Run Build Command(s):/usr/bin/gmake -f Makefile cmTC_fc9df/fast && /usr/bin/gmake  -f CMakeFiles/cmTC_fc9df.dir/build.make CMakeFiles/cmTC_fc9df.dir/build
gmake[1]: вход в каталог «/home/vitaliy/scand/build/CMakeFiles/CMakeScratch/TryCompile-9JC0wz»
Building C object CMakeFiles/cmTC_fc9df.dir/CheckFunctionExists.c.o
/usr/bin/cc   -Werror-implicit-function-declaration -W -Wall -pedantic -Wbad-function-cast -Wconversion -Wmissing-declarations -Wmissing-prototypes -Wnested-externs -Wno-long-long -Wno-multichar -Wpointer-arith -Wshadow -Wsign-compare -Wundef -Wunused -Wwrite-strings -Waddress -Wattributes -Wcast-align -Wcast-qual -Wdeclaration-after-statement -Wdiv-by-zero -Wempty-body -Wendif-labels -Wfloat-equal -Wformat-security -Wignored-qualifiers -Wmissing-field-initializers -Wmissing-noreturn -Wno-format-nonliteral -Wno-sign-conversion -Wno-system-headers -Wold-style-definition -Wredundant-decls -Wstrict-prototypes -Wtype-limits -Wunreachable-code -Wunused-parameter -Wvla -Wclobbered -Wmissing-parameter-type -Wold-style-declaration -Wpragmas -Wstrict-aliasing=3 -ftree-vrp -Wjump-misses-init -Wdouble-promotion -Wformat=2 -Wtrampolines -Warray-bounds=2 -Wduplicated-cond -Wnull-dereference -fdelete-null-pointer-checks -Wshift-negative-value -Wshift-overflow=2 -Wunused-const-variable -Walloc-zero -Wduplicated-branches -Wformat-truncation=2 -Wimplicit-fallthrough -Wrestrict -Warith-conversion -Wenum-conversion -D_GNU_SOURCE -DCHECK_FUNCTION_EXISTS=geteuid -o CMakeFiles/cmTC_fc9df.dir/CheckFunctionExists.c.o -c /home/vitaliy/scand/build/CMakeFiles/CMakeScratch/TryCompile-9JC0wz/CheckFunctionExists.c
Linking C executable cmTC_fc9df
/usr/bin/cmake -E cmake_link_script CMakeFiles/cmTC_fc9df.dir/link.txt --verbose=1
/usr/bin/cc  -Werror-implicit-function-declaration -W -Wall -pedantic -Wbad-function-cast -Wconversion -Wmissing-declarations -Wmissing-prototypes -Wnested-externs -Wno-long-long -Wno-multichar -Wpointer-arith -Wshadow -Wsign-compare -Wundef -Wunused -Wwrite-strings -Waddress -Wattributes -Wcast-align -Wcast-qual -Wdeclaration-after-statement -Wdiv-by-zero -Wempty-body -Wendif-labels -Wfloat-equal -Wformat-security -Wignored-qualifiers -Wmissing-field-initializers -Wmissing-noreturn -Wno-format-nonliteral -Wno-sign-conversion -Wno-system-headers -Wold-style-definition -Wredundant-decls -Wstrict-prototypes -Wtype-limits -Wunreachable-code -Wunused-parameter -Wvla -Wclobbered -Wmissing-parameter-type -Wold-style-declaration -Wpragmas -Wstrict-aliasing=3 -ftree-vrp -Wjump-misses-init -Wdouble-promotion -Wformat=2 -Wtrampolines -Warray-bounds=2 -Wduplicated-cond -Wnull-dereference -fdelete-null-pointer-checks -Wshift-negative-value -Wshift-overflow=2 -Wunused-const-variable -Walloc-zero -Wduplicated-branches -Wformat-truncation=2 -Wimplicit-fallthrough -Wrestrict -Warith-conversion -Wenum-conversion -D_GNU_SOURCE -DCHECK_FUNCTION_EXISTS=geteuid CMakeFiles/cmTC_fc9df.dir/CheckFunctionExists.c.o -o cmTC_fc9df 
gmake[1]: выход из каталога «/home/vitaliy/scand/build/CMakeFiles/CMakeScratch/TryCompile-9JC0wz»



Determining if the function utime exists passed with the following output:
Change Dir: /home/vitaliy/scand/build/CMakeFiles/CMakeScratch/TryCompile-nsz83E

Run Build Command(s):/usr/bin/gmake -f Makefile cmTC_8ab65/fast && /usr/bin/gmake  -f CMakeFiles/cmTC_8ab65.dir/build.make CMakeFiles/cmTC_8ab65.dir/build
gmake[1]: вход в каталог «/home/vitaliy/scand/build/CMakeFiles/CMakeScratch/TryCompile-nsz83E»
Building C object CMakeFiles/cmTC_8ab65.dir/CheckFunctionExists.c.o
/usr/bin/cc   -Werror-implicit-function-declaration -W -Wall -pedantic -Wbad-function-cast -Wconversion -Wmissing-declarations -Wmissing-prototypes -Wnested-externs -Wno-long-long -Wno-multichar -Wpointer-arith -Wshadow -Wsign-compare -Wundef -Wunused -Wwrite-strings -Waddress -Wattributes -Wcast-align -Wcast-qual -Wdeclaration-after-statement -Wdiv-by-zero -Wempty-body -Wendif-labels -Wfloat-equal -Wformat-security -Wignored-qualifiers -Wmissing-field-initializers -Wmissing-noreturn -Wno-format-nonliteral -Wno-sign-conversion -Wno-system-headers -Wold-style-definition -Wredundant-decls -Wstrict-prototypes -Wtype-limits -Wunreachable-code -Wunused-parameter -Wvla -Wclobbered -Wmissing-parameter-type -Wold-style-declaration -Wpragmas -Wstrict-aliasing=3 -ftree-vrp -Wjump-misses-init -Wdouble-promotion -Wformat=2 -Wtrampolines -Warray-bounds=2 -Wduplicated-cond -Wnull-dereference -fdelete-null-pointer-checks -Wshift-negative-value -Wshift-overflow=2 -Wunused-const-variable -Walloc-zero -Wduplicated-branches -Wformat-truncation=2 -Wimplicit-fallthrough -Wrestrict -Warith-conversion -Wenum-conversion -D_GNU_SOURCE -DCHECK_FUNCTION_EXISTS=utime -o CMakeFiles/cmTC_8ab65.dir/CheckFunctionExists.c.o -c /home/vitaliy/scand/build/CMakeFiles/CMakeScratch/TryCompile-nsz83E/CheckFunctionExists.c
Linking C executable cmTC_8ab65
/usr/bin/cmake -E cmake_link_script CMakeFiles/cmTC_8ab65.dir/link.txt --verbose=1
/usr/bin/cc  -Werror-implicit-function-declaration -W -Wall -pedantic -Wbad-function-cast -Wconversion -Wmissing-declarations -Wmissing-prototypes -Wnested-externs -Wno-long-long -Wno-multichar -Wpointer-arith -Wshadow -Wsign-compare -Wundef -Wunused -Wwrite-strings -Waddress -Wattributes -Wcast-align -Wcast-qual -Wdeclaration-after-statement -Wdiv-by-zero -Wempty-body -Wendif-labels -Wfloat-equal -Wformat-security -Wignored-qualifiers -Wmissing-field-initializers -Wmissing-noreturn -Wno-format-nonliteral -Wno-sign-conversion -Wno-system-headers -Wold-style-definition -Wredundant-decls -Wstrict-prototypes -Wtype-limits -Wunreachable-code -Wunused-parameter -Wvla -Wclobbered -Wmissing-parameter-type -Wold-style-declaration -Wpragmas -Wstrict-aliasing=3 -ftree-vrp -Wjump-misses-init -Wdouble-promotion -Wformat=2 -Wtrampolines -Warray-bounds=2 -Wduplicated-cond -Wnull-dereference -fdelete-null-pointer-checks -Wshift-negative-value -Wshift-overflow=2 -Wunused-const-variable -Walloc-zero -Wduplicated-branches -Wformat-truncation=2 -Wimplicit-fallthrough -Wrestrict -Warith-conversion -Wenum-conversion -D_GNU_SOURCE -DCHECK_FUNCTION_EXISTS=utime CMakeFiles/cmTC_8ab65.dir/CheckFunctionExists.c.o -o cmTC_8ab65 
gmake[1]: выход из каталога «/home/vitaliy/scand/build/CMakeFiles/CMakeScratch/TryCompile-nsz83E»



Determining if the gmtime_r exist passed with the following output:
Change Dir: /home/vitaliy/scand/build/CMakeFiles/CMakeScratch/TryCompile-5qKBNz

Run Build Command(s):/usr/bin/gmake -f Makefile cmTC_e78d4/fast && /usr/bin/gmake  -f CMakeFiles/cmTC_e78d4.dir/build.make CMakeFiles/cmTC_e78d4.dir/build
gmake[1]: вход в каталог «/home/vitaliy/scand/build/CMakeFiles/CMakeScratch/TryCompile-5qKBNz»
Building C object CMakeFiles/cmTC_e78d4.dir/CheckSymbolExists.c.o
/usr/bin/cc   -Werror-implicit-function-declaration -W -Wall -pedantic -Wbad-function-cast -Wconversion -Wmissing-declarations -Wmissing-prototypes -Wnested-externs -Wno-long-long -Wno-multichar -Wpointer-arith -Wshadow -Wsign-compare -Wundef -Wunused -Wwrite-strings -Waddress -Wattributes -Wcast-align -Wcast-qual -Wdeclaration-after-statement -Wdiv-by-zero -Wempty-body -Wendif-labels -Wfloat-equal -Wformat-security -Wignored-qualifiers -Wmissing-field-initializers -Wmissing-noreturn -Wno-format-nonliteral -Wno-sign-conversion -Wno-system-headers -Wold-style-definition -Wredundant-decls -Wstrict-prototypes -Wtype-limits -Wunreachable-code -Wunused-parameter -Wvla -Wclobbered -Wmissing-parameter-type -Wold-style-declaration -Wpragmas -Wstrict-aliasing=3 -ftree-vrp -Wjump-misses-init -Wdouble-promotion -Wformat=2 -Wtrampolines -Warray-bounds=2 -Wduplicated-cond -Wnull-dereference -fdelete-null-pointer-checks -Wshift-negative-value -Wshift-overflow=2 -Wunused-const-variable -Walloc-zero -Wduplicated-branches -Wformat-truncation=2 -Wimplicit-fallthrough -Wrestrict -Warith-conversion -Wenum-conversion -D_GNU_SOURCE  -o CMakeFiles/cmTC_e78d4.dir/CheckSymbolExists.c.o -c /home/vitaliy/scand/build/CMakeFiles/CMakeScratch/TryCompile-5qKBNz/CheckSymbolExists.c
/home/vitaliy/scand/build/CMakeFiles/CMakeScratch/TryCompile-5qKBNz/CheckSymbolExists.c: In function ‘main’:
/home/vitaliy/scand/build/CMakeFiles/CMakeScratch/TryCompile-5qKBNz/CheckSymbolExists.c:9:11: warning: ISO C forbids conversion of function pointer to object pointer type [-Wpedantic]
    9 |   return ((int*)(&gmtime_r))[argc];
      |           ^
Linking C executable cmTC_e78d4
/usr/bin/cmake -E cmake_link_script CMakeFiles/cmTC_e78d4.dir/link.txt --verbose=1
/usr/bin/cc  -Werror-implicit-function-declaration -W -Wall -pedantic -Wbad-function-cast -Wconversion -Wmissing-declarations -Wmissing-prototypes -Wnested-externs -Wno-long-long -Wno-multichar -Wpointer-arith -Wshadow -Wsign-compare -Wundef -Wunused -Wwrite-strings -Waddress -Wattributes -Wcast-align -Wcast-qual -Wdeclaration-after-statement -Wdiv-by-zero -Wempty-body -Wendif-labels -Wfloat-equal -Wformat-security -Wignored-qualifiers -Wmissing-field-initializers -Wmissing-noreturn -Wno-format-nonliteral -Wno-sign-conversion -Wno-system-headers -Wold-style-definition -Wredundant-decls -Wstrict-prototypes -Wtype-limits -Wunreachable-code -Wunused-parameter -Wvla -Wclobbered -Wmissing-parameter-type -Wold-style-declaration -Wpragmas -Wstrict-aliasing=3 -ftree-vrp -Wjump-misses-init -Wdouble-promotion -Wformat=2 -Wtrampolines -Warray-bounds=2 -Wduplicated-cond -Wnull-dereference -fdelete-null-pointer-checks -Wshift-negative-value -Wshift-overflow=2 -Wunused-const-variable -Walloc-zero -Wduplicated-branches -Wformat-truncation=2 -Wimplicit-fallthrough -Wrestrict -Warith-conversion -Wenum-conversion -D_GNU_SOURCE  CMakeFiles/cmTC_e78d4.dir/CheckSymbolExists.c.o -o cmTC_e78d4 
gmake[1]: выход из каталога «/home/vitaliy/scand/build/CMakeFiles/CMakeScratch/TryCompile-5qKBNz»


File CheckSymbolExists.c:
/* */
#include <stdlib.h>
#include <time.h>

int main(int argc, char** argv)
{
  (void)argv;
#ifndef gmtime_r
  return ((int*)(&gmtime_r))[argc];
#else
  (void)argc;
  return 0;
#endif
}
Determining if the gethostbyname_r exist passed with the following output:
Change Dir: /home/vitaliy/scand/build/CMakeFiles/CMakeScratch/TryCompile-cgVCf9

Run Build Command(s):/usr/bin/gmake -f Makefile cmTC_b66b7/fast && /usr/bin/gmake  -f CMakeFiles/cmTC_b66b7.dir/build.make CMakeFiles/cmTC_b66b7.dir/build
gmake[1]: вход в каталог «/home/vitaliy/scand/build/CMakeFiles/CMakeScratch/TryCompile-cgVCf9»
Building C object CMakeFiles/cmTC_b66b7.dir/CheckSymbolExists.c.o
/usr/bin/cc   -Werror-implicit-function-declaration -W -Wall -pedantic -Wbad-function-cast -Wconversion -Wmissing-declarations -Wmissing-prototypes -Wnested-externs -Wno-long-long -Wno-multichar -Wpointer-arith -Wshadow -Wsign-compare -Wundef -Wunused -Wwrite-strings -Waddress -Wattributes -Wcast-align -Wcast-qual -Wdeclaration-after-statement -Wdiv-by-zero -Wempty-body -Wendif-labels -Wfloat-equal -Wformat-security -Wignored-qualifiers -Wmissing-field-initializers -Wmissing-noreturn -Wno-format-nonliteral -Wno-sign-conversion -Wno-system-headers -Wold-style-definition -Wredundant-decls -Wstrict-prototypes -Wtype-limits -Wunreachable-code -Wunused-parameter -Wvla -Wclobbered -Wmissing-parameter-type -Wold-style-declaration -Wpragmas -Wstrict-aliasing=3 -ftree-vrp -Wjump-misses-init -Wdouble-promotion -Wformat=2 -Wtrampolines -Warray-bounds=2 -Wduplicated-cond -Wnull-dereference -fdelete-null-pointer-checks -Wshift-negative-value -Wshift-overflow=2 -Wunused-const-variable -Walloc-zero -Wduplicated-branches -Wformat-truncation=2 -Wimplicit-fallthrough -Wrestrict -Warith-conversion -Wenum-conversion -D_GNU_SOURCE  -o CMakeFiles/cmTC_b66b7.dir/CheckSymbolExists.c.o -c /home/vitaliy/scand/build/CMakeFiles/CMakeScratch/TryCompile-cgVCf9/CheckSymbolExists.c
/home/vitaliy/scand/build/CMakeFiles/CMakeScratch/TryCompile-cgVCf9/CheckSymbolExists.c: In function ‘main’:
/home/vitaliy/scand/build/CMakeFiles/CMakeScratch/TryCompile-cgVCf9/CheckSymbolExists.c:8:11: warning: ISO C forbids conversion of function pointer to object pointer type [-Wpedantic]
    8 |   return ((int*)(&gethostbyname_r))[argc];
      |           ^
Linking C executable cmTC_b66b7
/usr/bin/cmake -E cmake_link_script CMakeFiles/cmTC_b66b7.dir/link.txt --verbose=1
/usr/bin/cc  -Werror-implicit-function-declaration -W -Wall -pedantic -Wbad-function-cast -Wconversion -Wmissing-declarations -Wmissing-prototypes -Wnested-externs -Wno-long-long -Wno-multichar -Wpointer-arith -Wshadow -Wsign-compare -Wundef -Wunused -Wwrite-strings -Waddress -Wattributes -Wcast-align -Wcast-qual -Wdeclaration-after-statement -Wdiv-by-zero -Wempty-body -Wendif-labels -Wfloat-equal -Wformat-security -Wignored-qualifiers -Wmissing-field-initializers -Wmissing-noreturn -Wno-format-nonliteral -Wno-sign-conversion -Wno-system-headers -Wold-style-definition -Wredundant-decls -Wstrict-prototypes -Wtype-limits -Wunreachable-code -Wunused-parameter -Wvla -Wclobbered -Wmissing-parameter-type -Wold-style-declaration -Wpragmas -Wstrict-aliasing=3 -ftree-vrp -Wjump-misses-init -Wdouble-promotion -Wformat=2 -Wtrampolines -Warray-bounds=2 -Wduplicated-cond -Wnull-dereference -fdelete-null-pointer-checks -Wshift-negative-value -Wshift-overflow=2 -Wunused-const-variable -Walloc-zero -Wduplicated-branches -Wformat-truncation=2 -Wimplicit-fallthrough -Wrestrict -Warith-conversion -Wenum-conversion -D_GNU_SOURCE  CMakeFiles/cmTC_b66b7.dir/CheckSymbolExists.c.o -o cmTC_b66b7 
gmake[1]: выход из каталога «/home/vitaliy/scand/build/CMakeFiles/CMakeScratch/TryCompile-cgVCf9»


File CheckSymbolExists.c:
/* */
#include <netdb.h>

int main(int argc, char** argv)
{
  (void)argv;
#ifndef gethostbyname_r
  return ((int*)(&gethostbyname_r))[argc];
#else
  (void)argc;
  return 0;
#endif
}
Determining if the gethostname exist passed with the following output:
Change Dir: /home/vitaliy/scand/build/CMakeFiles/CMakeScratch/TryCompile-rrxxB8

Run Build Command(s):/usr/bin/gmake -f Makefile cmTC_6a517/fast && /usr/bin/gmake  -f CMakeFiles/cmTC_6a517.dir/build.make CMakeFiles/cmTC_6a517.dir/build
gmake[1]: вход в каталог «/home/vitaliy/scand/build/CMakeFiles/CMakeScratch/TryCompile-rrxxB8»
Building C object CMakeFiles/cmTC_6a517.dir/CheckSymbolExists.c.o
/usr/bin/cc   -Werror-implicit-function-declaration -W -Wall -pedantic -Wbad-function-cast -Wconversion -Wmissing-declarations -Wmissing-prototypes -Wnested-externs -Wno-long-long -Wno-multichar -Wpointer-arith -Wshadow -Wsign-compare -Wundef -Wunused -Wwrite-strings -Waddress -Wattributes -Wcast-align -Wcast-qual -Wdeclaration-after-statement -Wdiv-by-zero -Wempty-body -Wendif-labels -Wfloat-equal -Wformat-security -Wignored-qualifiers -Wmissing-field-initializers -Wmissing-noreturn -Wno-format-nonliteral -Wno-sign-conversion -Wno-system-headers -Wold-style-definition -Wredundant-decls -Wstrict-prototypes -Wtype-limits -Wunreachable-code -Wunused-parameter -Wvla -Wclobbered -Wmissing-parameter-type -Wold-style-declaration -Wpragmas -Wstrict-aliasing=3 -ftree-vrp -Wjump-misses-init -Wdouble-promotion -Wformat=2 -Wtrampolines -Warray-bounds=2 -Wduplicated-cond -Wnull-dereference -fdelete-null-pointer-checks -Wshift-negative-value -Wshift-overflow=2 -Wunused-const-variable -Walloc-zero -Wduplicated-branches -Wformat-truncation=2 -Wimplicit-fallthrough -Wrestrict -Warith-conversion -Wenum-conversion -D_GNU_SOURCE  -o CMakeFiles/cmTC_6a517.dir/CheckSymbolExists.c.o -c /home/vitaliy/scand/build/CMakeFiles/CMakeScratch/TryCompile-rrxxB8/CheckSymbolExists.c
/home/vitaliy/scand/build/CMakeFiles/CMakeScratch/TryCompile-rrxxB8/CheckSymbolExists.c: In function ‘main’:
/home/vitaliy/scand/build/CMakeFiles/CMakeScratch/TryCompile-rrxxB8/CheckSymbolExists.c:20:11: warning: ISO C forbids conversion of function pointer to object pointer type [-Wpedantic]
   20 |   return ((int*)(&gethostname))[argc];
      |           ^
Linking C executable cmTC_6a517
/usr/bin/cmake -E cmake_link_script CMakeFiles/cmTC_6a517.dir/link.txt --verbose=1
/usr/bin/cc  -Werror-implicit-function-declaration -W -Wall -pedantic -Wbad-function-cast -Wconversion -Wmissing-declarations -Wmissing-prototypes -Wnested-externs -Wno-long-long -Wno-multichar -Wpointer-arith -Wshadow -Wsign-compare -Wundef -Wunused -Wwrite-strings -Waddress -Wattributes -Wcast-align -Wcast-qual -Wdeclaration-after-statement -Wdiv-by-zero -Wempty-body -Wendif-labels -Wfloat-equal -Wformat-security -Wignored-qualifiers -Wmissing-field-initializers -Wmissing-noreturn -Wno-format-nonliteral -Wno-sign-conversion -Wno-system-headers -Wold-style-definition -Wredundant-decls -Wstrict-prototypes -Wtype-limits -Wunreachable-code -Wunused-parameter -Wvla -Wclobbered -Wmissing-parameter-type -Wold-style-declaration -Wpragmas -Wstrict-aliasing=3 -ftree-vrp -Wjump-misses-init -Wdouble-promotion -Wformat=2 -Wtrampolines -Warray-bounds=2 -Wduplicated-cond -Wnull-dereference -fdelete-null-pointer-checks -Wshift-negative-value -Wshift-overflow=2 -Wunused-const-variable -Walloc-zero -Wduplicated-branches -Wformat-truncation=2 -Wimplicit-fallthrough -Wrestrict -Warith-conversion -Wenum-conversion -D_GNU_SOURCE  CMakeFiles/cmTC_6a517.dir/CheckSymbolExists.c.o -o cmTC_6a517 
gmake[1]: выход из каталога «/home/vitaliy/scand/build/CMakeFiles/CMakeScratch/TryCompile-rrxxB8»


File CheckSymbolExists.c:
/* */
#include <sys/select.h>
#include <sys/socket.h>
#include <sys/time.h>
#include <sys/types.h>
#include <arpa/inet.h>
#include <ifaddrs.h>
#include <libgen.h>
#include <net/if.h>
#include <netdb.h>
#include <netinet/in.h>
#include <netinet/tcp.h>
#include <netinet/udp.h>
#include <unistd.h>

int main(int argc, char** argv)
{
  (void)argv;
#ifndef gethostname
  return ((int*)(&gethostname))[argc];
#else
  (void)argc;
  return 0;
#endif
}
Determining if the signal exist passed with the following output:
Change Dir: /home/vitaliy/scand/build/CMakeFiles/CMakeScratch/TryCompile-zwK4HB

Run Build Command(s):/usr/bin/gmake -f Makefile cmTC_747bd/fast && /usr/bin/gmake  -f CMakeFiles/cmTC_747bd.dir/build.make CMakeFiles/cmTC_747bd.dir/build
gmake[1]: вход в каталог «/home/vitaliy/scand/build/CMakeFiles/CMakeScratch/TryCompile-zwK4HB»
Building C object CMakeFiles/cmTC_747bd.dir/CheckSymbolExists.c.o
/usr/bin/cc   -Werror-implicit-function-declaration -W -Wall -pedantic -Wbad-function-cast -Wconversion -Wmissing-declarations -Wmissing-prototypes -Wnested-externs -Wno-long-long -Wno-multichar -Wpointer-arith -Wshadow -Wsign-compare -Wundef -Wunused -Wwrite-strings -Waddress -Wattributes -Wcast-align -Wcast-qual -Wdeclaration-after-statement -Wdiv-by-zero -Wempty-body -Wendif-labels -Wfloat-equal -Wformat-security -Wignored-qualifiers -Wmissing-field-initializers -Wmissing-noreturn -Wno-format-nonliteral -Wno-sign-conversion -Wno-system-headers -Wold-style-definition -Wredundant-decls -Wstrict-prototypes -Wtype-limits -Wunreachable-code -Wunused-parameter -Wvla -Wclobbered -Wmissing-parameter-type -Wold-style-declaration -Wpragmas -Wstrict-aliasing=3 -ftree-vrp -Wjump-misses-init -Wdouble-promotion -Wformat=2 -Wtrampolines -Warray-bounds=2 -Wduplicated-cond -Wnull-dereference -fdelete-null-pointer-checks -Wshift-negative-value -Wshift-overflow=2 -Wunused-const-variable -Walloc-zero -Wduplicated-branches -Wformat-truncation=2 -Wimplicit-fallthrough -Wrestrict -Warith-conversion -Wenum-conversion -D_GNU_SOURCE  -o CMakeFiles/cmTC_747bd.dir/CheckSymbolExists.c.o -c /home/vitaliy/scand/build/CMakeFiles/CMakeScratch/TryCompile-zwK4HB/CheckSymbolExists.c
/home/vitaliy/scand/build/CMakeFiles/CMakeScratch/TryCompile-zwK4HB/CheckSymbolExists.c: In function ‘main’:
/home/vitaliy/scand/build/CMakeFiles/CMakeScratch/TryCompile-zwK4HB/CheckSymbolExists.c:8:11: warning: ISO C forbids conversion of function pointer to object pointer type [-Wpedantic]
    8 |   return ((int*)(&signal))[argc];
      |           ^
Linking C executable cmTC_747bd
/usr/bin/cmake -E cmake_link_script CMakeFiles/cmTC_747bd.dir/link.txt --verbose=1
/usr/bin/cc  -Werror-implicit-function-declaration -W -Wall -pedantic -Wbad-function-cast -Wconversion -Wmissing-declarations -Wmissing-prototypes -Wnested-externs -Wno-long-long -Wno-multichar -Wpointer-arith -Wshadow -Wsign-compare -Wundef -Wunused -Wwrite-strings -Waddress -Wattributes -Wcast-align -Wcast-qual -Wdeclaration-after-statement -Wdiv-by-zero -Wempty-body -Wendif-labels -Wfloat-equal -Wformat-security -Wignored-qualifiers -Wmissing-field-initializers -Wmissing-noreturn -Wno-format-nonliteral -Wno-sign-conversion -Wno-system-headers -Wold-style-definition -Wredundant-decls -Wstrict-prototypes -Wtype-limits -Wunreachable-code -Wunused-parameter -Wvla -Wclobbered -Wmissing-parameter-type -Wold-style-declaration -Wpragmas -Wstrict-aliasing=3 -ftree-vrp -Wjump-misses-init -Wdouble-promotion -Wformat=2 -Wtrampolines -Warray-bounds=2 -Wduplicated-cond -Wnull-dereference -fdelete-null-pointer-checks -Wshift-negative-value -Wshift-overflow=2 -Wunused-const-variable -Walloc-zero -Wduplicated-branches -Wformat-truncation=2 -Wimplicit-fallthrough -Wrestrict -Warith-conversion -Wenum-conversion -D_GNU_SOURCE  CMakeFiles/cmTC_747bd.dir/CheckSymbolExists.c.o -o cmTC_747bd 
gmake[1]: выход из каталога «/home/vitaliy/scand/build/CMakeFiles/CMakeScratch/TryCompile-zwK4HB»


File CheckSymbolExists.c:
/* */
#include <signal.h>

int main(int argc, char** argv)
{
  (void)argv;
#ifndef signal
  return ((int*)(&signal))[argc];
#else
  (void)argc;
  return 0;
#endif
}
Determining if the strerror_r exist passed with the following output:
Change Dir: /home/vitaliy/scand/build/CMakeFiles/CMakeScratch/TryCompile-Q7GPiD

Run Build Command(s):/usr/bin/gmake -f Makefile cmTC_dda61/fast && /usr/bin/gmake  -f CMakeFiles/cmTC_dda61.dir/build.make CMakeFiles/cmTC_dda61.dir/build
gmake[1]: вход в каталог «/home/vitaliy/scand/build/CMakeFiles/CMakeScratch/TryCompile-Q7GPiD»
Building C object CMakeFiles/cmTC_dda61.dir/CheckSymbolExists.c.o
/usr/bin/cc   -Werror-implicit-function-declaration -W -Wall -pedantic -Wbad-function-cast -Wconversion -Wmissing-declarations -Wmissing-prototypes -Wnested-externs -Wno-long-long -Wno-multichar -Wpointer-arith -Wshadow -Wsign-compare -Wundef -Wunused -Wwrite-strings -Waddress -Wattributes -Wcast-align -Wcast-qual -Wdeclaration-after-statement -Wdiv-by-zero -Wempty-body -Wendif-labels -Wfloat-equal -Wformat-security -Wignored-qualifiers -Wmissing-field-initializers -Wmissing-noreturn -Wno-format-nonliteral -Wno-sign-conversion -Wno-system-headers -Wold-style-definition -Wredundant-decls -Wstrict-prototypes -Wtype-limits -Wunreachable-code -Wunused-parameter -Wvla -Wclobbered -Wmissing-parameter-type -Wold-style-declaration -Wpragmas -Wstrict-aliasing=3 -ftree-vrp -Wjump-misses-init -Wdouble-promotion -Wformat=2 -Wtrampolines -Warray-bounds=2 -Wduplicated-cond -Wnull-dereference -fdelete-null-pointer-checks -Wshift-negative-value -Wshift-overflow=2 -Wunused-const-variable -Walloc-zero -Wduplicated-branches -Wformat-truncation=2 -Wimplicit-fallthrough -Wrestrict -Warith-conversion -Wenum-conversion -D_GNU_SOURCE  -o CMakeFiles/cmTC_dda61.dir/CheckSymbolExists.c.o -c /home/vitaliy/scand/build/CMakeFiles/CMakeScratch/TryCompile-Q7GPiD/CheckSymbolExists.c
/home/vitaliy/scand/build/CMakeFiles/CMakeScratch/TryCompile-Q7GPiD/CheckSymbolExists.c: In function ‘main’:
/home/vitaliy/scand/build/CMakeFiles/CMakeScratch/TryCompile-Q7GPiD/CheckSymbolExists.c:9:11: warning: ISO C forbids conversion of function pointer to object pointer type [-Wpedantic]
    9 |   return ((int*)(&strerror_r))[argc];
      |           ^
Linking C executable cmTC_dda61
/usr/bin/cmake -E cmake_link_script CMakeFiles/cmTC_dda61.dir/link.txt --verbose=1
/usr/bin/cc  -Werror-implicit-function-declaration -W -Wall -pedantic -Wbad-function-cast -Wconversion -Wmissing-declarations -Wmissing-prototypes -Wnested-externs -Wno-long-long -Wno-multichar -Wpointer-arith -Wshadow -Wsign-compare -Wundef -Wunused -Wwrite-strings -Waddress -Wattributes -Wcast-align -Wcast-qual -Wdeclaration-after-statement -Wdiv-by-zero -Wempty-body -Wendif-labels -Wfloat-equal -Wformat-security -Wignored-qualifiers -Wmissing-field-initializers -Wmissing-noreturn -Wno-format-nonliteral -Wno-sign-conversion -Wno-system-headers -Wold-style-definition -Wredundant-decls -Wstrict-prototypes -Wtype-limits -Wunreachable-code -Wunused-parameter -Wvla -Wclobbered -Wmissing-parameter-type -Wold-style-declaration -Wpragmas -Wstrict-aliasing=3 -ftree-vrp -Wjump-misses-init -Wdouble-promotion -Wformat=2 -Wtrampolines -Warray-bounds=2 -Wduplicated-cond -Wnull-dereference -fdelete-null-pointer-checks -Wshift-negative-value -Wshift-overflow=2 -Wunused-const-variable -Walloc-zero -Wduplicated-branches -Wformat-truncation=2 -Wimplicit-fallthrough -Wrestrict -Warith-conversion -Wenum-conversion -D_GNU_SOURCE  CMakeFiles/cmTC_dda61.dir/CheckSymbolExists.c.o -o cmTC_dda61 
gmake[1]: выход из каталога «/home/vitaliy/scand/build/CMakeFiles/CMakeScratch/TryCompile-Q7GPiD»


File CheckSymbolExists.c:
/* */
#include <stdlib.h>
#include <string.h>

int main(int argc, char** argv)
{
  (void)argv;
#ifndef strerror_r
  return ((int*)(&strerror_r))[argc];
#else
  (void)argc;
  return 0;
#endif
}
Determining if the sigaction exist passed with the following output:
Change Dir: /home/vitaliy/scand/build/CMakeFiles/CMakeScratch/TryCompile-ikLQZ8

Run Build Command(s):/usr/bin/gmake -f Makefile cmTC_49650/fast && /usr/bin/gmake  -f CMakeFiles/cmTC_49650.dir/build.make CMakeFiles/cmTC_49650.dir/build
gmake[1]: вход в каталог «/home/vitaliy/scand/build/CMakeFiles/CMakeScratch/TryCompile-ikLQZ8»
Building C object CMakeFiles/cmTC_49650.dir/CheckSymbolExists.c.o
/usr/bin/cc   -Werror-implicit-function-declaration -W -Wall -pedantic -Wbad-function-cast -Wconversion -Wmissing-declarations -Wmissing-prototypes -Wnested-externs -Wno-long-long -Wno-multichar -Wpointer-arith -Wshadow -Wsign-compare -Wundef -Wunused -Wwrite-strings -Waddress -Wattributes -Wcast-align -Wcast-qual -Wdeclaration-after-statement -Wdiv-by-zero -Wempty-body -Wendif-labels -Wfloat-equal -Wformat-security -Wignored-qualifiers -Wmissing-field-initializers -Wmissing-noreturn -Wno-format-nonliteral -Wno-sign-conversion -Wno-system-headers -Wold-style-definition -Wredundant-decls -Wstrict-prototypes -Wtype-limits -Wunreachable-code -Wunused-parameter -Wvla -Wclobbered -Wmissing-parameter-type -Wold-style-declaration -Wpragmas -Wstrict-aliasing=3 -ftree-vrp -Wjump-misses-init -Wdouble-promotion -Wformat=2 -Wtrampolines -Warray-bounds=2 -Wduplicated-cond -Wnull-dereference -fdelete-null-pointer-checks -Wshift-negative-value -Wshift-overflow=2 -Wunused-const-variable -Walloc-zero -Wduplicated-branches -Wformat-truncation=2 -Wimplicit-fallthrough -Wrestrict -Warith-conversion -Wenum-conversion -D_GNU_SOURCE  -o CMakeFiles/cmTC_49650.dir/CheckSymbolExists.c.o -c /home/vitaliy/scand/build/CMakeFiles/CMakeScratch/TryCompile-ikLQZ8/CheckSymbolExists.c
/home/vitaliy/scand/build/CMakeFiles/CMakeScratch/TryCompile-ikLQZ8/CheckSymbolExists.c: In function ‘main’:
/home/vitaliy/scand/build/CMakeFiles/CMakeScratch/TryCompile-ikLQZ8/CheckSymbolExists.c:8:11: warning: ISO C forbids conversion of function pointer to object pointer type [-Wpedantic]
    8 |   return ((int*)(&sigaction))[argc];
      |           ^
Linking C executable cmTC_49650
/usr/bin/cmake -E cmake_link_script CMakeFiles/cmTC_49650.dir/link.txt --verbose=1
/usr/bin/cc  -Werror-implicit-function-declaration -W -Wall -pedantic -Wbad-function-cast -Wconversion -Wmissing-declarations -Wmissing-prototypes -Wnested-externs -Wno-long-long -Wno-multichar -Wpointer-arith -Wshadow -Wsign-compare -Wundef -Wunused -Wwrite-strings -Waddress -Wattributes -Wcast-align -Wcast-qual -Wdeclaration-after-statement -Wdiv-by-zero -Wempty-body -Wendif-labels -Wfloat-equal -Wformat-security -Wignored-qualifiers -Wmissing-field-initializers -Wmissing-noreturn -Wno-format-nonliteral -Wno-sign-conversion -Wno-system-headers -Wold-style-definition -Wredundant-decls -Wstrict-prototypes -Wtype-limits -Wunreachable-code -Wunused-parameter -Wvla -Wclobbered -Wmissing-parameter-type -Wold-style-declaration -Wpragmas -Wstrict-aliasing=3 -ftree-vrp -Wjump-misses-init -Wdouble-promotion -Wformat=2 -Wtrampolines -Warray-bounds=2 -Wduplicated-cond -Wnull-dereference -fdelete-null-pointer-checks -Wshift-negative-value -Wshift-overflow=2 -Wunused-const-variable -Walloc-zero -Wduplicated-branches -Wformat-truncation=2 -Wimplicit-fallthrough -Wrestrict -Warith-conversion -Wenum-conversion -D_GNU_SOURCE  CMakeFiles/cmTC_49650.dir/CheckSymbolExists.c.o -o cmTC_49650 
gmake[1]: выход из каталога «/home/vitaliy/scand/build/CMakeFiles/CMakeScratch/TryCompile-ikLQZ8»


File CheckSymbolExists.c:
/* */
#include <signal.h>

int main(int argc, char** argv)
{
  (void)argv;
#ifndef sigaction
  return ((int*)(&sigaction))[argc];
#else
  (void)argc;
  return 0;
#endif
}
Determining if the siginterrupt exist passed with the following output:
Change Dir: /home/vitaliy/scand/build/CMakeFiles/CMakeScratch/TryCompile-pnzTxm

Run Build Command(s):/usr/bin/gmake -f Makefile cmTC_577d8/fast && /usr/bin/gmake  -f CMakeFiles/cmTC_577d8.dir/build.make CMakeFiles/cmTC_577d8.dir/build
gmake[1]: вход в каталог «/home/vitaliy/scand/build/CMakeFiles/CMakeScratch/TryCompile-pnzTxm»
Building C object CMakeFiles/cmTC_577d8.dir/CheckSymbolExists.c.o
/usr/bin/cc   -Werror-implicit-function-declaration -W -Wall -pedantic -Wbad-function-cast -Wconversion -Wmissing-declarations -Wmissing-prototypes -Wnested-externs -Wno-long-long -Wno-multichar -Wpointer-arith -Wshadow -Wsign-compare -Wundef -Wunused -Wwrite-strings -Waddress -Wattributes -Wcast-align -Wcast-qual -Wdeclaration-after-statement -Wdiv-by-zero -Wempty-body -Wendif-labels -Wfloat-equal -Wformat-security -Wignored-qualifiers -Wmissing-field-initializers -Wmissing-noreturn -Wno-format-nonliteral -Wno-sign-conversion -Wno-system-headers -Wold-style-definition -Wredundant-decls -Wstrict-prototypes -Wtype-limits -Wunreachable-code -Wunused-parameter -Wvla -Wclobbered -Wmissing-parameter-type -Wold-style-declaration -Wpragmas -Wstrict-aliasing=3 -ftree-vrp -Wjump-misses-init -Wdouble-promotion -Wformat=2 -Wtrampolines -Warray-bounds=2 -Wduplicated-cond -Wnull-dereference -fdelete-null-pointer-checks -Wshift-negative-value -Wshift-overflow=2 -Wunused-const-variable -Walloc-zero -Wduplicated-branches -Wformat-truncation=2 -Wimplicit-fallthrough -Wrestrict -Warith-conversion -Wenum-conversion -D_GNU_SOURCE  -o CMakeFiles/cmTC_577d8.dir/CheckSymbolExists.c.o -c /home/vitaliy/scand/build/CMakeFiles/CMakeScratch/TryCompile-pnzTxm/CheckSymbolExists.c
/home/vitaliy/scand/build/CMakeFiles/CMakeScratch/TryCompile-pnzTxm/CheckSymbolExists.c: In function ‘main’:
/home/vitaliy/scand/build/CMakeFiles/CMakeScratch/TryCompile-pnzTxm/CheckSymbolExists.c:8:3: warning: ‘siginterrupt’ is deprecated: Use sigaction with SA_RESTART instead [-Wdeprecated-declarations]
    8 |   return ((int*)(&siginterrupt))[argc];
      |   ^~~~~~
In file included from /home/vitaliy/scand/build/CMakeFiles/CMakeScratch/TryCompile-pnzTxm/CheckSymbolExists.c:2:
/usr/include/signal.h:324:12: note: declared here
  324 | extern int siginterrupt (int __sig, int __interrupt) __THROW
      |            ^~~~~~~~~~~~
/home/vitaliy/scand/build/CMakeFiles/CMakeScratch/TryCompile-pnzTxm/CheckSymbolExists.c:8:11: warning: ISO C forbids conversion of function pointer to object pointer type [-Wpedantic]
    8 |   return ((int*)(&siginterrupt))[argc];
      |           ^
Linking C executable cmTC_577d8
/usr/bin/cmake -E cmake_link_script CMakeFiles/cmTC_577d8.dir/link.txt --verbose=1
/usr/bin/cc  -Werror-implicit-function-declaration -W -Wall -pedantic -Wbad-function-cast -Wconversion -Wmissing-declarations -Wmissing-prototypes -Wnested-externs -Wno-long-long -Wno-multichar -Wpointer-arith -Wshadow -Wsign-compare -Wundef -Wunused -Wwrite-strings -Waddress -Wattributes -Wcast-align -Wcast-qual -Wdeclaration-after-statement -Wdiv-by-zero -Wempty-body -Wendif-labels -Wfloat-equal -Wformat-security -Wignored-qualifiers -Wmissing-field-initializers -Wmissing-noreturn -Wno-format-nonliteral -Wno-sign-conversion -Wno-system-headers -Wold-style-definition -Wredundant-decls -Wstrict-prototypes -Wtype-limits -Wunreachable-code -Wunused-parameter -Wvla -Wclobbered -Wmissing-parameter-type -Wold-style-declaration -Wpragmas -Wstrict-aliasing=3 -ftree-vrp -Wjump-misses-init -Wdouble-promotion -Wformat=2 -Wtrampolines -Warray-bounds=2 -Wduplicated-cond -Wnull-dereference -fdelete-null-pointer-checks -Wshift-negative-value -Wshift-overflow=2 -Wunused-const-variable -Walloc-zero -Wduplicated-branches -Wformat-truncation=2 -Wimplicit-fallthrough -Wrestrict -Warith-conversion -Wenum-conversion -D_GNU_SOURCE  CMakeFiles/cmTC_577d8.dir/CheckSymbolExists.c.o -o cmTC_577d8 
gmake[1]: выход из каталога «/home/vitaliy/scand/build/CMakeFiles/CMakeScratch/TryCompile-pnzTxm»


File CheckSymbolExists.c:
/* */
#include <signal.h>

int main(int argc, char** argv)
{
  (void)argv;
#ifndef siginterrupt
  return ((int*)(&siginterrupt))[argc];
#else
  (void)argc;
  return 0;
#endif
}
Determining if the getaddrinfo exist passed with the following output:
Change Dir: /home/vitaliy/scand/build/CMakeFiles/CMakeScratch/TryCompile-OaTjWS

Run Build Command(s):/usr/bin/gmake -f Makefile cmTC_a10f0/fast && /usr/bin/gmake  -f CMakeFiles/cmTC_a10f0.dir/build.make CMakeFiles/cmTC_a10f0.dir/build
gmake[1]: вход в каталог «/home/vitaliy/scand/build/CMakeFiles/CMakeScratch/TryCompile-OaTjWS»
Building C object CMakeFiles/cmTC_a10f0.dir/CheckSymbolExists.c.o
/usr/bin/cc   -Werror-implicit-function-declaration -W -Wall -pedantic -Wbad-function-cast -Wconversion -Wmissing-declarations -Wmissing-prototypes -Wnested-externs -Wno-long-long -Wno-multichar -Wpointer-arith -Wshadow -Wsign-compare -Wundef -Wunused -Wwrite-strings -Waddress -Wattributes -Wcast-align -Wcast-qual -Wdeclaration-after-statement -Wdiv-by-zero -Wempty-body -Wendif-labels -Wfloat-equal -Wformat-security -Wignored-qualifiers -Wmissing-field-initializers -Wmissing-noreturn -Wno-format-nonliteral -Wno-sign-conversion -Wno-system-headers -Wold-style-definition -Wredundant-decls -Wstrict-prototypes -Wtype-limits -Wunreachable-code -Wunused-parameter -Wvla -Wclobbered -Wmissing-parameter-type -Wold-style-declaration -Wpragmas -Wstrict-aliasing=3 -ftree-vrp -Wjump-misses-init -Wdouble-promotion -Wformat=2 -Wtrampolines -Warray-bounds=2 -Wduplicated-cond -Wnull-dereference -fdelete-null-pointer-checks -Wshift-negative-value -Wshift-overflow=2 -Wunused-const-variable -Walloc-zero -Wduplicated-branches -Wformat-truncation=2 -Wimplicit-fallthrough -Wrestrict -Warith-conversion -Wenum-conversion -D_GNU_SOURCE  -o CMakeFiles/cmTC_a10f0.dir/CheckSymbolExists.c.o -c /home/vitaliy/scand/build/CMakeFiles/CMakeScratch/TryCompile-OaTjWS/CheckSymbolExists.c
/home/vitaliy/scand/build/CMakeFiles/CMakeScratch/TryCompile-OaTjWS/CheckSymbolExists.c: In function ‘main’:
/home/vitaliy/scand/build/CMakeFiles/CMakeScratch/TryCompile-OaTjWS/CheckSymbolExists.c:22:11: warning: ISO C forbids conversion of function pointer to object pointer type [-Wpedantic]
   22 |   return ((int*)(&getaddrinfo))[argc];
      |           ^
Linking C executable cmTC_a10f0
/usr/bin/cmake -E cmake_link_script CMakeFiles/cmTC_a10f0.dir/link.txt --verbose=1
/usr/bin/cc  -Werror-implicit-function-declaration -W -Wall -pedantic -Wbad-function-cast -Wconversion -Wmissing-declarations -Wmissing-prototypes -Wnested-externs -Wno-long-long -Wno-multichar -Wpointer-arith -Wshadow -Wsign-compare -Wundef -Wunused -Wwrite-strings -Waddress -Wattributes -Wcast-align -Wcast-qual -Wdeclaration-after-statement -Wdiv-by-zero -Wempty-body -Wendif-labels -Wfloat-equal -Wformat-security -Wignored-qualifiers -Wmissing-field-initializers -Wmissing-noreturn -Wno-format-nonliteral -Wno-sign-conversion -Wno-system-headers -Wold-style-definition -Wredundant-decls -Wstrict-prototypes -Wtype-limits -Wunreachable-code -Wunused-parameter -Wvla -Wclobbered -Wmissing-parameter-type -Wold-style-declaration -Wpragmas -Wstrict-aliasing=3 -ftree-vrp -Wjump-misses-init -Wdouble-promotion -Wformat=2 -Wtrampolines -Warray-bounds=2 -Wduplicated-cond -Wnull-dereference -fdelete-null-pointer-checks -Wshift-negative-value -Wshift-overflow=2 -Wunused-const-variable -Walloc-zero -Wduplicated-branches -Wformat-truncation=2 -Wimplicit-fallthrough -Wrestrict -Warith-conversion -Wenum-conversion -D_GNU_SOURCE  CMakeFiles/cmTC_a10f0.dir/CheckSymbolExists.c.o -o cmTC_a10f0 
gmake[1]: выход из каталога «/home/vitaliy/scand/build/CMakeFiles/CMakeScratch/TryCompile-OaTjWS»


File CheckSymbolExists.c:
/* */
#include <sys/select.h>
#include <sys/socket.h>
#include <sys/time.h>
#include <sys/types.h>
#include <arpa/inet.h>
#include <ifaddrs.h>
#include <libgen.h>
#include <net/if.h>
#include <netdb.h>
#include <netinet/in.h>
#include <netinet/tcp.h>
#include <netinet/udp.h>
#include <unistd.h>
#include <stdlib.h>
#include <string.h>

int main(int argc, char** argv)
{
  (void)argv;
#ifndef getaddrinfo
  return ((int*)(&getaddrinfo))[argc];
#else
  (void)argc;
  return 0;
#endif
}
Determining if the getifaddrs exist passed with the following output:
Change Dir: /home/vitaliy/scand/build/CMakeFiles/CMakeScratch/TryCompile-8gL61a

Run Build Command(s):/usr/bin/gmake -f Makefile cmTC_16a11/fast && /usr/bin/gmake  -f CMakeFiles/cmTC_16a11.dir/build.make CMakeFiles/cmTC_16a11.dir/build
gmake[1]: вход в каталог «/home/vitaliy/scand/build/CMakeFiles/CMakeScratch/TryCompile-8gL61a»
Building C object CMakeFiles/cmTC_16a11.dir/CheckSymbolExists.c.o
/usr/bin/cc   -Werror-implicit-function-declaration -W -Wall -pedantic -Wbad-function-cast -Wconversion -Wmissing-declarations -Wmissing-prototypes -Wnested-externs -Wno-long-long -Wno-multichar -Wpointer-arith -Wshadow -Wsign-compare -Wundef -Wunused -Wwrite-strings -Waddress -Wattributes -Wcast-align -Wcast-qual -Wdeclaration-after-statement -Wdiv-by-zero -Wempty-body -Wendif-labels -Wfloat-equal -Wformat-security -Wignored-qualifiers -Wmissing-field-initializers -Wmissing-noreturn -Wno-format-nonliteral -Wno-sign-conversion -Wno-system-headers -Wold-style-definition -Wredundant-decls -Wstrict-prototypes -Wtype-limits -Wunreachable-code -Wunused-parameter -Wvla -Wclobbered -Wmissing-parameter-type -Wold-style-declaration -Wpragmas -Wstrict-aliasing=3 -ftree-vrp -Wjump-misses-init -Wdouble-promotion -Wformat=2 -Wtrampolines -Warray-bounds=2 -Wduplicated-cond -Wnull-dereference -fdelete-null-pointer-checks -Wshift-negative-value -Wshift-overflow=2 -Wunused-const-variable -Walloc-zero -Wduplicated-branches -Wformat-truncation=2 -Wimplicit-fallthrough -Wrestrict -Warith-conversion -Wenum-conversion -D_GNU_SOURCE  -o CMakeFiles/cmTC_16a11.dir/CheckSymbolExists.c.o -c /home/vitaliy/scand/build/CMakeFiles/CMakeScratch/TryCompile-8gL61a/CheckSymbolExists.c
/home/vitaliy/scand/build/CMakeFiles/CMakeScratch/TryCompile-8gL61a/CheckSymbolExists.c: In function ‘main’:
/home/vitaliy/scand/build/CMakeFiles/CMakeScratch/TryCompile-8gL61a/CheckSymbolExists.c:21:11: warning: ISO C forbids conversion of function pointer to object pointer type [-Wpedantic]
   21 |   return ((int*)(&getifaddrs))[argc];
      |           ^
Linking C executable cmTC_16a11
/usr/bin/cmake -E cmake_link_script CMakeFiles/cmTC_16a11.dir/link.txt --verbose=1
/usr/bin/cc  -Werror-implicit-function-declaration -W -Wall -pedantic -Wbad-function-cast -Wconversion -Wmissing-declarations -Wmissing-prototypes -Wnested-externs -Wno-long-long -Wno-multichar -Wpointer-arith -Wshadow -Wsign-compare -Wundef -Wunused -Wwrite-strings -Waddress -Wattributes -Wcast-align -Wcast-qual -Wdeclaration-after-statement -Wdiv-by-zero -Wempty-body -Wendif-labels -Wfloat-equal -Wformat-security -Wignored-qualifiers -Wmissing-field-initializers -Wmissing-noreturn -Wno-format-nonliteral -Wno-sign-conversion -Wno-system-headers -Wold-style-definition -Wredundant-decls -Wstrict-prototypes -Wtype-limits -Wunreachable-code -Wunused-parameter -Wvla -Wclobbered -Wmissing-parameter-type -Wold-style-declaration -Wpragmas -Wstrict-aliasing=3 -ftree-vrp -Wjump-misses-init -Wdouble-promotion -Wformat=2 -Wtrampolines -Warray-bounds=2 -Wduplicated-cond -Wnull-dereference -fdelete-null-pointer-checks -Wshift-negative-value -Wshift-overflow=2 -Wunused-const-variable -Walloc-zero -Wduplicated-branches -Wformat-truncation=2 -Wimplicit-fallthrough -Wrestrict -Warith-conversion -Wenum-conversion -D_GNU_SOURCE  CMakeFiles/cmTC_16a11.dir/CheckSymbolExists.c.o -o cmTC_16a11 
gmake[1]: выход из каталога «/home/vitaliy/scand/build/CMakeFiles/CMakeScratch/TryCompile-8gL61a»


File CheckSymbolExists.c:
/* */
#include <sys/select.h>
#include <sys/socket.h>
#include <sys/time.h>
#include <sys/types.h>
#include <arpa/inet.h>
#include <ifaddrs.h>
#include <libgen.h>
#include <net/if.h>
#include <netdb.h>
#include <netinet/in.h>
#include <netinet/tcp.h>
#include <netinet/udp.h>
#include <unistd.h>
#include <stdlib.h>

int main(int argc, char** argv)
{
  (void)argv;
#ifndef getifaddrs
  return ((int*)(&getifaddrs))[argc];
#else
  (void)argc;
  return 0;
#endif
}
Determining if the freeaddrinfo exist passed with the following output:
Change Dir: /home/vitaliy/scand/build/CMakeFiles/CMakeScratch/TryCompile-gFhuTb

Run Build Command(s):/usr/bin/gmake -f Makefile cmTC_0a47b/fast && /usr/bin/gmake  -f CMakeFiles/cmTC_0a47b.dir/build.make CMakeFiles/cmTC_0a47b.dir/build
gmake[1]: вход в каталог «/home/vitaliy/scand/build/CMakeFiles/CMakeScratch/TryCompile-gFhuTb»
Building C object CMakeFiles/cmTC_0a47b.dir/CheckSymbolExists.c.o
/usr/bin/cc   -Werror-implicit-function-declaration -W -Wall -pedantic -Wbad-function-cast -Wconversion -Wmissing-declarations -Wmissing-prototypes -Wnested-externs -Wno-long-long -Wno-multichar -Wpointer-arith -Wshadow -Wsign-compare -Wundef -Wunused -Wwrite-strings -Waddress -Wattributes -Wcast-align -Wcast-qual -Wdeclaration-after-statement -Wdiv-by-zero -Wempty-body -Wendif-labels -Wfloat-equal -Wformat-security -Wignored-qualifiers -Wmissing-field-initializers -Wmissing-noreturn -Wno-format-nonliteral -Wno-sign-conversion -Wno-system-headers -Wold-style-definition -Wredundant-decls -Wstrict-prototypes -Wtype-limits -Wunreachable-code -Wunused-parameter -Wvla -Wclobbered -Wmissing-parameter-type -Wold-style-declaration -Wpragmas -Wstrict-aliasing=3 -ftree-vrp -Wjump-misses-init -Wdouble-promotion -Wformat=2 -Wtrampolines -Warray-bounds=2 -Wduplicated-cond -Wnull-dereference -fdelete-null-pointer-checks -Wshift-negative-value -Wshift-overflow=2 -Wunused-const-variable -Walloc-zero -Wduplicated-branches -Wformat-truncation=2 -Wimplicit-fallthrough -Wrestrict -Warith-conversion -Wenum-conversion -D_GNU_SOURCE  -o CMakeFiles/cmTC_0a47b.dir/CheckSymbolExists.c.o -c /home/vitaliy/scand/build/CMakeFiles/CMakeScratch/TryCompile-gFhuTb/CheckSymbolExists.c
/home/vitaliy/scand/build/CMakeFiles/CMakeScratch/TryCompile-gFhuTb/CheckSymbolExists.c: In function ‘main’:
/home/vitaliy/scand/build/CMakeFiles/CMakeScratch/TryCompile-gFhuTb/CheckSymbolExists.c:20:11: warning: ISO C forbids conversion of function pointer to object pointer type [-Wpedantic]
   20 |   return ((int*)(&freeaddrinfo))[argc];
      |           ^
Linking C executable cmTC_0a47b
/usr/bin/cmake -E cmake_link_script CMakeFiles/cmTC_0a47b.dir/link.txt --verbose=1
/usr/bin/cc  -Werror-implicit-function-declaration -W -Wall -pedantic -Wbad-function-cast -Wconversion -Wmissing-declarations -Wmissing-prototypes -Wnested-externs -Wno-long-long -Wno-multichar -Wpointer-arith -Wshadow -Wsign-compare -Wundef -Wunused -Wwrite-strings -Waddress -Wattributes -Wcast-align -Wcast-qual -Wdeclaration-after-statement -Wdiv-by-zero -Wempty-body -Wendif-labels -Wfloat-equal -Wformat-security -Wignored-qualifiers -Wmissing-field-initializers -Wmissing-noreturn -Wno-format-nonliteral -Wno-sign-conversion -Wno-system-headers -Wold-style-definition -Wredundant-decls -Wstrict-prototypes -Wtype-limits -Wunreachable-code -Wunused-parameter -Wvla -Wclobbered -Wmissing-parameter-type -Wold-style-declaration -Wpragmas -Wstrict-aliasing=3 -ftree-vrp -Wjump-misses-init -Wdouble-promotion -Wformat=2 -Wtrampolines -Warray-bounds=2 -Wduplicated-cond -Wnull-dereference -fdelete-null-pointer-checks -Wshift-negative-value -Wshift-overflow=2 -Wunused-const-variable -Walloc-zero -Wduplicated-branches -Wformat-truncation=2 -Wimplicit-fallthrough -Wrestrict -Warith-conversion -Wenum-conversion -D_GNU_SOURCE  CMakeFiles/cmTC_0a47b.dir/CheckSymbolExists.c.o -o cmTC_0a47b 
gmake[1]: выход из каталога «/home/vitaliy/scand/build/CMakeFiles/CMakeScratch/TryCompile-gFhuTb»


File CheckSymbolExists.c:
/* */
#include <sys/select.h>
#include <sys/socket.h>
#include <sys/time.h>
#include <sys/types.h>
#include <arpa/inet.h>
#include <ifaddrs.h>
#include <libgen.h>
#include <net/if.h>
#include <netdb.h>
#include <netinet/in.h>
#include <netinet/tcp.h>
#include <netinet/udp.h>
#include <unistd.h>

int main(int argc, char** argv)
{
  (void)argv;
#ifndef freeaddrinfo
  return ((int*)(&freeaddrinfo))[argc];
#else
  (void)argc;
  return 0;
#endif
}
Determining if the function pipe exists passed with the following output:
Change Dir: /home/vitaliy/scand/build/CMakeFiles/CMakeScratch/TryCompile-2ZQqrj

Run Build Command(s):/usr/bin/gmake -f Makefile cmTC_8da2d/fast && /usr/bin/gmake  -f CMakeFiles/cmTC_8da2d.dir/build.make CMakeFiles/cmTC_8da2d.dir/build
gmake[1]: вход в каталог «/home/vitaliy/scand/build/CMakeFiles/CMakeScratch/TryCompile-2ZQqrj»
Building C object CMakeFiles/cmTC_8da2d.dir/CheckFunctionExists.c.o
/usr/bin/cc   -Werror-implicit-function-declaration -W -Wall -pedantic -Wbad-function-cast -Wconversion -Wmissing-declarations -Wmissing-prototypes -Wnested-externs -Wno-long-long -Wno-multichar -Wpointer-arith -Wshadow -Wsign-compare -Wundef -Wunused -Wwrite-strings -Waddress -Wattributes -Wcast-align -Wcast-qual -Wdeclaration-after-statement -Wdiv-by-zero -Wempty-body -Wendif-labels -Wfloat-equal -Wformat-security -Wignored-qualifiers -Wmissing-field-initializers -Wmissing-noreturn -Wno-format-nonliteral -Wno-sign-conversion -Wno-system-headers -Wold-style-definition -Wredundant-decls -Wstrict-prototypes -Wtype-limits -Wunreachable-code -Wunused-parameter -Wvla -Wclobbered -Wmissing-parameter-type -Wold-style-declaration -Wpragmas -Wstrict-aliasing=3 -ftree-vrp -Wjump-misses-init -Wdouble-promotion -Wformat=2 -Wtrampolines -Warray-bounds=2 -Wduplicated-cond -Wnull-dereference -fdelete-null-pointer-checks -Wshift-negative-value -Wshift-overflow=2 -Wunused-const-variable -Walloc-zero -Wduplicated-branches -Wformat-truncation=2 -Wimplicit-fallthrough -Wrestrict -Warith-conversion -Wenum-conversion -D_GNU_SOURCE -DCHECK_FUNCTION_EXISTS=pipe -o CMakeFiles/cmTC_8da2d.dir/CheckFunctionExists.c.o -c /home/vitaliy/scand/build/CMakeFiles/CMakeScratch/TryCompile-2ZQqrj/CheckFunctionExists.c
Linking C executable cmTC_8da2d
/usr/bin/cmake -E cmake_link_script CMakeFiles/cmTC_8da2d.dir/link.txt --verbose=1
/usr/bin/cc  -Werror-implicit-function-declaration -W -Wall -pedantic -Wbad-function-cast -Wconversion -Wmissing-declarations -Wmissing-prototypes -Wnested-externs -Wno-long-long -Wno-multichar -Wpointer-arith -Wshadow -Wsign-compare -Wundef -Wunused -Wwrite-strings -Waddress -Wattributes -Wcast-align -Wcast-qual -Wdeclaration-after-statement -Wdiv-by-zero -Wempty-body -Wendif-labels -Wfloat-equal -Wformat-security -Wignored-qualifiers -Wmissing-field-initializers -Wmissing-noreturn -Wno-format-nonliteral -Wno-sign-conversion -Wno-system-headers -Wold-style-definition -Wredundant-decls -Wstrict-prototypes -Wtype-limits -Wunreachable-code -Wunused-parameter -Wvla -Wclobbered -Wmissing-parameter-type -Wold-style-declaration -Wpragmas -Wstrict-aliasing=3 -ftree-vrp -Wjump-misses-init -Wdouble-promotion -Wformat=2 -Wtrampolines -Warray-bounds=2 -Wduplicated-cond -Wnull-dereference -fdelete-null-pointer-checks -Wshift-negative-value -Wshift-overflow=2 -Wunused-const-variable -Walloc-zero -Wduplicated-branches -Wformat-truncation=2 -Wimplicit-fallthrough -Wrestrict -Warith-conversion -Wenum-conversion -D_GNU_SOURCE -DCHECK_FUNCTION_EXISTS=pipe CMakeFiles/cmTC_8da2d.dir/CheckFunctionExists.c.o -o cmTC_8da2d 
gmake[1]: выход из каталога «/home/vitaliy/scand/build/CMakeFiles/CMakeScratch/TryCompile-2ZQqrj»



Determining if the function eventfd exists passed with the following output:
Change Dir: /home/vitaliy/scand/build/CMakeFiles/CMakeScratch/TryCompile-vZ2Z6F

Run Build Command(s):/usr/bin/gmake -f Makefile cmTC_eeb28/fast && /usr/bin/gmake  -f CMakeFiles/cmTC_eeb28.dir/build.make CMakeFiles/cmTC_eeb28.dir/build
gmake[1]: вход в каталог «/home/vitaliy/scand/build/CMakeFiles/CMakeScratch/TryCompile-vZ2Z6F»
Building C object CMakeFiles/cmTC_eeb28.dir/CheckFunctionExists.c.o
/usr/bin/cc   -Werror-implicit-function-declaration -W -Wall -pedantic -Wbad-function-cast -Wconversion -Wmissing-declarations -Wmissing-prototypes -Wnested-externs -Wno-long-long -Wno-multichar -Wpointer-arith -Wshadow -Wsign-compare -Wundef -Wunused -Wwrite-strings -Waddress -Wattributes -Wcast-align -Wcast-qual -Wdeclaration-after-statement -Wdiv-by-zero -Wempty-body -Wendif-labels -Wfloat-equal -Wformat-security -Wignored-qualifiers -Wmissing-field-initializers -Wmissing-noreturn -Wno-format-nonliteral -Wno-sign-conversion -Wno-system-headers -Wold-style-definition -Wredundant-decls -Wstrict-prototypes -Wtype-limits -Wunreachable-code -Wunused-parameter -Wvla -Wclobbered -Wmissing-parameter-type -Wold-style-declaration -Wpragmas -Wstrict-aliasing=3 -ftree-vrp -Wjump-misses-init -Wdouble-promotion -Wformat=2 -Wtrampolines -Warray-bounds=2 -Wduplicated-cond -Wnull-dereference -fdelete-null-pointer-checks -Wshift-negative-value -Wshift-overflow=2 -Wunused-const-variable -Walloc-zero -Wduplicated-branches -Wformat-truncation=2 -Wimplicit-fallthrough -Wrestrict -Warith-conversion -Wenum-conversion -D_GNU_SOURCE -DCHECK_FUNCTION_EXISTS=eventfd -o CMakeFiles/cmTC_eeb28.dir/CheckFunctionExists.c.o -c /home/vitaliy/scand/build/CMakeFiles/CMakeScratch/TryCompile-vZ2Z6F/CheckFunctionExists.c
Linking C executable cmTC_eeb28
/usr/bin/cmake -E cmake_link_script CMakeFiles/cmTC_eeb28.dir/link.txt --verbose=1
/usr/bin/cc  -Werror-implicit-function-declaration -W -Wall -pedantic -Wbad-function-cast -Wconversion -Wmissing-declarations -Wmissing-prototypes -Wnested-externs -Wno-long-long -Wno-multichar -Wpointer-arith -Wshadow -Wsign-compare -Wundef -Wunused -Wwrite-strings -Waddress -Wattributes -Wcast-align -Wcast-qual -Wdeclaration-after-statement -Wdiv-by-zero -Wempty-body -Wendif-labels -Wfloat-equal -Wformat-security -Wignored-qualifiers -Wmissing-field-initializers -Wmissing-noreturn -Wno-format-nonliteral -Wno-sign-conversion -Wno-system-headers -Wold-style-definition -Wredundant-decls -Wstrict-prototypes -Wtype-limits -Wunreachable-code -Wunused-parameter -Wvla -Wclobbered -Wmissing-parameter-type -Wold-style-declaration -Wpragmas -Wstrict-aliasing=3 -ftree-vrp -Wjump-misses-init -Wdouble-promotion -Wformat=2 -Wtrampolines -Warray-bounds=2 -Wduplicated-cond -Wnull-dereference -fdelete-null-pointer-checks -Wshift-negative-value -Wshift-overflow=2 -Wunused-const-variable -Walloc-zero -Wduplicated-branches -Wformat-truncation=2 -Wimplicit-fallthrough -Wrestrict -Warith-conversion -Wenum-conversion -D_GNU_SOURCE -DCHECK_FUNCTION_EXISTS=eventfd CMakeFiles/cmTC_eeb28.dir/CheckFunctionExists.c.o -o cmTC_eeb28 
gmake[1]: выход из каталога «/home/vitaliy/scand/build/CMakeFiles/CMakeScratch/TryCompile-vZ2Z6F»



Determining if the ftruncate exist passed with the following output:
Change Dir: /home/vitaliy/scand/build/CMakeFiles/CMakeScratch/TryCompile-rhQVEf

Run Build Command(s):/usr/bin/gmake -f Makefile cmTC_c20c6/fast && /usr/bin/gmake  -f CMakeFiles/cmTC_c20c6.dir/build.make CMakeFiles/cmTC_c20c6.dir/build
gmake[1]: вход в каталог «/home/vitaliy/scand/build/CMakeFiles/CMakeScratch/TryCompile-rhQVEf»
Building C object CMakeFiles/cmTC_c20c6.dir/CheckSymbolExists.c.o
/usr/bin/cc   -Werror-implicit-function-declaration -W -Wall -pedantic -Wbad-function-cast -Wconversion -Wmissing-declarations -Wmissing-prototypes -Wnested-externs -Wno-long-long -Wno-multichar -Wpointer-arith -Wshadow -Wsign-compare -Wundef -Wunused -Wwrite-strings -Waddress -Wattributes -Wcast-align -Wcast-qual -Wdeclaration-after-statement -Wdiv-by-zero -Wempty-body -Wendif-labels -Wfloat-equal -Wformat-security -Wignored-qualifiers -Wmissing-field-initializers -Wmissing-noreturn -Wno-format-nonliteral -Wno-sign-conversion -Wno-system-headers -Wold-style-definition -Wredundant-decls -Wstrict-prototypes -Wtype-limits -Wunreachable-code -Wunused-parameter -Wvla -Wclobbered -Wmissing-parameter-type -Wold-style-declaration -Wpragmas -Wstrict-aliasing=3 -ftree-vrp -Wjump-misses-init -Wdouble-promotion -Wformat=2 -Wtrampolines -Warray-bounds=2 -Wduplicated-cond -Wnull-dereference -fdelete-null-pointer-checks -Wshift-negative-value -Wshift-overflow=2 -Wunused-const-variable -Walloc-zero -Wduplicated-branches -Wformat-truncation=2 -Wimplicit-fallthrough -Wrestrict -Warith-conversion -Wenum-conversion -D_GNU_SOURCE  -o CMakeFiles/cmTC_c20c6.dir/CheckSymbolExists.c.o -c /home/vitaliy/scand/build/CMakeFiles/CMakeScratch/TryCompile-rhQVEf/CheckSymbolExists.c
/home/vitaliy/scand/build/CMakeFiles/CMakeScratch/TryCompile-rhQVEf/CheckSymbolExists.c: In function ‘main’:
/home/vitaliy/scand/build/CMakeFiles/CMakeScratch/TryCompile-rhQVEf/CheckSymbolExists.c:8:11: warning: ISO C forbids conversion of function pointer to object pointer type [-Wpedantic]
    8 |   return ((int*)(&ftruncate))[argc];
      |           ^
Linking C executable cmTC_c20c6
/usr/bin/cmake -E cmake_link_script CMakeFiles/cmTC_c20c6.dir/link.txt --verbose=1
/usr/bin/cc  -Werror-implicit-function-declaration -W -Wall -pedantic -Wbad-function-cast -Wconversion -Wmissing-declarations -Wmissing-prototypes -Wnested-externs -Wno-long-long -Wno-multichar -Wpointer-arith -Wshadow -Wsign-compare -Wundef -Wunused -Wwrite-strings -Waddress -Wattributes -Wcast-align -Wcast-qual -Wdeclaration-after-statement -Wdiv-by-zero -Wempty-body -Wendif-labels -Wfloat-equal -Wformat-security -Wignored-qualifiers -Wmissing-field-initializers -Wmissing-noreturn -Wno-format-nonliteral -Wno-sign-conversion -Wno-system-headers -Wold-style-definition -Wredundant-decls -Wstrict-prototypes -Wtype-limits -Wunreachable-code -Wunused-parameter -Wvla -Wclobbered -Wmissing-parameter-type -Wold-style-declaration -Wpragmas -Wstrict-aliasing=3 -ftree-vrp -Wjump-misses-init -Wdouble-promotion -Wformat=2 -Wtrampolines -Warray-bounds=2 -Wduplicated-cond -Wnull-dereference -fdelete-null-pointer-checks -Wshift-negative-value -Wshift-overflow=2 -Wunused-const-variable -Walloc-zero -Wduplicated-branches -Wformat-truncation=2 -Wimplicit-fallthrough -Wrestrict -Warith-conversion -Wenum-conversion -D_GNU_SOURCE  CMakeFiles/cmTC_c20c6.dir/CheckSymbolExists.c.o -o cmTC_c20c6 
gmake[1]: выход из каталога «/home/vitaliy/scand/build/CMakeFiles/CMakeScratch/TryCompile-rhQVEf»


File CheckSymbolExists.c:
/* */
#include <unistd.h>

int main(int argc, char** argv)
{
  (void)argv;
#ifndef ftruncate
  return ((int*)(&ftruncate))[argc];
#else
  (void)argc;
  return 0;
#endif
}
Determining if the getpeername exist passed with the following output:
Change Dir: /home/vitaliy/scand/build/CMakeFiles/CMakeScratch/TryCompile-7QqT8i

Run Build Command(s):/usr/bin/gmake -f Makefile cmTC_16924/fast && /usr/bin/gmake  -f CMakeFiles/cmTC_16924.dir/build.make CMakeFiles/cmTC_16924.dir/build
gmake[1]: вход в каталог «/home/vitaliy/scand/build/CMakeFiles/CMakeScratch/TryCompile-7QqT8i»
Building C object CMakeFiles/cmTC_16924.dir/CheckSymbolExists.c.o
/usr/bin/cc   -Werror-implicit-function-declaration -W -Wall -pedantic -Wbad-function-cast -Wconversion -Wmissing-declarations -Wmissing-prototypes -Wnested-externs -Wno-long-long -Wno-multichar -Wpointer-arith -Wshadow -Wsign-compare -Wundef -Wunused -Wwrite-strings -Waddress -Wattributes -Wcast-align -Wcast-qual -Wdeclaration-after-statement -Wdiv-by-zero -Wempty-body -Wendif-labels -Wfloat-equal -Wformat-security -Wignored-qualifiers -Wmissing-field-initializers -Wmissing-noreturn -Wno-format-nonliteral -Wno-sign-conversion -Wno-system-headers -Wold-style-definition -Wredundant-decls -Wstrict-prototypes -Wtype-limits -Wunreachable-code -Wunused-parameter -Wvla -Wclobbered -Wmissing-parameter-type -Wold-style-declaration -Wpragmas -Wstrict-aliasing=3 -ftree-vrp -Wjump-misses-init -Wdouble-promotion -Wformat=2 -Wtrampolines -Warray-bounds=2 -Wduplicated-cond -Wnull-dereference -fdelete-null-pointer-checks -Wshift-negative-value -Wshift-overflow=2 -Wunused-const-variable -Walloc-zero -Wduplicated-branches -Wformat-truncation=2 -Wimplicit-fallthrough -Wrestrict -Warith-conversion -Wenum-conversion -D_GNU_SOURCE  -o CMakeFiles/cmTC_16924.dir/CheckSymbolExists.c.o -c /home/vitaliy/scand/build/CMakeFiles/CMakeScratch/TryCompile-7QqT8i/CheckSymbolExists.c
/home/vitaliy/scand/build/CMakeFiles/CMakeScratch/TryCompile-7QqT8i/CheckSymbolExists.c: In function ‘main’:
/home/vitaliy/scand/build/CMakeFiles/CMakeScratch/TryCompile-7QqT8i/CheckSymbolExists.c:20:11: warning: ISO C forbids conversion of function pointer to object pointer type [-Wpedantic]
   20 |   return ((int*)(&getpeername))[argc];
      |           ^
Linking C executable cmTC_16924
/usr/bin/cmake -E cmake_link_script CMakeFiles/cmTC_16924.dir/link.txt --verbose=1
/usr/bin/cc  -Werror-implicit-function-declaration -W -Wall -pedantic -Wbad-function-cast -Wconversion -Wmissing-declarations -Wmissing-prototypes -Wnested-externs -Wno-long-long -Wno-multichar -Wpointer-arith -Wshadow -Wsign-compare -Wundef -Wunused -Wwrite-strings -Waddress -Wattributes -Wcast-align -Wcast-qual -Wdeclaration-after-statement -Wdiv-by-zero -Wempty-body -Wendif-labels -Wfloat-equal -Wformat-security -Wignored-qualifiers -Wmissing-field-initializers -Wmissing-noreturn -Wno-format-nonliteral -Wno-sign-conversion -Wno-system-headers -Wold-style-definition -Wredundant-decls -Wstrict-prototypes -Wtype-limits -Wunreachable-code -Wunused-parameter -Wvla -Wclobbered -Wmissing-parameter-type -Wold-style-declaration -Wpragmas -Wstrict-aliasing=3 -ftree-vrp -Wjump-misses-init -Wdouble-promotion -Wformat=2 -Wtrampolines -Warray-bounds=2 -Wduplicated-cond -Wnull-dereference -fdelete-null-pointer-checks -Wshift-negative-value -Wshift-overflow=2 -Wunused-const-variable -Walloc-zero -Wduplicated-branches -Wformat-truncation=2 -Wimplicit-fallthrough -Wrestrict -Warith-conversion -Wenum-conversion -D_GNU_SOURCE  CMakeFiles/cmTC_16924.dir/CheckSymbolExists.c.o -o cmTC_16924 
gmake[1]: выход из каталога «/home/vitaliy/scand/build/CMakeFiles/CMakeScratch/TryCompile-7QqT8i»


File CheckSymbolExists.c:
/* */
#include <sys/select.h>
#include <sys/socket.h>
#include <sys/time.h>
#include <sys/types.h>
#include <arpa/inet.h>
#include <ifaddrs.h>
#include <libgen.h>
#include <net/if.h>
#include <netdb.h>
#include <netinet/in.h>
#include <netinet/tcp.h>
#include <netinet/udp.h>
#include <unistd.h>

int main(int argc, char** argv)
{
  (void)argv;
#ifndef getpeername
  return ((int*)(&getpeername))[argc];
#else
  (void)argc;
  return 0;
#endif
}
Determining if the getsockname exist passed with the following output:
Change Dir: /home/vitaliy/scand/build/CMakeFiles/CMakeScratch/TryCompile-IyGsVW

Run Build Command(s):/usr/bin/gmake -f Makefile cmTC_35d59/fast && /usr/bin/gmake  -f CMakeFiles/cmTC_35d59.dir/build.make CMakeFiles/cmTC_35d59.dir/build
gmake[1]: вход в каталог «/home/vitaliy/scand/build/CMakeFiles/CMakeScratch/TryCompile-IyGsVW»
Building C object CMakeFiles/cmTC_35d59.dir/CheckSymbolExists.c.o
/usr/bin/cc   -Werror-implicit-function-declaration -W -Wall -pedantic -Wbad-function-cast -Wconversion -Wmissing-declarations -Wmissing-prototypes -Wnested-externs -Wno-long-long -Wno-multichar -Wpointer-arith -Wshadow -Wsign-compare -Wundef -Wunused -Wwrite-strings -Waddress -Wattributes -Wcast-align -Wcast-qual -Wdeclaration-after-statement -Wdiv-by-zero -Wempty-body -Wendif-labels -Wfloat-equal -Wformat-security -Wignored-qualifiers -Wmissing-field-initializers -Wmissing-noreturn -Wno-format-nonliteral -Wno-sign-conversion -Wno-system-headers -Wold-style-definition -Wredundant-decls -Wstrict-prototypes -Wtype-limits -Wunreachable-code -Wunused-parameter -Wvla -Wclobbered -Wmissing-parameter-type -Wold-style-declaration -Wpragmas -Wstrict-aliasing=3 -ftree-vrp -Wjump-misses-init -Wdouble-promotion -Wformat=2 -Wtrampolines -Warray-bounds=2 -Wduplicated-cond -Wnull-dereference -fdelete-null-pointer-checks -Wshift-negative-value -Wshift-overflow=2 -Wunused-const-variable -Walloc-zero -Wduplicated-branches -Wformat-truncation=2 -Wimplicit-fallthrough -Wrestrict -Warith-conversion -Wenum-conversion -D_GNU_SOURCE  -o CMakeFiles/cmTC_35d59.dir/CheckSymbolExists.c.o -c /home/vitaliy/scand/build/CMakeFiles/CMakeScratch/TryCompile-IyGsVW/CheckSymbolExists.c
/home/vitaliy/scand/build/CMakeFiles/CMakeScratch/TryCompile-IyGsVW/CheckSymbolExists.c: In function ‘main’:
/home/vitaliy/scand/build/CMakeFiles/CMakeScratch/TryCompile-IyGsVW/CheckSymbolExists.c:20:11: warning: ISO C forbids conversion of function pointer to object pointer type [-Wpedantic]
   20 |   return ((int*)(&getsockname))[argc];
      |           ^
Linking C executable cmTC_35d59
/usr/bin/cmake -E cmake_link_script CMakeFiles/cmTC_35d59.dir/link.txt --verbose=1
/usr/bin/cc  -Werror-implicit-function-declaration -W -Wall -pedantic -Wbad-function-cast -Wconversion -Wmissing-declarations -Wmissing-prototypes -Wnested-externs -Wno-long-long -Wno-multichar -Wpointer-arith -Wshadow -Wsign-compare -Wundef -Wunused -Wwrite-strings -Waddress -Wattributes -Wcast-align -Wcast-qual -Wdeclaration-after-statement -Wdiv-by-zero -Wempty-body -Wendif-labels -Wfloat-equal -Wformat-security -Wignored-qualifiers -Wmissing-field-initializers -Wmissing-noreturn -Wno-format-nonliteral -Wno-sign-conversion -Wno-system-headers -Wold-style-definition -Wredundant-decls -Wstrict-prototypes -Wtype-limits -Wunreachable-code -Wunused-parameter -Wvla -Wclobbered -Wmissing-parameter-type -Wold-style-declaration -Wpragmas -Wstrict-aliasing=3 -ftree-vrp -Wjump-misses-init -Wdouble-promotion -Wformat=2 -Wtrampolines -Warray-bounds=2 -Wduplicated-cond -Wnull-dereference -fdelete-null-pointer-checks -Wshift-negative-value -Wshift-overflow=2 -Wunused-const-variable -Walloc-zero -Wduplicated-branches -Wformat-truncation=2 -Wimplicit-fallthrough -Wrestrict -Warith-conversion -Wenum-conversion -D_GNU_SOURCE  CMakeFiles/cmTC_35d59.dir/CheckSymbolExists.c.o -o cmTC_35d59 
gmake[1]: выход из каталога «/home/vitaliy/scand/build/CMakeFiles/CMakeScratch/TryCompile-IyGsVW»


File CheckSymbolExists.c:
/* */
#include <sys/select.h>
#include <sys/socket.h>
#include <sys/time.h>
#include <sys/types.h>
#include <arpa/inet.h>
#include <ifaddrs.h>
#include <libgen.h>
#include <net/if.h>
#include <netdb.h>
#include <netinet/in.h>
#include <netinet/tcp.h>
#include <netinet/udp.h>
#include <unistd.h>

int main(int argc, char** argv)
{
  (void)argv;
#ifndef getsockname
  return ((int*)(&getsockname))[argc];
#else
  (void)argc;
  return 0;
#endif
}
Determining if the function getrlimit exists passed with the following output:
Change Dir: /home/vitaliy/scand/build/CMakeFiles/CMakeScratch/TryCompile-KAGQ2L

Run Build Command(s):/usr/bin/gmake -f Makefile cmTC_238cb/fast && /usr/bin/gmake  -f CMakeFiles/cmTC_238cb.dir/build.make CMakeFiles/cmTC_238cb.dir/build
gmake[1]: вход в каталог «/home/vitaliy/scand/build/CMakeFiles/CMakeScratch/TryCompile-KAGQ2L»
Building C object CMakeFiles/cmTC_238cb.dir/CheckFunctionExists.c.o
/usr/bin/cc   -Werror-implicit-function-declaration -W -Wall -pedantic -Wbad-function-cast -Wconversion -Wmissing-declarations -Wmissing-prototypes -Wnested-externs -Wno-long-long -Wno-multichar -Wpointer-arith -Wshadow -Wsign-compare -Wundef -Wunused -Wwrite-strings -Waddress -Wattributes -Wcast-align -Wcast-qual -Wdeclaration-after-statement -Wdiv-by-zero -Wempty-body -Wendif-labels -Wfloat-equal -Wformat-security -Wignored-qualifiers -Wmissing-field-initializers -Wmissing-noreturn -Wno-format-nonliteral -Wno-sign-conversion -Wno-system-headers -Wold-style-definition -Wredundant-decls -Wstrict-prototypes -Wtype-limits -Wunreachable-code -Wunused-parameter -Wvla -Wclobbered -Wmissing-parameter-type -Wold-style-declaration -Wpragmas -Wstrict-aliasing=3 -ftree-vrp -Wjump-misses-init -Wdouble-promotion -Wformat=2 -Wtrampolines -Warray-bounds=2 -Wduplicated-cond -Wnull-dereference -fdelete-null-pointer-checks -Wshift-negative-value -Wshift-overflow=2 -Wunused-const-variable -Walloc-zero -Wduplicated-branches -Wformat-truncation=2 -Wimplicit-fallthrough -Wrestrict -Warith-conversion -Wenum-conversion -D_GNU_SOURCE -DCHECK_FUNCTION_EXISTS=getrlimit -o CMakeFiles/cmTC_238cb.dir/CheckFunctionExists.c.o -c /home/vitaliy/scand/build/CMakeFiles/CMakeScratch/TryCompile-KAGQ2L/CheckFunctionExists.c
Linking C executable cmTC_238cb
/usr/bin/cmake -E cmake_link_script CMakeFiles/cmTC_238cb.dir/link.txt --verbose=1
/usr/bin/cc  -Werror-implicit-function-declaration -W -Wall -pedantic -Wbad-function-cast -Wconversion -Wmissing-declarations -Wmissing-prototypes -Wnested-externs -Wno-long-long -Wno-multichar -Wpointer-arith -Wshadow -Wsign-compare -Wundef -Wunused -Wwrite-strings -Waddress -Wattributes -Wcast-align -Wcast-qual -Wdeclaration-after-statement -Wdiv-by-zero -Wempty-body -Wendif-labels -Wfloat-equal -Wformat-security -Wignored-qualifiers -Wmissing-field-initializers -Wmissing-noreturn -Wno-format-nonliteral -Wno-sign-conversion -Wno-system-headers -Wold-style-definition -Wredundant-decls -Wstrict-prototypes -Wtype-limits -Wunreachable-code -Wunused-parameter -Wvla -Wclobbered -Wmissing-parameter-type -Wold-style-declaration -Wpragmas -Wstrict-aliasing=3 -ftree-vrp -Wjump-misses-init -Wdouble-promotion -Wformat=2 -Wtrampolines -Warray-bounds=2 -Wduplicated-cond -Wnull-dereference -fdelete-null-pointer-checks -Wshift-negative-value -Wshift-overflow=2 -Wunused-const-variable -Walloc-zero -Wduplicated-branches -Wformat-truncation=2 -Wimplicit-fallthrough -Wrestrict -Warith-conversion -Wenum-conversion -D_GNU_SOURCE -DCHECK_FUNCTION_EXISTS=getrlimit CMakeFiles/cmTC_238cb.dir/CheckFunctionExists.c.o -o cmTC_238cb 
gmake[1]: выход из каталога «/home/vitaliy/scand/build/CMakeFiles/CMakeScratch/TryCompile-KAGQ2L»



Determining if the function setlocale exists passed with the following output:
Change Dir: /home/vitaliy/scand/build/CMakeFiles/CMakeScratch/TryCompile-7Ybqxn

Run Build Command(s):/usr/bin/gmake -f Makefile cmTC_db551/fast && /usr/bin/gmake  -f CMakeFiles/cmTC_db551.dir/build.make CMakeFiles/cmTC_db551.dir/build
gmake[1]: вход в каталог «/home/vitaliy/scand/build/CMakeFiles/CMakeScratch/TryCompile-7Ybqxn»
Building C object CMakeFiles/cmTC_db551.dir/CheckFunctionExists.c.o
/usr/bin/cc   -Werror-implicit-function-declaration -W -Wall -pedantic -Wbad-function-cast -Wconversion -Wmissing-declarations -Wmissing-prototypes -Wnested-externs -Wno-long-long -Wno-multichar -Wpointer-arith -Wshadow -Wsign-compare -Wundef -Wunused -Wwrite-strings -Waddress -Wattributes -Wcast-align -Wcast-qual -Wdeclaration-after-statement -Wdiv-by-zero -Wempty-body -Wendif-labels -Wfloat-equal -Wformat-security -Wignored-qualifiers -Wmissing-field-initializers -Wmissing-noreturn -Wno-format-nonliteral -Wno-sign-conversion -Wno-system-headers -Wold-style-definition -Wredundant-decls -Wstrict-prototypes -Wtype-limits -Wunreachable-code -Wunused-parameter -Wvla -Wclobbered -Wmissing-parameter-type -Wold-style-declaration -Wpragmas -Wstrict-aliasing=3 -ftree-vrp -Wjump-misses-init -Wdouble-promotion -Wformat=2 -Wtrampolines -Warray-bounds=2 -Wduplicated-cond -Wnull-dereference -fdelete-null-pointer-checks -Wshift-negative-value -Wshift-overflow=2 -Wunused-const-variable -Walloc-zero -Wduplicated-branches -Wformat-truncation=2 -Wimplicit-fallthrough -Wrestrict -Warith-conversion -Wenum-conversion -D_GNU_SOURCE -DCHECK_FUNCTION_EXISTS=setlocale -o CMakeFiles/cmTC_db551.dir/CheckFunctionExists.c.o -c /home/vitaliy/scand/build/CMakeFiles/CMakeScratch/TryCompile-7Ybqxn/CheckFunctionExists.c
Linking C executable cmTC_db551
/usr/bin/cmake -E cmake_link_script CMakeFiles/cmTC_db551.dir/link.txt --verbose=1
/usr/bin/cc  -Werror-implicit-function-declaration -W -Wall -pedantic -Wbad-function-cast -Wconversion -Wmissing-declarations -Wmissing-prototypes -Wnested-externs -Wno-long-long -Wno-multichar -Wpointer-arith -Wshadow -Wsign-compare -Wundef -Wunused -Wwrite-strings -Waddress -Wattributes -Wcast-align -Wcast-qual -Wdeclaration-after-statement -Wdiv-by-zero -Wempty-body -Wendif-labels -Wfloat-equal -Wformat-security -Wignored-qualifiers -Wmissing-field-initializers -Wmissing-noreturn -Wno-format-nonliteral -Wno-sign-conversion -Wno-system-headers -Wold-style-definition -Wredundant-decls -Wstrict-prototypes -Wtype-limits -Wunreachable-code -Wunused-parameter -Wvla -Wclobbered -Wmissing-parameter-type -Wold-style-declaration -Wpragmas -Wstrict-aliasing=3 -ftree-vrp -Wjump-misses-init -Wdouble-promotion -Wformat=2 -Wtrampolines -Warray-bounds=2 -Wduplicated-cond -Wnull-dereference -fdelete-null-pointer-checks -Wshift-negative-value -Wshift-overflow=2 -Wunused-const-variable -Walloc-zero -Wduplicated-branches -Wformat-truncation=2 -Wimplicit-fallthrough -Wrestrict -Warith-conversion -Wenum-conversion -D_GNU_SOURCE -DCHECK_FUNCTION_EXISTS=setlocale CMakeFiles/cmTC_db551.dir/CheckFunctionExists.c.o -o cmTC_db551 
gmake[1]: выход из каталога «/home/vitaliy/scand/build/CMakeFiles/CMakeScratch/TryCompile-7Ybqxn»



Determining if the function setrlimit exists passed with the following output:
Change Dir: /home/vitaliy/scand/build/CMakeFiles/CMakeScratch/TryCompile-Q63lZe

Run Build Command(s):/usr/bin/gmake -f Makefile cmTC_5906b/fast && /usr/bin/gmake  -f CMakeFiles/cmTC_5906b.dir/build.make CMakeFiles/cmTC_5906b.dir/build
gmake[1]: вход в каталог «/home/vitaliy/scand/build/CMakeFiles/CMakeScratch/TryCompile-Q63lZe»
Building C object CMakeFiles/cmTC_5906b.dir/CheckFunctionExists.c.o
/usr/bin/cc   -Werror-implicit-function-declaration -W -Wall -pedantic -Wbad-function-cast -Wconversion -Wmissing-declarations -Wmissing-prototypes -Wnested-externs -Wno-long-long -Wno-multichar -Wpointer-arith -Wshadow -Wsign-compare -Wundef -Wunused -Wwrite-strings -Waddress -Wattributes -Wcast-align -Wcast-qual -Wdeclaration-after-statement -Wdiv-by-zero -Wempty-body -Wendif-labels -Wfloat-equal -Wformat-security -Wignored-qualifiers -Wmissing-field-initializers -Wmissing-noreturn -Wno-format-nonliteral -Wno-sign-conversion -Wno-system-headers -Wold-style-definition -Wredundant-decls -Wstrict-prototypes -Wtype-limits -Wunreachable-code -Wunused-parameter -Wvla -Wclobbered -Wmissing-parameter-type -Wold-style-declaration -Wpragmas -Wstrict-aliasing=3 -ftree-vrp -Wjump-misses-init -Wdouble-promotion -Wformat=2 -Wtrampolines -Warray-bounds=2 -Wduplicated-cond -Wnull-dereference -fdelete-null-pointer-checks -Wshift-negative-value -Wshift-overflow=2 -Wunused-const-variable -Walloc-zero -Wduplicated-branches -Wformat-truncation=2 -Wimplicit-fallthrough -Wrestrict -Warith-conversion -Wenum-conversion -D_GNU_SOURCE -DCHECK_FUNCTION_EXISTS=setrlimit -o CMakeFiles/cmTC_5906b.dir/CheckFunctionExists.c.o -c /home/vitaliy/scand/build/CMakeFiles/CMakeScratch/TryCompile-Q63lZe/CheckFunctionExists.c
Linking C executable cmTC_5906b
/usr/bin/cmake -E cmake_link_script CMakeFiles/cmTC_5906b.dir/link.txt --verbose=1
/usr/bin/cc  -Werror-implicit-function-declaration -W -Wall -pedantic -Wbad-function-cast -Wconversion -Wmissing-declarations -Wmissing-prototypes -Wnested-externs -Wno-long-long -Wno-multichar -Wpointer-arith -Wshadow -Wsign-compare -Wundef -Wunused -Wwrite-strings -Waddress -Wattributes -Wcast-align -Wcast-qual -Wdeclaration-after-statement -Wdiv-by-zero -Wempty-body -Wendif-labels -Wfloat-equal -Wformat-security -Wignored-qualifiers -Wmissing-field-initializers -Wmissing-noreturn -Wno-format-nonliteral -Wno-sign-conversion -Wno-system-headers -Wold-style-definition -Wredundant-decls -Wstrict-prototypes -Wtype-limits -Wunreachable-code -Wunused-parameter -Wvla -Wclobbered -Wmissing-parameter-type -Wold-style-declaration -Wpragmas -Wstrict-aliasing=3 -ftree-vrp -Wjump-misses-init -Wdouble-promotion -Wformat=2 -Wtrampolines -Warray-bounds=2 -Wduplicated-cond -Wnull-dereference -fdelete-null-pointer-checks -Wshift-negative-value -Wshift-overflow=2 -Wunused-const-variable -Walloc-zero -Wduplicated-branches -Wformat-truncation=2 -Wimplicit-fallthrough -Wrestrict -Warith-conversion -Wenum-conversion -D_GNU_SOURCE -DCHECK_FUNCTION_EXISTS=setrlimit CMakeFiles/cmTC_5906b.dir/CheckFunctionExists.c.o -o cmTC_5906b 
gmake[1]: выход из каталога «/home/vitaliy/scand/build/CMakeFiles/CMakeScratch/TryCompile-Q63lZe»



Determining if the function if_nametoindex exists passed with the following output:
Change Dir: /home/vitaliy/scand/build/CMakeFiles/CMakeScratch/TryCompile-nGOS5a

Run Build Command(s):/usr/bin/gmake -f Makefile cmTC_4101c/fast && /usr/bin/gmake  -f CMakeFiles/cmTC_4101c.dir/build.make CMakeFiles/cmTC_4101c.dir/build
gmake[1]: вход в каталог «/home/vitaliy/scand/build/CMakeFiles/CMakeScratch/TryCompile-nGOS5a»
Building C object CMakeFiles/cmTC_4101c.dir/CheckFunctionExists.c.o
/usr/bin/cc   -Werror-implicit-function-declaration -W -Wall -pedantic -Wbad-function-cast -Wconversion -Wmissing-declarations -Wmissing-prototypes -Wnested-externs -Wno-long-long -Wno-multichar -Wpointer-arith -Wshadow -Wsign-compare -Wundef -Wunused -Wwrite-strings -Waddress -Wattributes -Wcast-align -Wcast-qual -Wdeclaration-after-statement -Wdiv-by-zero -Wempty-body -Wendif-labels -Wfloat-equal -Wformat-security -Wignored-qualifiers -Wmissing-field-initializers -Wmissing-noreturn -Wno-format-nonliteral -Wno-sign-conversion -Wno-system-headers -Wold-style-definition -Wredundant-decls -Wstrict-prototypes -Wtype-limits -Wunreachable-code -Wunused-parameter -Wvla -Wclobbered -Wmissing-parameter-type -Wold-style-declaration -Wpragmas -Wstrict-aliasing=3 -ftree-vrp -Wjump-misses-init -Wdouble-promotion -Wformat=2 -Wtrampolines -Warray-bounds=2 -Wduplicated-cond -Wnull-dereference -fdelete-null-pointer-checks -Wshift-negative-value -Wshift-overflow=2 -Wunused-const-variable -Walloc-zero -Wduplicated-branches -Wformat-truncation=2 -Wimplicit-fallthrough -Wrestrict -Warith-conversion -Wenum-conversion -D_GNU_SOURCE -DCHECK_FUNCTION_EXISTS=if_nametoindex -o CMakeFiles/cmTC_4101c.dir/CheckFunctionExists.c.o -c /home/vitaliy/scand/build/CMakeFiles/CMakeScratch/TryCompile-nGOS5a/CheckFunctionExists.c
Linking C executable cmTC_4101c
/usr/bin/cmake -E cmake_link_script CMakeFiles/cmTC_4101c.dir/link.txt --verbose=1
/usr/bin/cc  -Werror-implicit-function-declaration -W -Wall -pedantic -Wbad-function-cast -Wconversion -Wmissing-declarations -Wmissing-prototypes -Wnested-externs -Wno-long-long -Wno-multichar -Wpointer-arith -Wshadow -Wsign-compare -Wundef -Wunused -Wwrite-strings -Waddress -Wattributes -Wcast-align -Wcast-qual -Wdeclaration-after-statement -Wdiv-by-zero -Wempty-body -Wendif-labels -Wfloat-equal -Wformat-security -Wignored-qualifiers -Wmissing-field-initializers -Wmissing-noreturn -Wno-format-nonliteral -Wno-sign-conversion -Wno-system-headers -Wold-style-definition -Wredundant-decls -Wstrict-prototypes -Wtype-limits -Wunreachable-code -Wunused-parameter -Wvla -Wclobbered -Wmissing-parameter-type -Wold-style-declaration -Wpragmas -Wstrict-aliasing=3 -ftree-vrp -Wjump-misses-init -Wdouble-promotion -Wformat=2 -Wtrampolines -Warray-bounds=2 -Wduplicated-cond -Wnull-dereference -fdelete-null-pointer-checks -Wshift-negative-value -Wshift-overflow=2 -Wunused-const-variable -Walloc-zero -Wduplicated-branches -Wformat-truncation=2 -Wimplicit-fallthrough -Wrestrict -Warith-conversion -Wenum-conversion -D_GNU_SOURCE -DCHECK_FUNCTION_EXISTS=if_nametoindex CMakeFiles/cmTC_4101c.dir/CheckFunctionExists.c.o -o cmTC_4101c 
gmake[1]: выход из каталога «/home/vitaliy/scand/build/CMakeFiles/CMakeScratch/TryCompile-nGOS5a»



Determining if the function realpath exists passed with the following output:
Change Dir: /home/vitaliy/scand/build/CMakeFiles/CMakeScratch/TryCompile-lsi9Od

Run Build Command(s):/usr/bin/gmake -f Makefile cmTC_668fb/fast && /usr/bin/gmake  -f CMakeFiles/cmTC_668fb.dir/build.make CMakeFiles/cmTC_668fb.dir/build
gmake[1]: вход в каталог «/home/vitaliy/scand/build/CMakeFiles/CMakeScratch/TryCompile-lsi9Od»
Building C object CMakeFiles/cmTC_668fb.dir/CheckFunctionExists.c.o
/usr/bin/cc   -Werror-implicit-function-declaration -W -Wall -pedantic -Wbad-function-cast -Wconversion -Wmissing-declarations -Wmissing-prototypes -Wnested-externs -Wno-long-long -Wno-multichar -Wpointer-arith -Wshadow -Wsign-compare -Wundef -Wunused -Wwrite-strings -Waddress -Wattributes -Wcast-align -Wcast-qual -Wdeclaration-after-statement -Wdiv-by-zero -Wempty-body -Wendif-labels -Wfloat-equal -Wformat-security -Wignored-qualifiers -Wmissing-field-initializers -Wmissing-noreturn -Wno-format-nonliteral -Wno-sign-conversion -Wno-system-headers -Wold-style-definition -Wredundant-decls -Wstrict-prototypes -Wtype-limits -Wunreachable-code -Wunused-parameter -Wvla -Wclobbered -Wmissing-parameter-type -Wold-style-declaration -Wpragmas -Wstrict-aliasing=3 -ftree-vrp -Wjump-misses-init -Wdouble-promotion -Wformat=2 -Wtrampolines -Warray-bounds=2 -Wduplicated-cond -Wnull-dereference -fdelete-null-pointer-checks -Wshift-negative-value -Wshift-overflow=2 -Wunused-const-variable -Walloc-zero -Wduplicated-branches -Wformat-truncation=2 -Wimplicit-fallthrough -Wrestrict -Warith-conversion -Wenum-conversion -D_GNU_SOURCE -DCHECK_FUNCTION_EXISTS=realpath -o CMakeFiles/cmTC_668fb.dir/CheckFunctionExists.c.o -c /home/vitaliy/scand/build/CMakeFiles/CMakeScratch/TryCompile-lsi9Od/CheckFunctionExists.c
Linking C executable cmTC_668fb
/usr/bin/cmake -E cmake_link_script CMakeFiles/cmTC_668fb.dir/link.txt --verbose=1
/usr/bin/cc  -Werror-implicit-function-declaration -W -Wall -pedantic -Wbad-function-cast -Wconversion -Wmissing-declarations -Wmissing-prototypes -Wnested-externs -Wno-long-long -Wno-multichar -Wpointer-arith -Wshadow -Wsign-compare -Wundef -Wunused -Wwrite-strings -Waddress -Wattributes -Wcast-align -Wcast-qual -Wdeclaration-after-statement -Wdiv-by-zero -Wempty-body -Wendif-labels -Wfloat-equal -Wformat-security -Wignored-qualifiers -Wmissing-field-initializers -Wmissing-noreturn -Wno-format-nonliteral -Wno-sign-conversion -Wno-system-headers -Wold-style-definition -Wredundant-decls -Wstrict-prototypes -Wtype-limits -Wunreachable-code -Wunused-parameter -Wvla -Wclobbered -Wmissing-parameter-type -Wold-style-declaration -Wpragmas -Wstrict-aliasing=3 -ftree-vrp -Wjump-misses-init -Wdouble-promotion -Wformat=2 -Wtrampolines -Warray-bounds=2 -Wduplicated-cond -Wnull-dereference -fdelete-null-pointer-checks -Wshift-negative-value -Wshift-overflow=2 -Wunused-const-variable -Walloc-zero -Wduplicated-branches -Wformat-truncation=2 -Wimplicit-fallthrough -Wrestrict -Warith-conversion -Wenum-conversion -D_GNU_SOURCE -DCHECK_FUNCTION_EXISTS=realpath CMakeFiles/cmTC_668fb.dir/CheckFunctionExists.c.o -o cmTC_668fb 
gmake[1]: выход из каталога «/home/vitaliy/scand/build/CMakeFiles/CMakeScratch/TryCompile-lsi9Od»



Determining if the function sched_yield exists passed with the following output:
Change Dir: /home/vitaliy/scand/build/CMakeFiles/CMakeScratch/TryCompile-zKO1LG

Run Build Command(s):/usr/bin/gmake -f Makefile cmTC_f88c7/fast && /usr/bin/gmake  -f CMakeFiles/cmTC_f88c7.dir/build.make CMakeFiles/cmTC_f88c7.dir/build
gmake[1]: вход в каталог «/home/vitaliy/scand/build/CMakeFiles/CMakeScratch/TryCompile-zKO1LG»
Building C object CMakeFiles/cmTC_f88c7.dir/CheckFunctionExists.c.o
/usr/bin/cc   -Werror-implicit-function-declaration -W -Wall -pedantic -Wbad-function-cast -Wconversion -Wmissing-declarations -Wmissing-prototypes -Wnested-externs -Wno-long-long -Wno-multichar -Wpointer-arith -Wshadow -Wsign-compare -Wundef -Wunused -Wwrite-strings -Waddress -Wattributes -Wcast-align -Wcast-qual -Wdeclaration-after-statement -Wdiv-by-zero -Wempty-body -Wendif-labels -Wfloat-equal -Wformat-security -Wignored-qualifiers -Wmissing-field-initializers -Wmissing-noreturn -Wno-format-nonliteral -Wno-sign-conversion -Wno-system-headers -Wold-style-definition -Wredundant-decls -Wstrict-prototypes -Wtype-limits -Wunreachable-code -Wunused-parameter -Wvla -Wclobbered -Wmissing-parameter-type -Wold-style-declaration -Wpragmas -Wstrict-aliasing=3 -ftree-vrp -Wjump-misses-init -Wdouble-promotion -Wformat=2 -Wtrampolines -Warray-bounds=2 -Wduplicated-cond -Wnull-dereference -fdelete-null-pointer-checks -Wshift-negative-value -Wshift-overflow=2 -Wunused-const-variable -Walloc-zero -Wduplicated-branches -Wformat-truncation=2 -Wimplicit-fallthrough -Wrestrict -Warith-conversion -Wenum-conversion -D_GNU_SOURCE -DCHECK_FUNCTION_EXISTS=sched_yield -o CMakeFiles/cmTC_f88c7.dir/CheckFunctionExists.c.o -c /home/vitaliy/scand/build/CMakeFiles/CMakeScratch/TryCompile-zKO1LG/CheckFunctionExists.c
Linking C executable cmTC_f88c7
/usr/bin/cmake -E cmake_link_script CMakeFiles/cmTC_f88c7.dir/link.txt --verbose=1
/usr/bin/cc  -Werror-implicit-function-declaration -W -Wall -pedantic -Wbad-function-cast -Wconversion -Wmissing-declarations -Wmissing-prototypes -Wnested-externs -Wno-long-long -Wno-multichar -Wpointer-arith -Wshadow -Wsign-compare -Wundef -Wunused -Wwrite-strings -Waddress -Wattributes -Wcast-align -Wcast-qual -Wdeclaration-after-statement -Wdiv-by-zero -Wempty-body -Wendif-labels -Wfloat-equal -Wformat-security -Wignored-qualifiers -Wmissing-field-initializers -Wmissing-noreturn -Wno-format-nonliteral -Wno-sign-conversion -Wno-system-headers -Wold-style-definition -Wredundant-decls -Wstrict-prototypes -Wtype-limits -Wunreachable-code -Wunused-parameter -Wvla -Wclobbered -Wmissing-parameter-type -Wold-style-declaration -Wpragmas -Wstrict-aliasing=3 -ftree-vrp -Wjump-misses-init -Wdouble-promotion -Wformat=2 -Wtrampolines -Warray-bounds=2 -Wduplicated-cond -Wnull-dereference -fdelete-null-pointer-checks -Wshift-negative-value -Wshift-overflow=2 -Wunused-const-variable -Walloc-zero -Wduplicated-branches -Wformat-truncation=2 -Wimplicit-fallthrough -Wrestrict -Warith-conversion -Wenum-conversion -D_GNU_SOURCE -DCHECK_FUNCTION_EXISTS=sched_yield CMakeFiles/cmTC_f88c7.dir/CheckFunctionExists.c.o -o cmTC_f88c7 
gmake[1]: выход из каталога «/home/vitaliy/scand/build/CMakeFiles/CMakeScratch/TryCompile-zKO1LG»



Determining if the strcasecmp exist passed with the following output:
Change Dir: /home/vitaliy/scand/build/CMakeFiles/CMakeScratch/TryCompile-70oOKG

Run Build Command(s):/usr/bin/gmake -f Makefile cmTC_dc0d5/fast && /usr/bin/gmake  -f CMakeFiles/cmTC_dc0d5.dir/build.make CMakeFiles/cmTC_dc0d5.dir/build
gmake[1]: вход в каталог «/home/vitaliy/scand/build/CMakeFiles/CMakeScratch/TryCompile-70oOKG»
Building C object CMakeFiles/cmTC_dc0d5.dir/CheckSymbolExists.c.o
/usr/bin/cc   -Werror-implicit-function-declaration -W -Wall -pedantic -Wbad-function-cast -Wconversion -Wmissing-declarations -Wmissing-prototypes -Wnested-externs -Wno-long-long -Wno-multichar -Wpointer-arith -Wshadow -Wsign-compare -Wundef -Wunused -Wwrite-strings -Waddress -Wattributes -Wcast-align -Wcast-qual -Wdeclaration-after-statement -Wdiv-by-zero -Wempty-body -Wendif-labels -Wfloat-equal -Wformat-security -Wignored-qualifiers -Wmissing-field-initializers -Wmissing-noreturn -Wno-format-nonliteral -Wno-sign-conversion -Wno-system-headers -Wold-style-definition -Wredundant-decls -Wstrict-prototypes -Wtype-limits -Wunreachable-code -Wunused-parameter -Wvla -Wclobbered -Wmissing-parameter-type -Wold-style-declaration -Wpragmas -Wstrict-aliasing=3 -ftree-vrp -Wjump-misses-init -Wdouble-promotion -Wformat=2 -Wtrampolines -Warray-bounds=2 -Wduplicated-cond -Wnull-dereference -fdelete-null-pointer-checks -Wshift-negative-value -Wshift-overflow=2 -Wunused-const-variable -Walloc-zero -Wduplicated-branches -Wformat-truncation=2 -Wimplicit-fallthrough -Wrestrict -Warith-conversion -Wenum-conversion -D_GNU_SOURCE  -o CMakeFiles/cmTC_dc0d5.dir/CheckSymbolExists.c.o -c /home/vitaliy/scand/build/CMakeFiles/CMakeScratch/TryCompile-70oOKG/CheckSymbolExists.c
/home/vitaliy/scand/build/CMakeFiles/CMakeScratch/TryCompile-70oOKG/CheckSymbolExists.c: In function ‘main’:
/home/vitaliy/scand/build/CMakeFiles/CMakeScratch/TryCompile-70oOKG/CheckSymbolExists.c:8:11: warning: ISO C forbids conversion of function pointer to object pointer type [-Wpedantic]
    8 |   return ((int*)(&strcasecmp))[argc];
      |           ^
Linking C executable cmTC_dc0d5
/usr/bin/cmake -E cmake_link_script CMakeFiles/cmTC_dc0d5.dir/link.txt --verbose=1
/usr/bin/cc  -Werror-implicit-function-declaration -W -Wall -pedantic -Wbad-function-cast -Wconversion -Wmissing-declarations -Wmissing-prototypes -Wnested-externs -Wno-long-long -Wno-multichar -Wpointer-arith -Wshadow -Wsign-compare -Wundef -Wunused -Wwrite-strings -Waddress -Wattributes -Wcast-align -Wcast-qual -Wdeclaration-after-statement -Wdiv-by-zero -Wempty-body -Wendif-labels -Wfloat-equal -Wformat-security -Wignored-qualifiers -Wmissing-field-initializers -Wmissing-noreturn -Wno-format-nonliteral -Wno-sign-conversion -Wno-system-headers -Wold-style-definition -Wredundant-decls -Wstrict-prototypes -Wtype-limits -Wunreachable-code -Wunused-parameter -Wvla -Wclobbered -Wmissing-parameter-type -Wold-style-declaration -Wpragmas -Wstrict-aliasing=3 -ftree-vrp -Wjump-misses-init -Wdouble-promotion -Wformat=2 -Wtrampolines -Warray-bounds=2 -Wduplicated-cond -Wnull-dereference -fdelete-null-pointer-checks -Wshift-negative-value -Wshift-overflow=2 -Wunused-const-variable -Walloc-zero -Wduplicated-branches -Wformat-truncation=2 -Wimplicit-fallthrough -Wrestrict -Warith-conversion -Wenum-conversion -D_GNU_SOURCE  CMakeFiles/cmTC_dc0d5.dir/CheckSymbolExists.c.o -o cmTC_dc0d5 
gmake[1]: выход из каталога «/home/vitaliy/scand/build/CMakeFiles/CMakeScratch/TryCompile-70oOKG»


File CheckSymbolExists.c:
/* */
#include <string.h>

int main(int argc, char** argv)
{
  (void)argv;
#ifndef strcasecmp
  return ((int*)(&strcasecmp))[argc];
#else
  (void)argc;
  return 0;
#endif
}
Determining if the function snprintf exists passed with the following output:
Change Dir: /home/vitaliy/scand/build/CMakeFiles/CMakeScratch/TryCompile-0qJ4SX

Run Build Command(s):/usr/bin/gmake -f Makefile cmTC_1d432/fast && /usr/bin/gmake  -f CMakeFiles/cmTC_1d432.dir/build.make CMakeFiles/cmTC_1d432.dir/build
gmake[1]: вход в каталог «/home/vitaliy/scand/build/CMakeFiles/CMakeScratch/TryCompile-0qJ4SX»
Building C object CMakeFiles/cmTC_1d432.dir/CheckFunctionExists.c.o
/usr/bin/cc   -Werror-implicit-function-declaration -W -Wall -pedantic -Wbad-function-cast -Wconversion -Wmissing-declarations -Wmissing-prototypes -Wnested-externs -Wno-long-long -Wno-multichar -Wpointer-arith -Wshadow -Wsign-compare -Wundef -Wunused -Wwrite-strings -Waddress -Wattributes -Wcast-align -Wcast-qual -Wdeclaration-after-statement -Wdiv-by-zero -Wempty-body -Wendif-labels -Wfloat-equal -Wformat-security -Wignored-qualifiers -Wmissing-field-initializers -Wmissing-noreturn -Wno-format-nonliteral -Wno-sign-conversion -Wno-system-headers -Wold-style-definition -Wredundant-decls -Wstrict-prototypes -Wtype-limits -Wunreachable-code -Wunused-parameter -Wvla -Wclobbered -Wmissing-parameter-type -Wold-style-declaration -Wpragmas -Wstrict-aliasing=3 -ftree-vrp -Wjump-misses-init -Wdouble-promotion -Wformat=2 -Wtrampolines -Warray-bounds=2 -Wduplicated-cond -Wnull-dereference -fdelete-null-pointer-checks -Wshift-negative-value -Wshift-overflow=2 -Wunused-const-variable -Walloc-zero -Wduplicated-branches -Wformat-truncation=2 -Wimplicit-fallthrough -Wrestrict -Warith-conversion -Wenum-conversion -D_GNU_SOURCE -DCHECK_FUNCTION_EXISTS=snprintf -o CMakeFiles/cmTC_1d432.dir/CheckFunctionExists.c.o -c /home/vitaliy/scand/build/CMakeFiles/CMakeScratch/TryCompile-0qJ4SX/CheckFunctionExists.c
<command-line>: warning: conflicting types for built-in function ‘snprintf’; expected ‘int(char *, long unsigned int,  const char *, ...)’ [-Wbuiltin-declaration-mismatch]
/home/vitaliy/scand/build/CMakeFiles/CMakeScratch/TryCompile-0qJ4SX/CheckFunctionExists.c:7:3: note: in expansion of macro ‘CHECK_FUNCTION_EXISTS’
    7 |   CHECK_FUNCTION_EXISTS(void);
      |   ^~~~~~~~~~~~~~~~~~~~~
/home/vitaliy/scand/build/CMakeFiles/CMakeScratch/TryCompile-0qJ4SX/CheckFunctionExists.c:1:1: note: ‘snprintf’ is declared in header ‘<stdio.h>’
  +++ |+#include <stdio.h>
    1 | #ifdef CHECK_FUNCTION_EXISTS
Linking C executable cmTC_1d432
/usr/bin/cmake -E cmake_link_script CMakeFiles/cmTC_1d432.dir/link.txt --verbose=1
/usr/bin/cc  -Werror-implicit-function-declaration -W -Wall -pedantic -Wbad-function-cast -Wconversion -Wmissing-declarations -Wmissing-prototypes -Wnested-externs -Wno-long-long -Wno-multichar -Wpointer-arith -Wshadow -Wsign-compare -Wundef -Wunused -Wwrite-strings -Waddress -Wattributes -Wcast-align -Wcast-qual -Wdeclaration-after-statement -Wdiv-by-zero -Wempty-body -Wendif-labels -Wfloat-equal -Wformat-security -Wignored-qualifiers -Wmissing-field-initializers -Wmissing-noreturn -Wno-format-nonliteral -Wno-sign-conversion -Wno-system-headers -Wold-style-definition -Wredundant-decls -Wstrict-prototypes -Wtype-limits -Wunreachable-code -Wunused-parameter -Wvla -Wclobbered -Wmissing-parameter-type -Wold-style-declaration -Wpragmas -Wstrict-aliasing=3 -ftree-vrp -Wjump-misses-init -Wdouble-promotion -Wformat=2 -Wtrampolines -Warray-bounds=2 -Wduplicated-cond -Wnull-dereference -fdelete-null-pointer-checks -Wshift-negative-value -Wshift-overflow=2 -Wunused-const-variable -Walloc-zero -Wduplicated-branches -Wformat-truncation=2 -Wimplicit-fallthrough -Wrestrict -Warith-conversion -Wenum-conversion -D_GNU_SOURCE -DCHECK_FUNCTION_EXISTS=snprintf CMakeFiles/cmTC_1d432.dir/CheckFunctionExists.c.o -o cmTC_1d432 
gmake[1]: выход из каталога «/home/vitaliy/scand/build/CMakeFiles/CMakeScratch/TryCompile-0qJ4SX»



Determining if the inet_ntop exist passed with the following output:
Change Dir: /home/vitaliy/scand/build/CMakeFiles/CMakeScratch/TryCompile-DYzDLh

Run Build Command(s):/usr/bin/gmake -f Makefile cmTC_a458f/fast && /usr/bin/gmake  -f CMakeFiles/cmTC_a458f.dir/build.make CMakeFiles/cmTC_a458f.dir/build
gmake[1]: вход в каталог «/home/vitaliy/scand/build/CMakeFiles/CMakeScratch/TryCompile-DYzDLh»
Building C object CMakeFiles/cmTC_a458f.dir/CheckSymbolExists.c.o
/usr/bin/cc   -Werror-implicit-function-declaration -W -Wall -pedantic -Wbad-function-cast -Wconversion -Wmissing-declarations -Wmissing-prototypes -Wnested-externs -Wno-long-long -Wno-multichar -Wpointer-arith -Wshadow -Wsign-compare -Wundef -Wunused -Wwrite-strings -Waddress -Wattributes -Wcast-align -Wcast-qual -Wdeclaration-after-statement -Wdiv-by-zero -Wempty-body -Wendif-labels -Wfloat-equal -Wformat-security -Wignored-qualifiers -Wmissing-field-initializers -Wmissing-noreturn -Wno-format-nonliteral -Wno-sign-conversion -Wno-system-headers -Wold-style-definition -Wredundant-decls -Wstrict-prototypes -Wtype-limits -Wunreachable-code -Wunused-parameter -Wvla -Wclobbered -Wmissing-parameter-type -Wold-style-declaration -Wpragmas -Wstrict-aliasing=3 -ftree-vrp -Wjump-misses-init -Wdouble-promotion -Wformat=2 -Wtrampolines -Warray-bounds=2 -Wduplicated-cond -Wnull-dereference -fdelete-null-pointer-checks -Wshift-negative-value -Wshift-overflow=2 -Wunused-const-variable -Walloc-zero -Wduplicated-branches -Wformat-truncation=2 -Wimplicit-fallthrough -Wrestrict -Warith-conversion -Wenum-conversion -D_GNU_SOURCE  -o CMakeFiles/cmTC_a458f.dir/CheckSymbolExists.c.o -c /home/vitaliy/scand/build/CMakeFiles/CMakeScratch/TryCompile-DYzDLh/CheckSymbolExists.c
/home/vitaliy/scand/build/CMakeFiles/CMakeScratch/TryCompile-DYzDLh/CheckSymbolExists.c: In function ‘main’:
/home/vitaliy/scand/build/CMakeFiles/CMakeScratch/TryCompile-DYzDLh/CheckSymbolExists.c:22:11: warning: ISO C forbids conversion of function pointer to object pointer type [-Wpedantic]
   22 |   return ((int*)(&inet_ntop))[argc];
      |           ^
Linking C executable cmTC_a458f
/usr/bin/cmake -E cmake_link_script CMakeFiles/cmTC_a458f.dir/link.txt --verbose=1
/usr/bin/cc  -Werror-implicit-function-declaration -W -Wall -pedantic -Wbad-function-cast -Wconversion -Wmissing-declarations -Wmissing-prototypes -Wnested-externs -Wno-long-long -Wno-multichar -Wpointer-arith -Wshadow -Wsign-compare -Wundef -Wunused -Wwrite-strings -Waddress -Wattributes -Wcast-align -Wcast-qual -Wdeclaration-after-statement -Wdiv-by-zero -Wempty-body -Wendif-labels -Wfloat-equal -Wformat-security -Wignored-qualifiers -Wmissing-field-initializers -Wmissing-noreturn -Wno-format-nonliteral -Wno-sign-conversion -Wno-system-headers -Wold-style-definition -Wredundant-decls -Wstrict-prototypes -Wtype-limits -Wunreachable-code -Wunused-parameter -Wvla -Wclobbered -Wmissing-parameter-type -Wold-style-declaration -Wpragmas -Wstrict-aliasing=3 -ftree-vrp -Wjump-misses-init -Wdouble-promotion -Wformat=2 -Wtrampolines -Warray-bounds=2 -Wduplicated-cond -Wnull-dereference -fdelete-null-pointer-checks -Wshift-negative-value -Wshift-overflow=2 -Wunused-const-variable -Walloc-zero -Wduplicated-branches -Wformat-truncation=2 -Wimplicit-fallthrough -Wrestrict -Warith-conversion -Wenum-conversion -D_GNU_SOURCE  CMakeFiles/cmTC_a458f.dir/CheckSymbolExists.c.o -o cmTC_a458f 
gmake[1]: выход из каталога «/home/vitaliy/scand/build/CMakeFiles/CMakeScratch/TryCompile-DYzDLh»


File CheckSymbolExists.c:
/* */
#include <sys/select.h>
#include <sys/socket.h>
#include <sys/time.h>
#include <sys/types.h>
#include <arpa/inet.h>
#include <ifaddrs.h>
#include <libgen.h>
#include <net/if.h>
#include <netdb.h>
#include <netinet/in.h>
#include <netinet/tcp.h>
#include <netinet/udp.h>
#include <unistd.h>
#include <stdlib.h>
#include <string.h>

int main(int argc, char** argv)
{
  (void)argv;
#ifndef inet_ntop
  return ((int*)(&inet_ntop))[argc];
#else
  (void)argc;
  return 0;
#endif
}
Determining if the inet_pton exist passed with the following output:
Change Dir: /home/vitaliy/scand/build/CMakeFiles/CMakeScratch/TryCompile-qx4BWa

Run Build Command(s):/usr/bin/gmake -f Makefile cmTC_14c50/fast && /usr/bin/gmake  -f CMakeFiles/cmTC_14c50.dir/build.make CMakeFiles/cmTC_14c50.dir/build
gmake[1]: вход в каталог «/home/vitaliy/scand/build/CMakeFiles/CMakeScratch/TryCompile-qx4BWa»
Building C object CMakeFiles/cmTC_14c50.dir/CheckSymbolExists.c.o
/usr/bin/cc   -Werror-implicit-function-declaration -W -Wall -pedantic -Wbad-function-cast -Wconversion -Wmissing-declarations -Wmissing-prototypes -Wnested-externs -Wno-long-long -Wno-multichar -Wpointer-arith -Wshadow -Wsign-compare -Wundef -Wunused -Wwrite-strings -Waddress -Wattributes -Wcast-align -Wcast-qual -Wdeclaration-after-statement -Wdiv-by-zero -Wempty-body -Wendif-labels -Wfloat-equal -Wformat-security -Wignored-qualifiers -Wmissing-field-initializers -Wmissing-noreturn -Wno-format-nonliteral -Wno-sign-conversion -Wno-system-headers -Wold-style-definition -Wredundant-decls -Wstrict-prototypes -Wtype-limits -Wunreachable-code -Wunused-parameter -Wvla -Wclobbered -Wmissing-parameter-type -Wold-style-declaration -Wpragmas -Wstrict-aliasing=3 -ftree-vrp -Wjump-misses-init -Wdouble-promotion -Wformat=2 -Wtrampolines -Warray-bounds=2 -Wduplicated-cond -Wnull-dereference -fdelete-null-pointer-checks -Wshift-negative-value -Wshift-overflow=2 -Wunused-const-variable -Walloc-zero -Wduplicated-branches -Wformat-truncation=2 -Wimplicit-fallthrough -Wrestrict -Warith-conversion -Wenum-conversion -D_GNU_SOURCE  -o CMakeFiles/cmTC_14c50.dir/CheckSymbolExists.c.o -c /home/vitaliy/scand/build/CMakeFiles/CMakeScratch/TryCompile-qx4BWa/CheckSymbolExists.c
/home/vitaliy/scand/build/CMakeFiles/CMakeScratch/TryCompile-qx4BWa/CheckSymbolExists.c: In function ‘main’:
/home/vitaliy/scand/build/CMakeFiles/CMakeScratch/TryCompile-qx4BWa/CheckSymbolExists.c:22:11: warning: ISO C forbids conversion of function pointer to object pointer type [-Wpedantic]
   22 |   return ((int*)(&inet_pton))[argc];
      |           ^
Linking C executable cmTC_14c50
/usr/bin/cmake -E cmake_link_script CMakeFiles/cmTC_14c50.dir/link.txt --verbose=1
/usr/bin/cc  -Werror-implicit-function-declaration -W -Wall -pedantic -Wbad-function-cast -Wconversion -Wmissing-declarations -Wmissing-prototypes -Wnested-externs -Wno-long-long -Wno-multichar -Wpointer-arith -Wshadow -Wsign-compare -Wundef -Wunused -Wwrite-strings -Waddress -Wattributes -Wcast-align -Wcast-qual -Wdeclaration-after-statement -Wdiv-by-zero -Wempty-body -Wendif-labels -Wfloat-equal -Wformat-security -Wignored-qualifiers -Wmissing-field-initializers -Wmissing-noreturn -Wno-format-nonliteral -Wno-sign-conversion -Wno-system-headers -Wold-style-definition -Wredundant-decls -Wstrict-prototypes -Wtype-limits -Wunreachable-code -Wunused-parameter -Wvla -Wclobbered -Wmissing-parameter-type -Wold-style-declaration -Wpragmas -Wstrict-aliasing=3 -ftree-vrp -Wjump-misses-init -Wdouble-promotion -Wformat=2 -Wtrampolines -Warray-bounds=2 -Wduplicated-cond -Wnull-dereference -fdelete-null-pointer-checks -Wshift-negative-value -Wshift-overflow=2 -Wunused-const-variable -Walloc-zero -Wduplicated-branches -Wformat-truncation=2 -Wimplicit-fallthrough -Wrestrict -Warith-conversion -Wenum-conversion -D_GNU_SOURCE  CMakeFiles/cmTC_14c50.dir/CheckSymbolExists.c.o -o cmTC_14c50 
gmake[1]: выход из каталога «/home/vitaliy/scand/build/CMakeFiles/CMakeScratch/TryCompile-qx4BWa»


File CheckSymbolExists.c:
/* */
#include <sys/select.h>
#include <sys/socket.h>
#include <sys/time.h>
#include <sys/types.h>
#include <arpa/inet.h>
#include <ifaddrs.h>
#include <libgen.h>
#include <net/if.h>
#include <netdb.h>
#include <netinet/in.h>
#include <netinet/tcp.h>
#include <netinet/udp.h>
#include <unistd.h>
#include <stdlib.h>
#include <string.h>

int main(int argc, char** argv)
{
  (void)argv;
#ifndef inet_pton
  return ((int*)(&inet_pton))[argc];
#else
  (void)argc;
  return 0;
#endif
}
Determining if the fsetxattr exist passed with the following output:
Change Dir: /home/vitaliy/scand/build/CMakeFiles/CMakeScratch/TryCompile-pywcXY

Run Build Command(s):/usr/bin/gmake -f Makefile cmTC_14f5b/fast && /usr/bin/gmake  -f CMakeFiles/cmTC_14f5b.dir/build.make CMakeFiles/cmTC_14f5b.dir/build
gmake[1]: вход в каталог «/home/vitaliy/scand/build/CMakeFiles/CMakeScratch/TryCompile-pywcXY»
Building C object CMakeFiles/cmTC_14f5b.dir/CheckSymbolExists.c.o
/usr/bin/cc   -Werror-implicit-function-declaration -W -Wall -pedantic -Wbad-function-cast -Wconversion -Wmissing-declarations -Wmissing-prototypes -Wnested-externs -Wno-long-long -Wno-multichar -Wpointer-arith -Wshadow -Wsign-compare -Wundef -Wunused -Wwrite-strings -Waddress -Wattributes -Wcast-align -Wcast-qual -Wdeclaration-after-statement -Wdiv-by-zero -Wempty-body -Wendif-labels -Wfloat-equal -Wformat-security -Wignored-qualifiers -Wmissing-field-initializers -Wmissing-noreturn -Wno-format-nonliteral -Wno-sign-conversion -Wno-system-headers -Wold-style-definition -Wredundant-decls -Wstrict-prototypes -Wtype-limits -Wunreachable-code -Wunused-parameter -Wvla -Wclobbered -Wmissing-parameter-type -Wold-style-declaration -Wpragmas -Wstrict-aliasing=3 -ftree-vrp -Wjump-misses-init -Wdouble-promotion -Wformat=2 -Wtrampolines -Warray-bounds=2 -Wduplicated-cond -Wnull-dereference -fdelete-null-pointer-checks -Wshift-negative-value -Wshift-overflow=2 -Wunused-const-variable -Walloc-zero -Wduplicated-branches -Wformat-truncation=2 -Wimplicit-fallthrough -Wrestrict -Warith-conversion -Wenum-conversion -D_GNU_SOURCE  -o CMakeFiles/cmTC_14f5b.dir/CheckSymbolExists.c.o -c /home/vitaliy/scand/build/CMakeFiles/CMakeScratch/TryCompile-pywcXY/CheckSymbolExists.c
/home/vitaliy/scand/build/CMakeFiles/CMakeScratch/TryCompile-pywcXY/CheckSymbolExists.c: In function ‘main’:
/home/vitaliy/scand/build/CMakeFiles/CMakeScratch/TryCompile-pywcXY/CheckSymbolExists.c:8:11: warning: ISO C forbids conversion of function pointer to object pointer type [-Wpedantic]
    8 |   return ((int*)(&fsetxattr))[argc];
      |           ^
Linking C executable cmTC_14f5b
/usr/bin/cmake -E cmake_link_script CMakeFiles/cmTC_14f5b.dir/link.txt --verbose=1
/usr/bin/cc  -Werror-implicit-function-declaration -W -Wall -pedantic -Wbad-function-cast -Wconversion -Wmissing-declarations -Wmissing-prototypes -Wnested-externs -Wno-long-long -Wno-multichar -Wpointer-arith -Wshadow -Wsign-compare -Wundef -Wunused -Wwrite-strings -Waddress -Wattributes -Wcast-align -Wcast-qual -Wdeclaration-after-statement -Wdiv-by-zero -Wempty-body -Wendif-labels -Wfloat-equal -Wformat-security -Wignored-qualifiers -Wmissing-field-initializers -Wmissing-noreturn -Wno-format-nonliteral -Wno-sign-conversion -Wno-system-headers -Wold-style-definition -Wredundant-decls -Wstrict-prototypes -Wtype-limits -Wunreachable-code -Wunused-parameter -Wvla -Wclobbered -Wmissing-parameter-type -Wold-style-declaration -Wpragmas -Wstrict-aliasing=3 -ftree-vrp -Wjump-misses-init -Wdouble-promotion -Wformat=2 -Wtrampolines -Warray-bounds=2 -Wduplicated-cond -Wnull-dereference -fdelete-null-pointer-checks -Wshift-negative-value -Wshift-overflow=2 -Wunused-const-variable -Walloc-zero -Wduplicated-branches -Wformat-truncation=2 -Wimplicit-fallthrough -Wrestrict -Warith-conversion -Wenum-conversion -D_GNU_SOURCE  CMakeFiles/cmTC_14f5b.dir/CheckSymbolExists.c.o -o cmTC_14f5b 
gmake[1]: выход из каталога «/home/vitaliy/scand/build/CMakeFiles/CMakeScratch/TryCompile-pywcXY»


File CheckSymbolExists.c:
/* */
#include <sys/xattr.h>

int main(int argc, char** argv)
{
  (void)argv;
#ifndef fsetxattr
  return ((int*)(&fsetxattr))[argc];
#else
  (void)argc;
  return 0;
#endif
}
Determining size of sa_family_t passed with the following output:
Change Dir: /home/vitaliy/scand/build/CMakeFiles/CMakeScratch/TryCompile-zDZeqq

Run Build Command(s):/usr/bin/gmake -f Makefile cmTC_949b2/fast && /usr/bin/gmake  -f CMakeFiles/cmTC_949b2.dir/build.make CMakeFiles/cmTC_949b2.dir/build
gmake[1]: вход в каталог «/home/vitaliy/scand/build/CMakeFiles/CMakeScratch/TryCompile-zDZeqq»
Building C object CMakeFiles/cmTC_949b2.dir/SIZEOF_SA_FAMILY_T.c.o
/usr/bin/cc   -Werror-implicit-function-declaration -W -Wall -pedantic -Wbad-function-cast -Wconversion -Wmissing-declarations -Wmissing-prototypes -Wnested-externs -Wno-long-long -Wno-multichar -Wpointer-arith -Wshadow -Wsign-compare -Wundef -Wunused -Wwrite-strings -Waddress -Wattributes -Wcast-align -Wcast-qual -Wdeclaration-after-statement -Wdiv-by-zero -Wempty-body -Wendif-labels -Wfloat-equal -Wformat-security -Wignored-qualifiers -Wmissing-field-initializers -Wmissing-noreturn -Wno-format-nonliteral -Wno-sign-conversion -Wno-system-headers -Wold-style-definition -Wredundant-decls -Wstrict-prototypes -Wtype-limits -Wunreachable-code -Wunused-parameter -Wvla -Wclobbered -Wmissing-parameter-type -Wold-style-declaration -Wpragmas -Wstrict-aliasing=3 -ftree-vrp -Wjump-misses-init -Wdouble-promotion -Wformat=2 -Wtrampolines -Warray-bounds=2 -Wduplicated-cond -Wnull-dereference -fdelete-null-pointer-checks -Wshift-negative-value -Wshift-overflow=2 -Wunused-const-variable -Walloc-zero -Wduplicated-branches -Wformat-truncation=2 -Wimplicit-fallthrough -Wrestrict -Warith-conversion -Wenum-conversion -D_GNU_SOURCE  -o CMakeFiles/cmTC_949b2.dir/SIZEOF_SA_FAMILY_T.c.o -c /home/vitaliy/scand/build/CMakeFiles/CMakeScratch/TryCompile-zDZeqq/SIZEOF_SA_FAMILY_T.c
Linking C executable cmTC_949b2
/usr/bin/cmake -E cmake_link_script CMakeFiles/cmTC_949b2.dir/link.txt --verbose=1
/usr/bin/cc  -Werror-implicit-function-declaration -W -Wall -pedantic -Wbad-function-cast -Wconversion -Wmissing-declarations -Wmissing-prototypes -Wnested-externs -Wno-long-long -Wno-multichar -Wpointer-arith -Wshadow -Wsign-compare -Wundef -Wunused -Wwrite-strings -Waddress -Wattributes -Wcast-align -Wcast-qual -Wdeclaration-after-statement -Wdiv-by-zero -Wempty-body -Wendif-labels -Wfloat-equal -Wformat-security -Wignored-qualifiers -Wmissing-field-initializers -Wmissing-noreturn -Wno-format-nonliteral -Wno-sign-conversion -Wno-system-headers -Wold-style-definition -Wredundant-decls -Wstrict-prototypes -Wtype-limits -Wunreachable-code -Wunused-parameter -Wvla -Wclobbered -Wmissing-parameter-type -Wold-style-declaration -Wpragmas -Wstrict-aliasing=3 -ftree-vrp -Wjump-misses-init -Wdouble-promotion -Wformat=2 -Wtrampolines -Warray-bounds=2 -Wduplicated-cond -Wnull-dereference -fdelete-null-pointer-checks -Wshift-negative-value -Wshift-overflow=2 -Wunused-const-variable -Walloc-zero -Wduplicated-branches -Wformat-truncation=2 -Wimplicit-fallthrough -Wrestrict -Warith-conversion -Wenum-conversion -D_GNU_SOURCE  CMakeFiles/cmTC_949b2.dir/SIZEOF_SA_FAMILY_T.c.o -o cmTC_949b2 
gmake[1]: выход из каталога «/home/vitaliy/scand/build/CMakeFiles/CMakeScratch/TryCompile-zDZeqq»



Determining size of off_t passed with the following output:
Change Dir: /home/vitaliy/scand/build/CMakeFiles/CMakeScratch/TryCompile-n0Qooj

Run Build Command(s):/usr/bin/gmake -f Makefile cmTC_97ea1/fast && /usr/bin/gmake  -f CMakeFiles/cmTC_97ea1.dir/build.make CMakeFiles/cmTC_97ea1.dir/build
gmake[1]: вход в каталог «/home/vitaliy/scand/build/CMakeFiles/CMakeScratch/TryCompile-n0Qooj»
Building C object CMakeFiles/cmTC_97ea1.dir/SIZEOF_OFF_T.c.o
/usr/bin/cc -D_FILE_OFFSET_BITS=64  -Werror-implicit-function-declaration -W -Wall -pedantic -Wbad-function-cast -Wconversion -Wmissing-declarations -Wmissing-prototypes -Wnested-externs -Wno-long-long -Wno-multichar -Wpointer-arith -Wshadow -Wsign-compare -Wundef -Wunused -Wwrite-strings -Waddress -Wattributes -Wcast-align -Wcast-qual -Wdeclaration-after-statement -Wdiv-by-zero -Wempty-body -Wendif-labels -Wfloat-equal -Wformat-security -Wignored-qualifiers -Wmissing-field-initializers -Wmissing-noreturn -Wno-format-nonliteral -Wno-sign-conversion -Wno-system-headers -Wold-style-definition -Wredundant-decls -Wstrict-prototypes -Wtype-limits -Wunreachable-code -Wunused-parameter -Wvla -Wclobbered -Wmissing-parameter-type -Wold-style-declaration -Wpragmas -Wstrict-aliasing=3 -ftree-vrp -Wjump-misses-init -Wdouble-promotion -Wformat=2 -Wtrampolines -Warray-bounds=2 -Wduplicated-cond -Wnull-dereference -fdelete-null-pointer-checks -Wshift-negative-value -Wshift-overflow=2 -Wunused-const-variable -Walloc-zero -Wduplicated-branches -Wformat-truncation=2 -Wimplicit-fallthrough -Wrestrict -Warith-conversion -Wenum-conversion -D_GNU_SOURCE  -o CMakeFiles/cmTC_97ea1.dir/SIZEOF_OFF_T.c.o -c /home/vitaliy/scand/build/CMakeFiles/CMakeScratch/TryCompile-n0Qooj/SIZEOF_OFF_T.c
Linking C executable cmTC_97ea1
/usr/bin/cmake -E cmake_link_script CMakeFiles/cmTC_97ea1.dir/link.txt --verbose=1
/usr/bin/cc  -Werror-implicit-function-declaration -W -Wall -pedantic -Wbad-function-cast -Wconversion -Wmissing-declarations -Wmissing-prototypes -Wnested-externs -Wno-long-long -Wno-multichar -Wpointer-arith -Wshadow -Wsign-compare -Wundef -Wunused -Wwrite-strings -Waddress -Wattributes -Wcast-align -Wcast-qual -Wdeclaration-after-statement -Wdiv-by-zero -Wempty-body -Wendif-labels -Wfloat-equal -Wformat-security -Wignored-qualifiers -Wmissing-field-initializers -Wmissing-noreturn -Wno-format-nonliteral -Wno-sign-conversion -Wno-system-headers -Wold-style-definition -Wredundant-decls -Wstrict-prototypes -Wtype-limits -Wunreachable-code -Wunused-parameter -Wvla -Wclobbered -Wmissing-parameter-type -Wold-style-declaration -Wpragmas -Wstrict-aliasing=3 -ftree-vrp -Wjump-misses-init -Wdouble-promotion -Wformat=2 -Wtrampolines -Warray-bounds=2 -Wduplicated-cond -Wnull-dereference -fdelete-null-pointer-checks -Wshift-negative-value -Wshift-overflow=2 -Wunused-const-variable -Walloc-zero -Wduplicated-branches -Wformat-truncation=2 -Wimplicit-fallthrough -Wrestrict -Warith-conversion -Wenum-conversion -D_GNU_SOURCE  CMakeFiles/cmTC_97ea1.dir/SIZEOF_OFF_T.c.o -o cmTC_97ea1 
gmake[1]: выход из каталога «/home/vitaliy/scand/build/CMakeFiles/CMakeScratch/TryCompile-n0Qooj»



Determining size of curl_off_t passed with the following output:
Change Dir: /home/vitaliy/scand/build/CMakeFiles/CMakeScratch/TryCompile-dVQJ0e

Run Build Command(s):/usr/bin/gmake -f Makefile cmTC_ee563/fast && /usr/bin/gmake  -f CMakeFiles/cmTC_ee563.dir/build.make CMakeFiles/cmTC_ee563.dir/build
gmake[1]: вход в каталог «/home/vitaliy/scand/build/CMakeFiles/CMakeScratch/TryCompile-dVQJ0e»
Building C object CMakeFiles/cmTC_ee563.dir/SIZEOF_CURL_OFF_T.c.o
/usr/bin/cc -D_FILE_OFFSET_BITS=64 -I/home/vitaliy/scand/build/_deps/curl-src/include -Werror-implicit-function-declaration -W -Wall -pedantic -Wbad-function-cast -Wconversion -Wmissing-declarations -Wmissing-prototypes -Wnested-externs -Wno-long-long -Wno-multichar -Wpointer-arith -Wshadow -Wsign-compare -Wundef -Wunused -Wwrite-strings -Waddress -Wattributes -Wcast-align -Wcast-qual -Wdeclaration-after-statement -Wdiv-by-zero -Wempty-body -Wendif-labels -Wfloat-equal -Wformat-security -Wignored-qualifiers -Wmissing-field-initializers -Wmissing-noreturn -Wno-format-nonliteral -Wno-sign-conversion -Wno-system-headers -Wold-style-definition -Wredundant-decls -Wstrict-prototypes -Wtype-limits -Wunreachable-code -Wunused-parameter -Wvla -Wclobbered -Wmissing-parameter-type -Wold-style-declaration -Wpragmas -Wstrict-aliasing=3 -ftree-vrp -Wjump-misses-init -Wdouble-promotion -Wformat=2 -Wtrampolines -Warray-bounds=2 -Wduplicated-cond -Wnull-dereference -fdelete-null-pointer-checks -Wshift-negative-value -Wshift-overflow=2 -Wunused-const-variable -Walloc-zero -Wduplicated-branches -Wformat-truncation=2 -Wimplicit-fallthrough -Wrestrict -Warith-conversion -Wenum-conversion -D_GNU_SOURCE  -o CMakeFiles/cmTC_ee563.dir/SIZEOF_CURL_OFF_T.c.o -c /home/vitaliy/scand/build/CMakeFiles/CMakeScratch/TryCompile-dVQJ0e/SIZEOF_CURL_OFF_T.c
Linking C executable cmTC_ee563
/usr/bin/cmake -E cmake_link_script CMakeFiles/cmTC_ee563.dir/link.txt --verbose=1
/usr/bin/cc  -Werror-implicit-function-declaration -W -Wall -pedantic -Wbad-function-cast -Wconversion -Wmissing-declarations -Wmissing-prototypes -Wnested-externs -Wno-long-long -Wno-multichar -Wpointer-arith -Wshadow -Wsign-compare -Wundef -Wunused -Wwrite-strings -Waddress -Wattributes -Wcast-align -Wcast-qual -Wdeclaration-after-statement -Wdiv-by-zero -Wempty-body -Wendif-labels -Wfloat-equal -Wformat-security -Wignored-qualifiers -Wmissing-field-initializers -Wmissing-noreturn -Wno-format-nonliteral -Wno-sign-conversion -Wno-system-headers -Wold-style-definition -Wredundant-decls -Wstrict-prototypes -Wtype-limits -Wunreachable-code -Wunused-parameter -Wvla -Wclobbered -Wmissing-parameter-type -Wold-style-declaration -Wpragmas -Wstrict-aliasing=3 -ftree-vrp -Wjump-misses-init -Wdouble-promotion -Wformat=2 -Wtrampolines -Warray-bounds=2 -Wduplicated-cond -Wnull-dereference -fdelete-null-pointer-checks -Wshift-negative-value -Wshift-overflow=2 -Wunused-const-variable -Walloc-zero -Wduplicated-branches -Wformat-truncation=2 -Wimplicit-fallthrough -Wrestrict -Warith-conversion -Wenum-conversion -D_GNU_SOURCE  CMakeFiles/cmTC_ee563.dir/SIZEOF_CURL_OFF_T.c.o -o cmTC_ee563 
gmake[1]: выход из каталога «/home/vitaliy/scand/build/CMakeFiles/CMakeScratch/TryCompile-dVQJ0e»



Determining size of curl_socket_t passed with the following output:
Change Dir: /home/vitaliy/scand/build/CMakeFiles/CMakeScratch/TryCompile-W1RNz3

Run Build Command(s):/usr/bin/gmake -f Makefile cmTC_7927b/fast && /usr/bin/gmake  -f CMakeFiles/cmTC_7927b.dir/build.make CMakeFiles/cmTC_7927b.dir/build
gmake[1]: вход в каталог «/home/vitaliy/scand/build/CMakeFiles/CMakeScratch/TryCompile-W1RNz3»
Building C object CMakeFiles/cmTC_7927b.dir/SIZEOF_CURL_SOCKET_T.c.o
/usr/bin/cc -D_FILE_OFFSET_BITS=64 -I/home/vitaliy/scand/build/_deps/curl-src/include -Werror-implicit-function-declaration -W -Wall -pedantic -Wbad-function-cast -Wconversion -Wmissing-declarations -Wmissing-prototypes -Wnested-externs -Wno-long-long -Wno-multichar -Wpointer-arith -Wshadow -Wsign-compare -Wundef -Wunused -Wwrite-strings -Waddress -Wattributes -Wcast-align -Wcast-qual -Wdeclaration-after-statement -Wdiv-by-zero -Wempty-body -Wendif-labels -Wfloat-equal -Wformat-security -Wignored-qualifiers -Wmissing-field-initializers -Wmissing-noreturn -Wno-format-nonliteral -Wno-sign-conversion -Wno-system-headers -Wold-style-definition -Wredundant-decls -Wstrict-prototypes -Wtype-limits -Wunreachable-code -Wunused-parameter -Wvla -Wclobbered -Wmissing-parameter-type -Wold-style-declaration -Wpragmas -Wstrict-aliasing=3 -ftree-vrp -Wjump-misses-init -Wdouble-promotion -Wformat=2 -Wtrampolines -Warray-bounds=2 -Wduplicated-cond -Wnull-dereference -fdelete-null-pointer-checks -Wshift-negative-value -Wshift-overflow=2 -Wunused-const-variable -Walloc-zero -Wduplicated-branches -Wformat-truncation=2 -Wimplicit-fallthrough -Wrestrict -Warith-conversion -Wenum-conversion -D_GNU_SOURCE  -o CMakeFiles/cmTC_7927b.dir/SIZEOF_CURL_SOCKET_T.c.o -c /home/vitaliy/scand/build/CMakeFiles/CMakeScratch/TryCompile-W1RNz3/SIZEOF_CURL_SOCKET_T.c
Linking C executable cmTC_7927b
/usr/bin/cmake -E cmake_link_script CMakeFiles/cmTC_7927b.dir/link.txt --verbose=1
/usr/bin/cc  -Werror-implicit-function-declaration -W -Wall -pedantic -Wbad-function-cast -Wconversion -Wmissing-declarations -Wmissing-prototypes -Wnested-externs -Wno-long-long -Wno-multichar -Wpointer-arith -Wshadow -Wsign-compare -Wundef -Wunused -Wwrite-strings -Waddress -Wattributes -Wcast-align -Wcast-qual -Wdeclaration-after-statement -Wdiv-by-zero -Wempty-body -Wendif-labels -Wfloat-equal -Wformat-security -Wignored-qualifiers -Wmissing-field-initializers -Wmissing-noreturn -Wno-format-nonliteral -Wno-sign-conversion -Wno-system-headers -Wold-style-definition -Wredundant-decls -Wstrict-prototypes -Wtype-limits -Wunreachable-code -Wunused-parameter -Wvla -Wclobbered -Wmissing-parameter-type -Wold-style-declaration -Wpragmas -Wstrict-aliasing=3 -ftree-vrp -Wjump-misses-init -Wdouble-promotion -Wformat=2 -Wtrampolines -Warray-bounds=2 -Wduplicated-cond -Wnull-dereference -fdelete-null-pointer-checks -Wshift-negative-value -Wshift-overflow=2 -Wunused-const-variable -Walloc-zero -Wduplicated-branches -Wformat-truncation=2 -Wimplicit-fallthrough -Wrestrict -Warith-conversion -Wenum-conversion -D_GNU_SOURCE  CMakeFiles/cmTC_7927b.dir/SIZEOF_CURL_SOCKET_T.c.o -o cmTC_7927b 
gmake[1]: выход из каталога «/home/vitaliy/scand/build/CMakeFiles/CMakeScratch/TryCompile-W1RNz3»



Performing C SOURCE FILE Test HAVE_WRITABLE_ARGV succeeded with the following compile output:
Change Dir: /home/vitaliy/scand/build/CMakeFiles/CMakeScratch/TryCompile-6kq2S9

Run Build Command(s):/usr/bin/gmake -f Makefile cmTC_d6165/fast && /usr/bin/gmake  -f CMakeFiles/cmTC_d6165.dir/build.make CMakeFiles/cmTC_d6165.dir/build
gmake[1]: вход в каталог «/home/vitaliy/scand/build/CMakeFiles/CMakeScratch/TryCompile-6kq2S9»
Building C object CMakeFiles/cmTC_d6165.dir/src.c.o
/usr/bin/cc -DHAVE_WRITABLE_ARGV  -Werror-implicit-function-declaration -W -Wall -pedantic -Wbad-function-cast -Wconversion -Wmissing-declarations -Wmissing-prototypes -Wnested-externs -Wno-long-long -Wno-multichar -Wpointer-arith -Wshadow -Wsign-compare -Wundef -Wunused -Wwrite-strings -Waddress -Wattributes -Wcast-align -Wcast-qual -Wdeclaration-after-statement -Wdiv-by-zero -Wempty-body -Wendif-labels -Wfloat-equal -Wformat-security -Wignored-qualifiers -Wmissing-field-initializers -Wmissing-noreturn -Wno-format-nonliteral -Wno-sign-conversion -Wno-system-headers -Wold-style-definition -Wredundant-decls -Wstrict-prototypes -Wtype-limits -Wunreachable-code -Wunused-parameter -Wvla -Wclobbered -Wmissing-parameter-type -Wold-style-declaration -Wpragmas -Wstrict-aliasing=3 -ftree-vrp -Wjump-misses-init -Wdouble-promotion -Wformat=2 -Wtrampolines -Warray-bounds=2 -Wduplicated-cond -Wnull-dereference -fdelete-null-pointer-checks -Wshift-negative-value -Wshift-overflow=2 -Wunused-const-variable -Walloc-zero -Wduplicated-branches -Wformat-truncation=2 -Wimplicit-fallthrough -Wrestrict -Warith-conversion -Wenum-conversion -D_GNU_SOURCE  -o CMakeFiles/cmTC_d6165.dir/src.c.o -c /home/vitaliy/scand/build/CMakeFiles/CMakeScratch/TryCompile-6kq2S9/src.c
Linking C executable cmTC_d6165
/usr/bin/cmake -E cmake_link_script CMakeFiles/cmTC_d6165.dir/link.txt --verbose=1
/usr/bin/cc  -Werror-implicit-function-declaration -W -Wall -pedantic -Wbad-function-cast -Wconversion -Wmissing-declarations -Wmissing-prototypes -Wnested-externs -Wno-long-long -Wno-multichar -Wpointer-arith -Wshadow -Wsign-compare -Wundef -Wunused -Wwrite-strings -Waddress -Wattributes -Wcast-align -Wcast-qual -Wdeclaration-after-statement -Wdiv-by-zero -Wempty-body -Wendif-labels -Wfloat-equal -Wformat-security -Wignored-qualifiers -Wmissing-field-initializers -Wmissing-noreturn -Wno-format-nonliteral -Wno-sign-conversion -Wno-system-headers -Wold-style-definition -Wredundant-decls -Wstrict-prototypes -Wtype-limits -Wunreachable-code -Wunused-parameter -Wvla -Wclobbered -Wmissing-parameter-type -Wold-style-declaration -Wpragmas -Wstrict-aliasing=3 -ftree-vrp -Wjump-misses-init -Wdouble-promotion -Wformat=2 -Wtrampolines -Warray-bounds=2 -Wduplicated-cond -Wnull-dereference -fdelete-null-pointer-checks -Wshift-negative-value -Wshift-overflow=2 -Wunused-const-variable -Walloc-zero -Wduplicated-branches -Wformat-truncation=2 -Wimplicit-fallthrough -Wrestrict -Warith-conversion -Wenum-conversion -D_GNU_SOURCE  CMakeFiles/cmTC_d6165.dir/src.c.o -o cmTC_d6165 
gmake[1]: выход из каталога «/home/vitaliy/scand/build/CMakeFiles/CMakeScratch/TryCompile-6kq2S9»


...and run output:

Return value: 1
Source file was:

    int main(int argc, char **argv)
    {
      (void)argc;
      argv[0][0] = ' ';
      return (argv[0][0] == ' ')?0:1;
    }

Determining size of struct sockaddr_storage passed with the following output:
Change Dir: /home/vitaliy/scand/build/CMakeFiles/CMakeScratch/TryCompile-BdMEEi

Run Build Command(s):/usr/bin/gmake -f Makefile cmTC_ccab9/fast && /usr/bin/gmake  -f CMakeFiles/cmTC_ccab9.dir/build.make CMakeFiles/cmTC_ccab9.dir/build
gmake[1]: вход в каталог «/home/vitaliy/scand/build/CMakeFiles/CMakeScratch/TryCompile-BdMEEi»
Building C object CMakeFiles/cmTC_ccab9.dir/SIZEOF_STRUCT_SOCKADDR_STORAGE.c.o
/usr/bin/cc   -Werror-implicit-function-declaration -W -Wall -pedantic -Wbad-function-cast -Wconversion -Wmissing-declarations -Wmissing-prototypes -Wnested-externs -Wno-long-long -Wno-multichar -Wpointer-arith -Wshadow -Wsign-compare -Wundef -Wunused -Wwrite-strings -Waddress -Wattributes -Wcast-align -Wcast-qual -Wdeclaration-after-statement -Wdiv-by-zero -Wempty-body -Wendif-labels -Wfloat-equal -Wformat-security -Wignored-qualifiers -Wmissing-field-initializers -Wmissing-noreturn -Wno-format-nonliteral -Wno-sign-conversion -Wno-system-headers -Wold-style-definition -Wredundant-decls -Wstrict-prototypes -Wtype-limits -Wunreachable-code -Wunused-parameter -Wvla -Wclobbered -Wmissing-parameter-type -Wold-style-declaration -Wpragmas -Wstrict-aliasing=3 -ftree-vrp -Wjump-misses-init -Wdouble-promotion -Wformat=2 -Wtrampolines -Warray-bounds=2 -Wduplicated-cond -Wnull-dereference -fdelete-null-pointer-checks -Wshift-negative-value -Wshift-overflow=2 -Wunused-const-variable -Walloc-zero -Wduplicated-branches -Wformat-truncation=2 -Wimplicit-fallthrough -Wrestrict -Warith-conversion -Wenum-conversion -D_GNU_SOURCE  -o CMakeFiles/cmTC_ccab9.dir/SIZEOF_STRUCT_SOCKADDR_STORAGE.c.o -c /home/vitaliy/scand/build/CMakeFiles/CMakeScratch/TryCompile-BdMEEi/SIZEOF_STRUCT_SOCKADDR_STORAGE.c
Linking C static library libcmTC_ccab9.a
/usr/bin/cmake -P CMakeFiles/cmTC_ccab9.dir/cmake_clean_target.cmake
/usr/bin/cmake -E cmake_link_script CMakeFiles/cmTC_ccab9.dir/link.txt --verbose=1
/usr/bin/ar qc libcmTC_ccab9.a CMakeFiles/cmTC_ccab9.dir/SIZEOF_STRUCT_SOCKADDR_STORAGE.c.o
/usr/bin/ranlib libcmTC_ccab9.a
gmake[1]: выход из каталога «/home/vitaliy/scand/build/CMakeFiles/CMakeScratch/TryCompile-BdMEEi»



Performing C SOURCE FILE Test HAVE_MSG_NOSIGNAL succeeded with the following output:
Change Dir: /home/vitaliy/scand/build/CMakeFiles/CMakeScratch/TryCompile-Vjo2RQ

Run Build Command(s):/usr/bin/gmake -f Makefile cmTC_def7f/fast && /usr/bin/gmake  -f CMakeFiles/cmTC_def7f.dir/build.make CMakeFiles/cmTC_def7f.dir/build
gmake[1]: вход в каталог «/home/vitaliy/scand/build/CMakeFiles/CMakeScratch/TryCompile-Vjo2RQ»
Building C object CMakeFiles/cmTC_def7f.dir/src.c.o
/usr/bin/cc -DHAVE_MSG_NOSIGNAL  -Werror-implicit-function-declaration -W -Wall -pedantic -Wbad-function-cast -Wconversion -Wmissing-declarations -Wmissing-prototypes -Wnested-externs -Wno-long-long -Wno-multichar -Wpointer-arith -Wshadow -Wsign-compare -Wundef -Wunused -Wwrite-strings -Waddress -Wattributes -Wcast-align -Wcast-qual -Wdeclaration-after-statement -Wdiv-by-zero -Wempty-body -Wendif-labels -Wfloat-equal -Wformat-security -Wignored-qualifiers -Wmissing-field-initializers -Wmissing-noreturn -Wno-format-nonliteral -Wno-sign-conversion -Wno-system-headers -Wold-style-definition -Wredundant-decls -Wstrict-prototypes -Wtype-limits -Wunreachable-code -Wunused-parameter -Wvla -Wclobbered -Wmissing-parameter-type -Wold-style-declaration -Wpragmas -Wstrict-aliasing=3 -ftree-vrp -Wjump-misses-init -Wdouble-promotion -Wformat=2 -Wtrampolines -Warray-bounds=2 -Wduplicated-cond -Wnull-dereference -fdelete-null-pointer-checks -Wshift-negative-value -Wshift-overflow=2 -Wunused-const-variable -Walloc-zero -Wduplicated-branches -Wformat-truncation=2 -Wimplicit-fallthrough -Wrestrict -Warith-conversion -Wenum-conversion -D_GNU_SOURCE  -o CMakeFiles/cmTC_def7f.dir/src.c.o -c /home/vitaliy/scand/build/CMakeFiles/CMakeScratch/TryCompile-Vjo2RQ/src.c
Linking C static library libcmTC_def7f.a
/usr/bin/cmake -P CMakeFiles/cmTC_def7f.dir/cmake_clean_target.cmake
/usr/bin/cmake -E cmake_link_script CMakeFiles/cmTC_def7f.dir/link.txt --verbose=1
/usr/bin/ar qc libcmTC_def7f.a CMakeFiles/cmTC_def7f.dir/src.c.o
/usr/bin/ranlib libcmTC_def7f.a
gmake[1]: выход из каталога «/home/vitaliy/scand/build/CMakeFiles/CMakeScratch/TryCompile-Vjo2RQ»


Source file was:
#undef inline
      #include <sys/types.h>
      #include <sys/socket.h>
    int main(void)
    {
      int flag = MSG_NOSIGNAL;
      (void)flag;
      return 0;
    }

Performing C SOURCE FILE Test HAVE_STRUCT_TIMEVAL succeeded with the following output:
Change Dir: /home/vitaliy/scand/build/CMakeFiles/CMakeScratch/TryCompile-xKaOk4

Run Build Command(s):/usr/bin/gmake -f Makefile cmTC_cd6a2/fast && /usr/bin/gmake  -f CMakeFiles/cmTC_cd6a2.dir/build.make CMakeFiles/cmTC_cd6a2.dir/build
gmake[1]: вход в каталог «/home/vitaliy/scand/build/CMakeFiles/CMakeScratch/TryCompile-xKaOk4»
Building C object CMakeFiles/cmTC_cd6a2.dir/src.c.o
/usr/bin/cc -DHAVE_STRUCT_TIMEVAL  -Werror-implicit-function-declaration -W -Wall -pedantic -Wbad-function-cast -Wconversion -Wmissing-declarations -Wmissing-prototypes -Wnested-externs -Wno-long-long -Wno-multichar -Wpointer-arith -Wshadow -Wsign-compare -Wundef -Wunused -Wwrite-strings -Waddress -Wattributes -Wcast-align -Wcast-qual -Wdeclaration-after-statement -Wdiv-by-zero -Wempty-body -Wendif-labels -Wfloat-equal -Wformat-security -Wignored-qualifiers -Wmissing-field-initializers -Wmissing-noreturn -Wno-format-nonliteral -Wno-sign-conversion -Wno-system-headers -Wold-style-definition -Wredundant-decls -Wstrict-prototypes -Wtype-limits -Wunreachable-code -Wunused-parameter -Wvla -Wclobbered -Wmissing-parameter-type -Wold-style-declaration -Wpragmas -Wstrict-aliasing=3 -ftree-vrp -Wjump-misses-init -Wdouble-promotion -Wformat=2 -Wtrampolines -Warray-bounds=2 -Wduplicated-cond -Wnull-dereference -fdelete-null-pointer-checks -Wshift-negative-value -Wshift-overflow=2 -Wunused-const-variable -Walloc-zero -Wduplicated-branches -Wformat-truncation=2 -Wimplicit-fallthrough -Wrestrict -Warith-conversion -Wenum-conversion -D_GNU_SOURCE  -o CMakeFiles/cmTC_cd6a2.dir/src.c.o -c /home/vitaliy/scand/build/CMakeFiles/CMakeScratch/TryCompile-xKaOk4/src.c
Linking C static library libcmTC_cd6a2.a
/usr/bin/cmake -P CMakeFiles/cmTC_cd6a2.dir/cmake_clean_target.cmake
/usr/bin/cmake -E cmake_link_script CMakeFiles/cmTC_cd6a2.dir/link.txt --verbose=1
/usr/bin/ar qc libcmTC_cd6a2.a CMakeFiles/cmTC_cd6a2.dir/src.c.o
/usr/bin/ranlib libcmTC_cd6a2.a
gmake[1]: выход из каталога «/home/vitaliy/scand/build/CMakeFiles/CMakeScratch/TryCompile-xKaOk4»


Source file was:
#undef inline
      #include <sys/time.h>
  #ifdef _MSC_VER
  #include <winsock2.h>
  #endif
  #include <time.h>
  int main(void)
  {
    struct timeval ts;
    ts.tv_sec  = 0;
    ts.tv_usec = 0;
    (void)ts;
    return 0;
  }

Performing C SOURCE FILE Test HAVE_H_ERRNO succeeded with the following output:
Change Dir: /home/vitaliy/scand/build/CMakeFiles/CMakeScratch/TryCompile-xa1YO8

Run Build Command(s):/usr/bin/gmake -f Makefile cmTC_0ef80/fast && /usr/bin/gmake  -f CMakeFiles/cmTC_0ef80.dir/build.make CMakeFiles/cmTC_0ef80.dir/build
gmake[1]: вход в каталог «/home/vitaliy/scand/build/CMakeFiles/CMakeScratch/TryCompile-xa1YO8»
Building C object CMakeFiles/cmTC_0ef80.dir/src.c.o
/usr/bin/cc -DHAVE_H_ERRNO  -Werror-implicit-function-declaration -W -Wall -pedantic -Wbad-function-cast -Wconversion -Wmissing-declarations -Wmissing-prototypes -Wnested-externs -Wno-long-long -Wno-multichar -Wpointer-arith -Wshadow -Wsign-compare -Wundef -Wunused -Wwrite-strings -Waddress -Wattributes -Wcast-align -Wcast-qual -Wdeclaration-after-statement -Wdiv-by-zero -Wempty-body -Wendif-labels -Wfloat-equal -Wformat-security -Wignored-qualifiers -Wmissing-field-initializers -Wmissing-noreturn -Wno-format-nonliteral -Wno-sign-conversion -Wno-system-headers -Wold-style-definition -Wredundant-decls -Wstrict-prototypes -Wtype-limits -Wunreachable-code -Wunused-parameter -Wvla -Wclobbered -Wmissing-parameter-type -Wold-style-declaration -Wpragmas -Wstrict-aliasing=3 -ftree-vrp -Wjump-misses-init -Wdouble-promotion -Wformat=2 -Wtrampolines -Warray-bounds=2 -Wduplicated-cond -Wnull-dereference -fdelete-null-pointer-checks -Wshift-negative-value -Wshift-overflow=2 -Wunused-const-variable -Walloc-zero -Wduplicated-branches -Wformat-truncation=2 -Wimplicit-fallthrough -Wrestrict -Warith-conversion -Wenum-conversion -D_GNU_SOURCE  -o CMakeFiles/cmTC_0ef80.dir/src.c.o -c /home/vitaliy/scand/build/CMakeFiles/CMakeScratch/TryCompile-xa1YO8/src.c
Linking C executable cmTC_0ef80
/usr/bin/cmake -E cmake_link_script CMakeFiles/cmTC_0ef80.dir/link.txt --verbose=1
/usr/bin/cc  -Werror-implicit-function-declaration -W -Wall -pedantic -Wbad-function-cast -Wconversion -Wmissing-declarations -Wmissing-prototypes -Wnested-externs -Wno-long-long -Wno-multichar -Wpointer-arith -Wshadow -Wsign-compare -Wundef -Wunused -Wwrite-strings -Waddress -Wattributes -Wcast-align -Wcast-qual -Wdeclaration-after-statement -Wdiv-by-zero -Wempty-body -Wendif-labels -Wfloat-equal -Wformat-security -Wignored-qualifiers -Wmissing-field-initializers -Wmissing-noreturn -Wno-format-nonliteral -Wno-sign-conversion -Wno-system-headers -Wold-style-definition -Wredundant-decls -Wstrict-prototypes -Wtype-limits -Wunreachable-code -Wunused-parameter -Wvla -Wclobbered -Wmissing-parameter-type -Wold-style-declaration -Wpragmas -Wstrict-aliasing=3 -ftree-vrp -Wjump-misses-init -Wdouble-promotion -Wformat=2 -Wtrampolines -Warray-bounds=2 -Wduplicated-cond -Wnull-dereference -fdelete-null-pointer-checks -Wshift-negative-value -Wshift-overflow=2 -Wunused-const-variable -Walloc-zero -Wduplicated-branches -Wformat-truncation=2 -Wimplicit-fallthrough -Wrestrict -Warith-conversion -Wenum-conversion -D_GNU_SOURCE  CMakeFiles/cmTC_0ef80.dir/src.c.o -o cmTC_0ef80 
gmake[1]: выход из каталога «/home/vitaliy/scand/build/CMakeFiles/CMakeScratch/TryCompile-xa1YO8»


Source file was:
#undef inline
      #include <sys/socket.h>
      #include <sys/time.h>
      #include <netdb.h>
    int main(void)
    {
    #ifndef h_errno
      #error force compilation error
    #endif
      return 0;
    }

Performing C SOURCE FILE Test HAVE_CLOCK_GETTIME_MONOTONIC_RAW succeeded with the following output:
Change Dir: /home/vitaliy/scand/build/CMakeFiles/CMakeScratch/TryCompile-CCExF1

Run Build Command(s):/usr/bin/gmake -f Makefile cmTC_fecfc/fast && /usr/bin/gmake  -f CMakeFiles/cmTC_fecfc.dir/build.make CMakeFiles/cmTC_fecfc.dir/build
gmake[1]: вход в каталог «/home/vitaliy/scand/build/CMakeFiles/CMakeScratch/TryCompile-CCExF1»
Building C object CMakeFiles/cmTC_fecfc.dir/src.c.o
/usr/bin/cc -DHAVE_CLOCK_GETTIME_MONOTONIC_RAW  -Werror-implicit-function-declaration -W -Wall -pedantic -Wbad-function-cast -Wconversion -Wmissing-declarations -Wmissing-prototypes -Wnested-externs -Wno-long-long -Wno-multichar -Wpointer-arith -Wshadow -Wsign-compare -Wundef -Wunused -Wwrite-strings -Waddress -Wattributes -Wcast-align -Wcast-qual -Wdeclaration-after-statement -Wdiv-by-zero -Wempty-body -Wendif-labels -Wfloat-equal -Wformat-security -Wignored-qualifiers -Wmissing-field-initializers -Wmissing-noreturn -Wno-format-nonliteral -Wno-sign-conversion -Wno-system-headers -Wold-style-definition -Wredundant-decls -Wstrict-prototypes -Wtype-limits -Wunreachable-code -Wunused-parameter -Wvla -Wclobbered -Wmissing-parameter-type -Wold-style-declaration -Wpragmas -Wstrict-aliasing=3 -ftree-vrp -Wjump-misses-init -Wdouble-promotion -Wformat=2 -Wtrampolines -Warray-bounds=2 -Wduplicated-cond -Wnull-dereference -fdelete-null-pointer-checks -Wshift-negative-value -Wshift-overflow=2 -Wunused-const-variable -Walloc-zero -Wduplicated-branches -Wformat-truncation=2 -Wimplicit-fallthrough -Wrestrict -Warith-conversion -Wenum-conversion -D_GNU_SOURCE  -o CMakeFiles/cmTC_fecfc.dir/src.c.o -c /home/vitaliy/scand/build/CMakeFiles/CMakeScratch/TryCompile-CCExF1/src.c
Linking C executable cmTC_fecfc
/usr/bin/cmake -E cmake_link_script CMakeFiles/cmTC_fecfc.dir/link.txt --verbose=1
/usr/bin/cc  -Werror-implicit-function-declaration -W -Wall -pedantic -Wbad-function-cast -Wconversion -Wmissing-declarations -Wmissing-prototypes -Wnested-externs -Wno-long-long -Wno-multichar -Wpointer-arith -Wshadow -Wsign-compare -Wundef -Wunused -Wwrite-strings -Waddress -Wattributes -Wcast-align -Wcast-qual -Wdeclaration-after-statement -Wdiv-by-zero -Wempty-body -Wendif-labels -Wfloat-equal -Wformat-security -Wignored-qualifiers -Wmissing-field-initializers -Wmissing-noreturn -Wno-format-nonliteral -Wno-sign-conversion -Wno-system-headers -Wold-style-definition -Wredundant-decls -Wstrict-prototypes -Wtype-limits -Wunreachable-code -Wunused-parameter -Wvla -Wclobbered -Wmissing-parameter-type -Wold-style-declaration -Wpragmas -Wstrict-aliasing=3 -ftree-vrp -Wjump-misses-init -Wdouble-promotion -Wformat=2 -Wtrampolines -Warray-bounds=2 -Wduplicated-cond -Wnull-dereference -fdelete-null-pointer-checks -Wshift-negative-value -Wshift-overflow=2 -Wunused-const-variable -Walloc-zero -Wduplicated-branches -Wformat-truncation=2 -Wimplicit-fallthrough -Wrestrict -Warith-conversion -Wenum-conversion -D_GNU_SOURCE  CMakeFiles/cmTC_fecfc.dir/src.c.o -o cmTC_fecfc 
gmake[1]: выход из каталога «/home/vitaliy/scand/build/CMakeFiles/CMakeScratch/TryCompile-CCExF1»


Source file was:
#undef inline
      #include <sys/types.h>
      #include <sys/time.h>
    #include <time.h>
    int main(void)
    {
      struct timespec ts;
      (void)clock_gettime(CLOCK_MONOTONIC_RAW, &ts);
      return 0;
    }

